Date,Genre,format?, language ,binding,audience,Publisher?,series,EDITION, illustrated ,AWARD WINNING,BESTSELLER TIER,age_group,Region Setting,authorNationality,Signed?,pages,Chapters,WORD COUNT,rating ⭐?,PRINT RUN, rrp£ ,discount %,stock_units,reprints/,FILM RIGHTS £
2021-09-22,biography,paperback,FRENCH,Stapled,missing,simon_&_schuster,NaN,2nd,no,yes,top-10,6-12,asia,us, no ,£1404,18138," 5,668",8702,"12,499",9850,16691,6668,19738,missing
-999,sci-fi,HARDBACK, German ,Stapled,adult,,Yes,1st,No,no,top-10,18+, oceania ,canada, NO ,£880,£5127,8612,18684,   328,7241,16570,2038,7094,
"Oct 24, 2024",history,NA,spanish,spiral,children,penguin,-999,3rd,Yes,NaN,LONG-TAIL,NaN,OCEANIA,canada,no,"15,424",16239,£7307,4074,5976,£16794,missing,17666,£10703,14466
14/09/2024,fantasy,hardback,french,glue, Ya ,simon&Schuster, yes ,1st,no,NO,top-100,6-12,africa,india,yes,2725," 9,554",13273,2167,4178," 2,600",13850,NaN,"11,368",15054
23/07/2023,Biography,PAPERBACK,english,SEWN,Children,Simon & Schuster,missing,Revised, NO ,Yes,top-100,0-5,Americas,US,no,NA,£7781,£11869,779,NA,£5224,5906," 6,468","18,277",12787
"Apr 18, 2022",sci-Fi,ebook,german,NA,CHILDREN,penguin,yes,1st,yes, yes ,TOP-100,13-17,-999,INDIA,no,£16975,4406,4066,£3226,£18655,missing,4645," 5,896",9070,18045
21/10/2024,FANTASY,AUDIOBOOK,french,sewn,,penguin, Yes ,3rd,YES, no ,top-10,18+,NA,india,Yes," 6,912",£819,604,"17,032",14986,7505,7983,9068," 8,796",13475
2021-02-08,History,Hardback,English,stapled,YA, SIMON & SCHUSTER ,NO,1ST,no,no,top-10,6-12,europe,Canada,NO,,1561,NA,£17788,"19,989",14327,3410,£4675,15031,£138
,fantasy,ebook,Japanese,-999,ya,NaN,missing,1st,NA,no,top-10,6-12,europe,-999,No,2422,16066,2696,4764,18197,£1024,£5362,15052," 1,255","13,846"
2022-05-03,BIOGRAPHY,Ebook,GERMAN,spiral,NA,SIMON & SCHUSTER,yes,REVISED,no,,top-10,0-5,oceania,-999,yes,19306,18510,9949," 1,882",10215,"12,828",12382,-999,3712,£6573
2023-03-01,,ebook,spanish,stapled,ya,penguin,YES,3rd,YES, no ,long-tail,missing,OCEANIA, japan ,Yes,NA,6197,16748,11402,764," 7,719",1004,7600,£10965,5953
2023-07-21,History,ebook,-999,Spiral,YA,macmillan,no,revised,NO,yes,TOP-10,13-17,oceania, JAPAN ,no,,,NA,6759,£8304,16366,-999,£10383,17038,£16208
"Apr 03, 2021",thriller,ebook,spanish,-999,ya,Penguin,yes,NaN,NaN,NO,Top-10,18+,europe,US,YES,2393,15248,15143,8142,missing,£19000,£19680,1063,4689," 5,058"
2022-06-11,BIOGRAPHY,Hardback,English,glue,YA,Penguin,NO,revised,No,yes,top-10,13-17,oceania,Us,NO,19016,16221,16461,17741,-999,2468,missing,£7199," 8,435",7569
2021-09-26,romance,EBOOK,ENGLISH,SPIRAL,ya, PENGUIN , Yes ,3RD,no,yes,top-10,6-12,OCEANIA,NaN, yes ,6209,19695,1229," 8,117",NaN,19528,17559,7049,6003,NaN
07/10/2024,sci-fi,AUDIOBOOK,french,SEWN,ya,Harpercollins,no,1st,no,NaN,top-10,6-12,asia,us,no,,9372,£9059,£9085,6019,14523,13002," 6,447",5302,16479
"Nov 08, 2023",HISTORY,hardback,NaN,sewn,Children,penguin,YES,REVISED,no,yes,top-100,18+,Oceania,us,No,19782,3137,£1798,9857,2812,7742,5526,,9267,72
27/06/2024,-999,PAPERBACK,-999,GLUE,NA,HARPERCOLLINS,yes,3RD,No,no,top-100,18+,oceania,Us,missing,-999,£18696,2575,2434,,5542,£2105,£19342,19159,£7441
2024-01-18,fantasy,,spanish,Glue,ADULT,harpercollins,yes,1st,NO,no,top-100,13-17,Asia,japan,yes,10607,"16,810",19249,10248," 7,625",-999,10000,£13637,"11,859",11104
25/07/2022,fantasy,hardback,ENGLISH,GLUE,adult,Penguin,yes, 2nd ,Yes,YES,,0-5,missing,us,no,£9702,3471,16392,£10797,£9197,15220,£4730,311,missing,8445
2023-10-27,HISTORY,paperback,japanese,GLUE, Ya ,HARPERCOLLINS,no,3rd,NA,missing,TOP-100,13-17,-999,canada,YES,£6720," 2,959",11047,18712,12147,£19154,11328,5924," 4,230",7657
18/05/2023,history,paperback,-999,SPIRAL,,penguin,no,2nd,Yes,yes,NA,0-5,OCEANIA,JAPAN,no,11712,15518,10932,6519,7988," 1,028",NA,5668,18252,9561
"Nov 07, 2021",Romance, Audiobook ,english,Glue,children,NaN,yes,2ND,NO,yes,top-100,0-5,oceania,Us,no,18699,"11,286",16747,4280,19227,3013,393,NaN," 4,000",456
20/02/2021,sci-fi,hardback,JAPANESE,Glue, ADULT ,PENGUIN,no, 3rd ,yes,, top-100 ,18+,Americas,India,Yes,19933,NaN,13825,12564,17721,6105,3912,£4421,17578,£13919
05/01/2024,thriller,Hardback,ENGLISH,glue,Children,Simon & Schuster,Yes,1st,yes,yes,Long-Tail,6-12,oceania,us,YES,10202,88,,2624,1040,,19214,"13,003",£6338," 3,740"
24/04/2024,Sci-Fi,hardback,Spanish,missing,children,simon_&_schuster,no,revised,yes, yes ,Top-100,13-17,oceania,canada,No,103,"15,156",7893,19203,1905,19578,£8326,16943,11396,9177
2022-06-24,sci-fi, ebook ,spanish,Spiral,children,macmillan,NaN,3rd,no,NaN,top-10,0-5,africa,japan,yes,2110,,15293,"16,015",9393," 6,439",NA,9355,£8839,-999
2024-06-27,Romance,hardback,japanese,glue,adult,PENGUIN,yes,1st,No,NaN,top-100,6-12,africa,canada,YES,17293,9291,14147,7798,11558," 9,996",892,,NA,"15,281"
20/02/2024,Biography,audiobook, spanish ,glue, Children ,simon_&_schuster,NaN,3rd,no,yes,top-10, 0-5 ,Americas,uk,no,4122,,   633,"13,646",£5727,£10500,£2497,11286,17131,-999
01/03/2023,THRILLER,audiobook,English,glue,Ya,PENGUIN,no,2ND,no,yes,TOP-10, 18+ ,Americas,JAPAN,missing,48,£6989,,10916,17589,18459,4833,"10,862",£18275,"16,315"
2021-03-16,FANTASY,Paperback,Japanese,spiral,ya,simon_&_schuster, yes ,NaN,no,yes,top-10,0-5,europe,canada,-999,9759,NA,8764,£7130,19276,10514,£2831,£8859,NaN,6646
25/05/2022,missing,audiobook,English, Stapled ,Adult, Simon & Schuster ,yes,1st,yes,-999,top-10,13-17,OCEANIA,japan,no,7869,12855,5785,NA,NaN,missing,14320,4138,8410,NA
17/01/2024,sci-Fi,ebook,ENGLISH,NaN,Ya,SIMON & SCHUSTER,no,3rd,no,YES,-999,18+,NA, us ,no,5439,£11287,7469,174,15299,11356,NaN,4192,680,15150
21/04/2024,BIOGRAPHY,ebook,spanish,spiral,CHILDREN,Simon & Schuster,Yes,REVISED,NO,no,NaN,6-12,EUROPE,NaN,yes,764,NaN,9770,£15369,9936,11754,£489,£11558,£13105,18112
,BIOGRAPHY,audiobook,french,glue,children,penguin,YES,1st,yes,no,missing,18+,asia,japan,NaN,£689,12143," 3,485",,,3745," 8,524",£1756,-999,16476
23/04/2023,Thriller,ebook,JAPANESE,stapled,Adult,, No ,NaN,-999,NO,Long-Tail,0-5,AFRICA,us,no,11613,12161,4724,,NA,£14072,7339,3433,10678,11582
2021-04-24,,ebook,spanish,spiral,-999,simon & schuster,NO,revised, yes ,yes,TOP-10,18+,AMERICAS,Japan,no,NA,13325,"19,189",£3223,18534,£7646,£4332,12203,£15940," 9,521"
2023-04-30,thriller,ebook,german,glue,NaN,missing,YES,3rd,yes,NO,top-100,13-17,Europe,UK,YES," 7,312",15885,£14871,17930,NA,13673,14809,"13,119"," 3,253",17961
21/08/2022,romance,paperback,GERMAN,stapled,ADULT,Macmillan,yes,1st, yes ,yes,TOP-100,0-5, Africa ,us,No,3255,19637,9048,11995,12073,8381,8802," 5,298","13,253",8068
16/02/2021,history,,french,sewn,Ya,penguin,, 3rd ,Yes, No ,top-10,6-12,Asia,uk,no,"14,987",19239,4199,6886,18436,"18,377",£8214,£16244,5843,14883
2024-12-14,fantasy, EBOOK ,japanese,spiral,ADULT,penguin,missing,NA,No,No,top-10,0-5,asia, canada ,YES,NA,£9320," 6,017"," 2,103",16152,"19,931","10,516",10230,19870,NA
"Apr 11, 2023",history,paperback,german,sewn,Adult,penguin, no ,3rd,NO,yes,top-100,6-12,oceania,us,No,14187," 3,874",15369,8572,NaN,£3777,16095,"12,075",13474,12222
2021-04-21,Sci-Fi,AUDIOBOOK,German,Glue,,harpercollins,yes,Revised,no, No ,top-10,18+,oceania,Japan,no,16446,£15651,19342,"18,182",19313,2755,£19121,15167,11404,£5254
2023-12-31,FANTASY,HARDBACK,missing,stapled,children,penguin, Yes ,3rd, Yes ,no,long-Tail,18+, Asia ,uk,NaN,"15,791",4680," 6,527",1910,10285,258,6138,19415,£11431," 7,753"
05/06/2023,fantasy,EBOOK,spanish,Sewn, children ,harpercollins,no,2nd,yes,YES,top-10,0-5, asia , INDIA ,no,1729,£7850," 9,678",8292,"17,741",4592,NaN,18739,"16,681",missing
2023-11-14,THRILLER,Ebook,german,sewn,ya,penguin,no,1st,NO,no,top-10,6-12,asia,uk, NO ,18365,2415,,7106,missing,NaN,10349,£5383,10180,£6194
2021-12-23,history,paperback,French,Stapled,ya,harpercollins,NO,revised,no,missing,NA,NaN,asia,canada,NO,,221,£13464,£1218,£18802,16628,11358,14908,5860,
"Dec 29, 2022",sci-fi,paperback,german,STAPLED,adult,Harpercollins,yes,3rd, yes ,no,top-10,6-12,europe,japan,Yes," 1,394"," 2,053","10,237","12,930",£1831,£16489,3435,16074,16880,17985
28/09/2024,missing,Paperback,SPANISH,spiral, ADULT ,MACMILLAN,yes,3RD,yes,yes,top-10,13-17,-999,japan,NO,13424,missing,4218," 8,466",2035,£12716,£718,17450,3169,15339
2021-04-29,fantasy,NaN,english,stapled,adult,harpercollins,No,Revised,-999,NO,long-Tail,18+,Europe,india,yes,5922,NA,6460,NA,10496,"11,893",,4902,3261,
2022-05-21, fantasy ,paperback,german,sewn,children,Simon & Schuster,NO,3rd,YES,YES,top-100,NaN,oceania,-999,Yes,4950,17953,"18,874",13221,8874,NA,   895,16754,£2853,-999
2024-09-02,Biography,paperback,NA,-999,adult,MACMILLAN,yes,2nd,yes,Yes,missing,18+, americas ,japan,no,8600,4773,£17841,£2951,19013,"12,051",8382,1350,"19,957",-999
2024-07-18,NaN, hardback ,japanese,,YA,penguin,Yes,2ND,Yes,no,missing,NA,Africa,India,Yes,10374,11106," 5,532",7513,19940,12816,11500,15786,£13254,4488
2024-06-30,thriller,hardback,NaN,stapled,ADULT,penguin,no,3rd,YES,yes,TOP-10,13-17,asia,INDIA,Yes,missing,19880,12746,6646,4550,4681,£15517,NA,£13472,14846
22/07/2024,thriller,audiobook,spanish,,adult,NaN,yes,revised,no,YES,top-10,6-12,AFRICA,JAPAN,NO,6973,10743,"18,443",18835," 3,085",missing," 2,772",NaN,13381,10471
"Mar 30, 2022",romance,PAPERBACK,spanish,-999,children,harpercollins,no,3rd,no,no,top-100,NaN,Africa,canada,no,13167,19132,"15,055",£14714,3207," 5,162",19365,11640,,4865
09/01/2023,history,PAPERBACK,french,-999,Children,penguin,NO,revised,NO,no,TOP-100,missing,africa,JAPAN,yes,£6901,"16,440",1223,11059," 3,969",15063,£12166,-999,15212,£4813
2022-08-01,ROMANCE, PAPERBACK ,-999,NA,ADULT,macmillan,yes,Revised,No,Yes,top-100,18+,europe,-999,no,18948,£13063," 7,195",3709,£17480,10074,19911,10877,2340,9963
04/03/2023,thriller,HARDBACK,Japanese,glue, children ,simon&Schuster,yes,3rd,yes,Yes,top-100, 18+ ,asia,canada,,£13230,2533,15701,2645,NaN,,£10414,NA,"18,274","19,270"
23/08/2023,sci-fi,AUDIOBOOK,spanish,stapled,Adult,simon_&_schuster,Yes,revised,no,no,top-10,18+,asia,canada, No ,8908,13475,"15,941",10933,£1267,12297,14970,10757,10261,
2024-11-15,FANTASY,,english,STAPLED,CHILDREN,Macmillan,NO,revised,NO,YES,TOP-100,6-12,EUROPE,india,yes,£4175,17493," 3,161",£16911,14276,7534,"13,502",10302,9056,515
14/01/2022,sci-Fi, hardback ,japanese,glue,CHILDREN,SIMON & SCHUSTER,YES, revised ,YES,no,top-100,6-12,,-999,missing,7809,6522,330,2990,5673,5217,11035,18645,NA," 1,903"
"Sep 15, 2024",HISTORY,-999, spanish ,stapled,ya,macmillan,YES,Revised,No,yes,top-10,18+,AFRICA,india,yes,14001,,£11275,3444,6235,3223,18037,1147,17347,missing
10/01/2021,HISTORY,audiobook,english,glue,adult,penguin,YES,3rd,No,no,top-10,13-17,Africa,CANADA, Yes ,13273,£3556,18523,18124,9029,4746,missing,"14,800",£18979,2966
27/11/2021,THRILLER,paperback,Spanish,sewn,ya,Penguin,yes,1st,YES,No,TOP-100, 18+ ,oceania,missing,yes,995,"16,602",1829,3252,10246,7677,"17,155",6650,521,1367
NaN,biography,PAPERBACK,japanese,spiral,adult,Simon & Schuster,Yes,3rd,YES,yes,long-tail,0-5,africa,UK,NO,599,17583," 5,847",£13906,4286,10900,4293,"14,717",18620,8458
22/08/2023,Fantasy,ebook,english,stapled,NaN,Macmillan,yes,2nd,No,YES,TOP-10,13-17,ASIA,uk,NO,8992,,14665,missing,NA,1032,6295,£10884,"13,279",9583
11/10/2022,history,audiobook, japanese ,stapled,NA,harpercollins,yes,3rd,Yes,no,TOP-100,6-12,europe,missing,no,9615,£19416,7845,15410,16687,NA,£14124,£14784,2901,1069
2021-05-15, history ,audiobook,japanese, Glue ,NaN,PENGUIN,NO,revised,yes,NO,top-10,18+, americas ,NaN,NA,74,16008,1417,missing,9170,£2570,5636,13730,10282,16750
15/01/2022,Biography,AUDIOBOOK,Spanish,stapled,CHILDREN,Simon & Schuster,yes,2nd, no ,yes,LONG-TAIL,6-12,africa,canada,no,19491,9074,£6449,NaN,NA,17188,6843,11734,6604,1930
07/01/2023,NA,hardback,JAPANESE,sewn,NA,simon&Schuster,no, 2nd ,No,-999,top-100,6-12,oceania,,No," 6,372",12874,10618,£5927,9117,15614,"17,044",4638,8831,£1302
01/06/2022,biography,-999,french,STAPLED,adult,penguin,Yes,-999,yes,NO,top-10,0-5,europe, india ,yes,"15,551",13659,5504,9663,£15486,16612,£12672,1895,7061,3703
27/05/2023,ROMANCE,audiobook,FRENCH,Sewn,children,HARPERCOLLINS,yes,2nd,yes,NA,top-100,18+,OCEANIA,INDIA,yes," 6,496",4658,18890,10600,15673,£5253," 4,048",    60,1406," 8,613"
2023-01-10,Sci-Fi,Hardback,spanish,glue,children,MACMILLAN,NO,3rd,No,no,,NA,africa,CANADA,yes,238,£14010,15865,"12,674",£15138,"12,227",13761,16153,9887,12715
10/11/2022, Sci-Fi ,paperback, french ,Stapled,children, macmillan ,No,3rd,yes,No,top-10,18+, europe , Uk ,No,,14118,18216,12841,NaN,£14796,NA,£4566,9665,£3916
12/02/2024,FANTASY,audiobook,german,NA, Adult ,macmillan,NO,2nd,No,yes,top-10,13-17,asia,India,Yes,,-999,£8262,11941,,12972,1619,NA,14162,3740
03/04/2024,,HARDBACK,spanish,sewn,children,penguin,yes,2nd,YES,NO,top-100,6-12,OCEANIA,india, yes ,17958,10787,9896,18466,17712,NaN,6005,9171,"18,994",£18693
2024-02-16,Biography,HARDBACK,ENGLISH,glue,adult,macmillan, yes ,Revised,no,no,Top-10,0-5,europe,India,yes,   342," 3,368",£8807,,11615,19581,5162,9515,14762,£18625
25/11/2023,HISTORY,paperback, spanish ,glue,adult,Penguin,no,revised,no,NO,long-tail,6-12,oceania,NaN,yes,£19837," 3,183",£144," 3,391","15,960",14446,15491,,19524,"16,368"
"Aug 26, 2021",Fantasy,paperback,spanish,Sewn,NaN,simon & schuster,YES,1st,no,Yes,long-tail,18+,-999,CANADA,No,3388,£18333,12927,5517,16862,19741,£15777,741,14360,£17896
12/05/2024,biography,Audiobook,japanese,Glue,ya,,NaN,1st,NO,yes,top-10,18+,americas,japan,Yes,8108,"19,021",6685,£14688,16909,15204,10487,19427,£1576,9247
NaN, romance ,Audiobook,JAPANESE,Sewn,ADULT,Macmillan,missing,3rd,NaN,yes,TOP-10,,americas,india,No,10935,7881,"10,297","19,443",11428,814,12345,2963,7136,£10719
13/07/2024,Biography,hardback,NaN,stapled,ya,NA,no, 1st ,-999,yes,long-tail,0-5,europe,india,missing,£1010,15056,16121,"14,832",missing,£6649," 3,657",£10611,"14,263",7196
04/04/2024,Romance,HARDBACK,spanish, Stapled ,ya,Harpercollins,no,missing,yes,yes,top-100,18+,Americas,uk,Yes,5575,4347,£5537,NA,16453,17668,1550,18325,8508,NA
NaN,Romance,hardback,JAPANESE,Stapled,adult,macmillan,yes,,NO,no,,6-12,europe,us,no," 5,238",17797,3842,10449,4542,930,4610,19512,£7221,£16016
03/11/2023,sci-fi,paperback,japanese,spiral,Adult,harpercollins,no,3RD,NaN,missing,LONG-TAIL,0-5,europe,uk,yes,£2537,£10623,13703,10689,15593,16939,2541,£549,16584,NaN
24/02/2021,romance,,Spanish,SPIRAL,Children,penguin, No ,3rd, YES ,yes,Top-10,0-5,europe,JAPAN,no,11476,16044,"14,354",16338,3988,£7213,17942,missing,8037,missing
2023-05-25,biography, audiobook ,SPANISH,sewn,adult,harpercollins,yes,revised,yes,No,top-10,0-5,-999,Us,-999,18483,11695,-999,748,-999," 1,692",missing,15804,£11273,18677
2021-04-22,missing,paperback,SPANISH, spiral ,ya,Harpercollins,Yes,-999,, yes ,top-100,6-12,Americas,india,NO,18194,"12,689",-999,£10784,1698,8615,3153,£12989,£16237,2914
2022-06-08,fantasy,audiobook,spanish,sewn,missing,Penguin,No,Revised,yes,yes,long-tail,0-5,Asia,japan,yes,NaN,£2962,5982,16211,"12,068",14690,15695,"15,325"," 9,279","12,232"
11/09/2024,biography,Hardback,FRENCH,Sewn,adult,missing,Yes,3rd,yes,yes,long-tail,18+,asia,US,YES,16821,NaN,17340,£18503,£16132," 2,297"," 1,275"," 6,866",3935,NaN
22/04/2024,thriller,paperback,ENGLISH,Glue,adult,macmillan,yes,Revised,Yes,Yes,top-10,NA, asia , UK ,NA,"18,449",12526," 8,930",13091,£7761,14184,8038,missing,283,15591
11/07/2023,biography,ebook,german,Glue,children,simon_&_schuster,no,1st,No,missing,-999,13-17,AMERICAS,japan, Yes ,10033,missing,£10059,"10,427",14957,£2676,1115,10159,7986,545
2023-06-24, biography ,Hardback,German,missing, Adult ,penguin,no, 3rd ,-999,YES,long-tail,18+,americas,-999,no,"11,950",NA,19059,£15940,"13,171",missing,NA,6479,"12,072",NaN
2024-09-11,thriller,Ebook,missing,glue,,Harpercollins,no,3rd,NO,,NaN,18+,africa,india,No," 7,848",13726,10602,19692,16265,7442," 6,449",2774,16526,2387
07/02/2021,history,-999,german,STAPLED,ADULT,penguin,no,2nd,NaN,yes,Top-100,-999, americas ,uk,no,12897,612,3636,15883,2199,9359,2564,"18,491",£10673,10436
2022-01-26,thriller,ebook,japanese,missing,Ya,harpercollins,NO,3rd,no,Yes,top-10,13-17,EUROPE,-999,No,16547,NA,16017,"16,839",£16480,£12319,15931,5492,missing,2323
2024-02-05,Romance,audiobook,spanish,sewn,CHILDREN,Harpercollins,No,1st,yes,Yes,top-100, 13-17 ,oceania, JAPAN ,yes,£731,NA,13856,missing,19144,£8384,12666," 1,679",4735," 6,628"
19/02/2023,thriller,paperback,German,stapled, adult ,PENGUIN,YES,1st,no,NaN, long-tail ,6-12,OCEANIA,japan,YES,£10796,16979,11558,missing,8542,£4621,9248,12699,8127,£8025
27/01/2021,biography,hardback,english,glue,children,macmillan,no,3rd,missing,No,Long-Tail,6-12,oceania,-999,yes,12014,NA,,5796," 2,510"," 2,990",9240,18832,5607,7804
2021-04-23,biography,audiobook,german,sewn,adult,Harpercollins,YES,1ST,no,yes,Long-Tail,NaN, OCEANIA ,japan,NO,3704,-999,£15569,10357,18960,10949,13178,12702,171,-999
"Feb 19, 2021",romance,HARDBACK,German,STAPLED,Adult,HARPERCOLLINS,yes,REVISED,No,yes,top-10,18+, EUROPE , US ,yes,£4002," 1,213",13874,NA,16775,4409,NaN,£11022,4044,NaN
16/03/2024,FANTASY,NA,ENGLISH,Stapled,NaN,MACMILLAN,No,2nd,YES, no ,top-10,0-5,africa,US,yes,£8152,12338,£1193,NA,12576,11851,missing,13579,£18744,7384
09/07/2021,BIOGRAPHY,Hardback,German,stapled,children,PENGUIN, No ,3RD,missing,Yes,top-10,NA,americas,,Yes,370,£9800,7917," 4,462",7284,5962,16080,,£14537,4326
2022-04-08,SCI-FI,audiobook,english, glue ,NA,NaN,NA,revised,YES,no,NA,6-12,americas,india,no," 4,438",£4133,3122,8529,,886,17747,-999,10901,324
2024-07-07,NaN,paperback,spanish,SPIRAL,Adult,missing,YES,2nd,no,no,NA,0-5,africa,NaN,no," 1,660",£8259,11372,4619,13739," 3,727",£5632,13130,2141,9219
,THRILLER,audiobook,french,spiral,Adult, simon & schuster ,yes,revised,no,yes,long-tail,18+,EUROPE,japan,yes,£16424,19126,3436,-999,£105,9688,15974,£16666,£4491,4942
2022-07-22,BIOGRAPHY,EBOOK,German,stapled,adult,,yes,1st, yes ,No,Top-100,13-17,asia,canada,yes,3200,13820,10590,19264,£2524,£14926,19947,£13368,"18,046",151
2024-08-28,thriller,hardback,japanese,SPIRAL,children,macmillan,no,2nd,-999,,missing,6-12,oceania, canada ,yes,8557,5213,8259,,15919,NA,NaN,9729,13108,NA
09/01/2022, Fantasy ,ebook,,Glue,missing,Simon & Schuster,no,REVISED,Yes,no,-999,13-17,africa,india,No,19744,8005,"11,498","12,678",£11169,£11043,£15155,10857,17530,-999
2021-07-08,Thriller,Audiobook,Spanish,STAPLED,adult,Penguin,yes,revised,no,YES,LONG-TAIL,13-17,asia,us,YES,,17174," 3,408",18634,   354,225,13666,£10338,£11195,10993
24/04/2024, sci-fi ,Paperback,english,spiral,Adult,MACMILLAN,NO,1st,,Yes,-999,0-5,, japan ,no,"13,620",£17315,17196,NA,£19618,5094,£2630,missing,10896,11421
,biography,ebook,NaN,-999,YA,simon & schuster,No,NaN,NO,no,TOP-100,0-5,asia,uk,yes,3026,14910,13435,2561,£17986,12737,-999,"10,171",-999,12606
23/02/2024,romance,hardback,JAPANESE, spiral ,CHILDREN,Penguin,yes, 2nd ,yes,-999,top-10,0-5,asia,NaN,yes,10464,318,1987,11051,4194,missing," 2,853",11074,3047,NA
2022-08-12,NaN,Hardback,missing,,ya,,no,3rd,-999,no,LONG-TAIL,0-5,asia,us,missing,4536,12687,"19,008",NA,15166,,12996,missing,4006,17615
2021-05-12,sci-fi,hardback,,spiral,children,simon & schuster, No ,2nd, no ,yes,Top-10,6-12,missing,JAPAN,no,"11,635",,16147,missing,19464," 7,476",9144,6685,17814,6296
16/08/2022,romance,hardback,FRENCH,sewn,children,simon & schuster,NaN,3rd,YES,yes,top-100,missing,EUROPE,uk,no,£2121,18123,1318,"18,901",9868,NaN,"10,805",NA,17931,878
10/09/2024,romance,PAPERBACK,french,sewn,YA,penguin, YES ,revised,YES,no,top-10,0-5,NaN,canada,Yes,3286,5208,NaN,18573,11138,19837,"14,199",13535,680,"12,382"
08/02/2024,history,Audiobook,GERMAN,missing,adult,HARPERCOLLINS,No,3RD, yes ,No,TOP-10,18+,AMERICAS,INDIA,no,£6250,NaN,"19,606",12900,17810,£2292,£11059,14730,6191,8967
"Apr 29, 2021",SCI-FI,-999,SPANISH,-999,ya,simon & schuster,NA,-999,no, no ,long-Tail,0-5,africa,CANADA,no,"10,435",NA,10214," 4,077"," 3,827",16433,NaN," 6,072",£772,"13,060"
2023-06-08,biography,EBOOK,french,STAPLED,adult,,Yes,REVISED,NO,yes,long-tail,0-5,europe,US,yes,NA,7829," 6,622",£6404,£1588,10875,£19523,18015,£5160,6979
14/07/2021,biography,hardback,JAPANESE,spiral,NA,Macmillan,Yes,1ST,Yes,yes,TOP-100,18+,Americas,us,no,17706,-999,15578,18378,£13248,£10718,1498,12448,3769,£19142
03/04/2021,fantasy,hardback,GERMAN,Sewn, adult ,harpercollins,yes,1st,no, yes ,NaN,0-5,americas, JAPAN ,No,NA,11403,16417,1337,£11438,213,"16,626",17339,NaN,19809
2021-09-19,biography,audiobook,french,Stapled,ya,macmillan,YES,1st, NO ,No,missing,13-17,OCEANIA,us,no,19418,£14510,NaN,£1737,3936,NaN,NaN,14153," 3,049",£2989
26/12/2024,thriller,hardback,NA,missing,adult,macmillan,yes,3rd, yes ,yes,long-tail,13-17,africa,canada,missing,,3151,£17481,2415,19048,15542,-999,2385,19561,15940
20/02/2021,history,Hardback,japanese,,missing,macmillan, NO ,1st,YES,No,top-10,13-17,oceania,japan,yes,9828,8504,7303,328,3649,5273,£9877,15396,£3730,18548
2023-07-17,history,Hardback,german,Spiral,-999,macmillan,yes,1st,No,Yes,top-10,18+,europe,UK,yes,1972,"14,618",10914,1482,13370,"16,161",4787,"15,789",5581,11418
2022-07-02,biography,hardback,french,spiral,adult,PENGUIN,Yes,3rd,yes,yes,top-10,13-17,Africa,uk,yes,£10381,£9617," 6,761","14,223"," 1,804",12525,14137,missing,15917,19555
2024-02-07,Sci-Fi,NaN,german,STAPLED,children,macmillan,no,1st,yes,NO,Top-10,6-12,Europe,US,NO,18181,-999,£1366,16779,6696,17547,"15,109",18177,NaN,£6269
2024-10-14,History,hardback,spanish,sewn,children,macmillan,No,NaN,NaN,Yes,NA,,-999,CANADA,Yes,,£18650,£18726,-999,19860,missing,£14438," 4,895",£19931,£16504
2021-07-19,fantasy,ebook, SPANISH ,stapled,ya,Simon & Schuster,yes,NaN,yes,yes,top-100,0-5,EUROPE,JAPAN,YES,5419," 3,772",9541,NaN,4505,£11048,2514,9624,15364,13297
2023-10-01,Sci-Fi,NaN, german ,STAPLED,ADULT,penguin,yes,1st,yes,no,long-Tail,6-12, asia ,canada,YES,"12,272",£12538,£16875,18585,NaN,£14740,NaN,6776,19994,2094
30/04/2021,BIOGRAPHY,hardback,English,STAPLED,NA,PENGUIN, yes ,3rd,Yes,No,top-100,0-5,Asia,India,No,"14,851",263,"11,855",19016,NaN,5415,6764,5826,8497,7096
15/12/2024,history,NaN,spanish,Glue,ADULT,penguin,NO,3rd,yes,yes,top-100,6-12,oceania,japan,no,10793,6376,1721," 7,760",,missing,£19139,£4438,15824,16588
04/09/2021,BIOGRAPHY,hardback,french,glue, Children ,penguin,YES,2nd,yes,Yes,,13-17,americas,uk,no,"19,899",8788,£8515,5350,399,11961," 6,571"," 9,670",11263,733
-999,ROMANCE,paperback,english,NaN,adult,macmillan,,2nd,yes,yes,TOP-100,18+,NaN,uk,,£17395," 3,490","18,969",   953,missing,£4895,7183,£13755,830,missing
23/07/2024,THRILLER,Ebook,GERMAN,sewn,CHILDREN,MACMILLAN,yes,-999,yes,NaN,top-100,0-5, Americas ,US,NO,5836,8882,2509,17241,11198,13860,£265,4680,5718,£8157
23/01/2024,ROMANCE,,french,glue, YA ,penguin,yes,2nd,yes,NO,top-100,6-12,NaN,india,NO,17329,4195,£14085,11162,18309,£13239,14837,3426,£1989," 1,450"
2023-11-22, SCI-FI ,audiobook,english,stapled,ya,PENGUIN,yes,1ST,yes,yes,LONG-TAIL,NA,americas,uk,no," 4,205",NaN," 4,219",11328,-999,846,£4613,1292,,-999
09/08/2024,romance,hardback, English ,NA,NA,macmillan,no,1st,missing,no,TOP-10,13-17,europe,japan,no,7954,14395,missing,19239,missing,8907,15914,11516,,3671
2022-10-17,history,ebook,spanish,spiral,CHILDREN,macmillan,no,NaN,YES,No,-999,13-17,africa,india,no,-999,17791,5641," 7,272",12059,6061,NaN,858,16461,9650
01/12/2024,biography,hardback,-999,NA,ya,macmillan,yes,2ND,yes,YES,TOP-10,13-17,oceania,INDIA,No,"17,173",14393,13452," 4,530",9273,5242,7190,4938,18157,1569
24/11/2023,BIOGRAPHY,HARDBACK,SPANISH,Stapled,adult,harpercollins,yes,1st,-999,,,18+,Asia,canada,no,   418,£13727,14024,£5236,8508,"17,424","16,615",11105,5774,5907
2024-10-29,Biography,ebook,FRENCH,spiral,adult,-999,Yes,revised,yes,yes,top-10,6-12,americas,us,-999,1144,11156,£14404,16338,"11,142",£16722,16928,£18739,"13,013",£9088
21/08/2024,thriller,HARDBACK,GERMAN,missing,Adult,Macmillan,NA,2nd,no,no,Long-Tail,0-5,Americas,japan,No,7952,NA,3278,3988,    82,missing,4537,-999,NA,14370
"Oct 05, 2022",NA,PAPERBACK,FRENCH,spiral, adult ,MACMILLAN,yes,revised,-999,yes,TOP-100,6-12,ASIA, uk ,no,15275,,6972,10669,5599,16315,11656,1934,15475,7714
09/10/2022,fantasy, audiobook ,german,SPIRAL,Adult,MACMILLAN,yes,NaN, yes ,no,Top-10,NA,africa,India,yes,10202,10634,17353,£8721,16488,NA,1574,£15895,19775,3778
2023-04-18,,audiobook,JAPANESE,glue,ya,Harpercollins,no,2nd,YES,-999,top-100,NaN,americas,INDIA,yes,£3724,8942,£15610,-999,15032,NA,3690,2926,410,19167
NA,sci-fi,Audiobook,-999,glue,children,harpercollins,missing,revised, yes ,NO,top-10,13-17,Oceania,india,No,£10322,1804,13951,£4857,5681,14453,-999,NaN,17727,18936
"Feb 18, 2022",Thriller,audiobook,german,sewn,Ya,macmillan,yes,2nd,no,yes,long-tail, 18+ ,oceania,india,YES,£3882,13,NaN,"11,561"," 1,376",19713,10638,12021,"10,015",16674
2022-04-25,Thriller, ebook ,ENGLISH,glue,adult,penguin,-999,2nd,no,yes,,18+,asia,NaN, yes ,5764,16965,18846,9790,£18805,£7684,missing,£12556,,5102
-999,biography,PAPERBACK,english,SPIRAL,adult,simon&Schuster,yes,1st,yes,no,top-10,13-17,oceania,india,YES,13588,12622,2015,1453,-999,£19239,2051,"14,254",15830,£1568
"Nov 15, 2022", Biography ,NA,French,Spiral,ADULT,PENGUIN,yes,1st,no, yes ,top-100,13-17,africa,canada,NO,£6143,£6693,"14,731",,8460,7731,6566,£14873,£16577,"16,928"
28/03/2022,Romance,audiobook,english,stapled,YA,penguin,NO,2nd,no,yes,LONG-TAIL,6-12, europe ,us,NA,13507,13134,-999,569,14659,3913,£14991,,7583,7238
08/09/2023,Sci-Fi,EBOOK,NaN,stapled,children, macmillan ,no,revised,No,yes,long-tail,18+, asia ,japan,YES," 2,447",14409,13705,£4469,£17541,£19476," 4,402","13,899",£18264,NA
28/07/2023,Fantasy,hardback,spanish,glue,ya,macmillan,yes, 2nd ,no,NaN,top-100,0-5,europe,NA,yes,12157,"10,853",17317,NA,,4531,794,-999,"13,794",£11741
2021-04-11,thriller,Audiobook, french ,spiral,NA,-999,yes,revised,Yes,no,long-Tail,13-17,americas,Uk,,£15351,18692,£14690,1372," 6,353",-999,£15711,9071,,NA
2024-02-19,romance,ebook,english,SPIRAL,children,penguin,no,1st,yes,no,LONG-TAIL,missing,americas,canada,no,13136," 4,955",1013,9533,-999,2509,"17,753",    25,£4651,7772
2023-06-17,Romance,ebook,french,sewn,,harpercollins,YES,2nd, Yes ,no,Top-10, 6-12 ,AMERICAS,Us, No ,11482,,NaN," 7,215",NA,£14381,9018,1104,5129,18859
-999,romance,Ebook,japanese,SPIRAL,Adult,harpercollins,NO, 1st ,missing, No ,top-10,13-17,africa,us,No,2794,5988,"15,604"," 1,876",£14030,4613,£367,5537,£5387,16939
2022-05-29,sci-fi,Ebook,english,,Adult,macmillan,no,revised,yes,yes, long-tail ,18+,europe,uk,missing,10290,8809,13078,£3753,"16,583",£6092,12759,7446,13253,15161
2021-04-08,HISTORY,ebook,ENGLISH,spiral,children,,yes,1st,Yes,no,long-Tail, 18+ ,Africa,, No ," 6,352",£6964,£12499,"11,413",4474,NA," 9,701",15721,1613,-999
"Oct 19, 2024", SCI-FI ,PAPERBACK,spanish,missing,adult,macmillan,NaN,REVISED,NA,no,Long-Tail,13-17,oceania,india,Yes,11864,18882,11068,19880,8843,1760,£2747," 2,925",NA,1756
08/08/2023,BIOGRAPHY,-999,french,Glue,ya,macmillan,yes,REVISED,no,yes,top-10,0-5,Europe,canada,no," 3,428",£8048,7937,£9214,8945,13184,"19,040",16467,NaN,18960
2023-11-05,history,paperback,japanese,sewn,missing,penguin,yes,revised,no,No,top-10,6-12,-999,Us,yes,missing,,402,19962,13755,"11,272",-999,3251,9348,1018
2024-05-13,romance,hardback,FRENCH,SPIRAL,Ya,Simon & Schuster,yes,3rd,No,Yes,top-100,18+,EUROPE,uk,yes,£17448,"17,927",£7849,16387,6421,13212,£4230,"16,688",3811,
2022-02-07,FANTASY,Paperback, french ,sewn,adult,macmillan,yes,revised,Yes, no ,top-10,NA,asia,japan,yes,£6249,17970,10219,£10284,1178,£5849,£8508,£7595,,-999
missing,romance,hardback,french,glue,children, MACMILLAN ,NA,missing,Yes,yes, Long-Tail ,6-12,Africa,japan,no,18977,441,NaN,-999,NA,4582,13698,£18331,18388,14799
15/10/2021, Sci-Fi ,hardback,ENGLISH,Spiral,ya,simon & schuster,YES,revised, no ,missing,top-100,18+,asia,uk,NO,13849,NaN,3601,413,£17635,2034,"11,192",8414,£19405,   229
20/06/2022,NaN,ebook,french,Stapled,children,simon & schuster,no,2nd,no,no,LONG-TAIL,13-17,OCEANIA,India,no,£18196,£17785,£2667," 7,429","11,465",10749,13346," 7,482",1121,6019
19/07/2023, biography ,paperback,french,sewn,NaN,macmillan,-999,3rd,No,no,top-10,13-17,missing, india ,,7610,147,7752,£4537,"14,501",£10895,4777,8479,1408,-999
12/06/2021,history,NaN,japanese,Glue,ADULT,-999,No,3rd,NO,NO,-999,18+,,UK,yes,"10,891",13542,£197,3774,1349,8061,15833,£11863,£9838,£14019
15/06/2021,thriller,paperback,english,stapled,NA,macmillan,,2nd,no,no,top-100,NaN,europe,us,missing,5729,£5787,,8467,8619,£16871,"15,064",798,"16,569",NA
2024-06-29,NA,hardback,French,sewn,CHILDREN,harpercollins,Yes,missing,Yes,yes,top-100,0-5,oceania,india,yes," 4,601",7251,NaN,NaN," 5,711",17261,NaN,8891,6782,
06/10/2024,history,paperback,JAPANESE,glue,-999,HARPERCOLLINS,no,revised,no,No,top-10,,americas,CANADA,no,missing,"13,210",7710,NaN,7062,15061,"15,042"," 7,054",10158,18198
28/06/2022,BIOGRAPHY,hardback,German, Spiral ,YA,harpercollins,yes,NA,yes,no,missing,6-12,asia,JAPAN,YES,£10395,18873,4436,9714,16472,£173,missing,6375,missing,14929
16/12/2021, biography ,audiobook,German, SEWN ,YA,harpercollins,no, 3rd ,Yes,no,top-10,6-12,EUROPE,India,Yes,6648,9840,14164,8325,£6908,£13746,3512,missing,12566,14465
09/10/2023,fantasy,audiobook,NaN,missing,missing,penguin,yes,1ST, yes ,-999,long-tail,6-12,americas,japan,yes,NA,"15,908",NA,"10,178",12127,£13789,£8809,£6867,19177,£6635
"Dec 17, 2024",biography,Hardback,ENGLISH,Sewn,children,simon&Schuster,no,1st,yes, No ,top-10,0-5,NaN,,YES,18851,16543," 2,035",-999,£2028,1117,10454,3262,£17143,452
22/03/2023,biography,PAPERBACK,japanese,glue,adult,HARPERCOLLINS,NO,2nd,No,NaN,,13-17,Americas,canada,no,missing,,missing,17555,17760,9600,£1641,7509,5572,NaN
18/02/2022,THRILLER,missing,English,Spiral,ya,Simon & Schuster,,revised,YES,yes,,13-17,Oceania,Uk,NO,5188,18716," 1,097",5732,10711,3034,"13,465",£19323,£9145,£4359
16/03/2023,fantasy,ebook,french,STAPLED,ADULT,macmillan,no,REVISED,yes,NA,Top-10,NaN, asia ,JAPAN,no,2659,9331,5762,£3121,6314,,17097,£3181,19741,£14352
20/06/2023, fantasy ,AUDIOBOOK,french,missing,adult,macmillan,no,-999,NaN,missing,long-Tail,6-12,AFRICA,uk,no,£7624,10443,16803,£11605,-999,1180,6520,£3334,11886,NaN
NaN,romance,audiobook,,stapled,ya,simon_&_schuster,NaN,-999,yes,yes,Top-100,NA,NA,missing,,19912,5565,NA,18835,14627,£18941,"16,342",£18798,280,-999
"Aug 19, 2021",History, hardback ,english,GLUE,children,simon & schuster,no,REVISED,no,yes,long-Tail,0-5,AFRICA,canada,YES,"16,667",3913,"19,285",NA,1046,6318,12174,missing,"10,610",3579
"Jun 15, 2023",missing,paperback,Spanish,GLUE,ya,NaN, Yes ,1st,No,-999,TOP-10,6-12,asia,CANADA,YES,19775,17563,,14571,8028,NA,18514,15320,9550,5700
2022-05-13,ROMANCE,paperback,missing,spiral,ya,Macmillan,YES,3rd,no,Yes,LONG-TAIL,6-12, europe ,japan,Yes,18642,-999,6917,8453,7075,NaN,"19,220","11,696",£14065,10170
2024-08-07,romance,hardback,NA,sewn,ya,simon&Schuster,YES,2nd,yes,yes,-999, 13-17 , ASIA ,CANADA,NO,5021," 2,083","17,278",5566,11666,4948,13323,3616,13383," 1,621"
20/10/2022,History,-999,French,Sewn,children,Penguin,missing,REVISED,-999,yes,Top-10,18+,africa,INDIA,yes," 1,487",4895,"11,453",-999,16382,,-999,10339,11215,1248
2021-12-04,Romance,Hardback,Spanish,Glue,missing,HARPERCOLLINS,no,3rd,Yes,yes,TOP-100,,africa,missing,no,19561," 3,715",£6636,£10911,   876,11478,12165,NaN,11473,4204
-999,sci-fi,hardback,NaN,Sewn,Ya,,NaN,2nd,-999,no,Top-100,NA,asia,Uk,NaN,15836,NaN,698,£11629,2185,9435,10775,12334,£8672,14415
11/04/2021,romance,hardback,english,sewn,Adult,missing,No,3rd,Yes,no, top-100 ,18+, americas ,US,yes,867,,15046,8381,5244,14702,9,9054,18931,missing
22/05/2022, ROMANCE ,Paperback,GERMAN,spiral,adult,-999,no,1st, yes ,Yes,NaN,13-17,asia,uk,NO,2340,10924,6644,£7401,2912,£1871,£7375,10158,10954,17360
25/02/2022,thriller,missing,FRENCH,spiral,Children,penguin,no,3rd,yes,no,top-10,13-17,AMERICAS,UK,missing,12547,14910,13453,5655,18019," 7,559",£18813,16976,5027,£8769
11/06/2023,history,Paperback,NaN,glue,YA,penguin,-999,3rd,yes,yes,LONG-TAIL,0-5,EUROPE,india,NA,7555,9485,3395,2305,18989,18458,£13476,12594,5151,"16,676"
2023-10-29,missing,audiobook,french,sewn,children,macmillan,Yes,1st,yes,no,TOP-100,,,uk,NO,£18725,"13,576",12880,"14,007",13098," 9,431"," 7,380",12089,15563,missing
15/06/2024,,hardback,German,sewn,,,yes,3rd,No,Yes,TOP-100,0-5,africa,UK,No,19255,2302,NA,10377,NaN,missing,£16924,1203,15310,18600
2021-01-24,biography, audiobook ,SPANISH,SEWN, adult ,PENGUIN,YES,revised,no,yes,TOP-10,0-5,americas,India,no,12794,1776,15752,£18997," 7,071","12,054",19576,£15982,NaN,-999
2023-02-26,romance,paperback,japanese,GLUE,Children,harpercollins,No,2nd,No,no,top-100,18+,Europe,missing,no,-999,18591," 8,477",4478,£4897,"10,461",19893,6099," 2,293",8391
2024-08-05,romance,paperback,japanese,spiral,children,harpercollins,no,2nd,,no,missing,18+,europe,JAPAN, yes ,6861,6948,3884,2410,19939,8952,   610,-999,4184,2323
15/01/2023,History,Ebook,SPANISH,spiral,ya,harpercollins,No, revised ,no,no,LONG-TAIL,18+,Africa,NA,YES,"14,529",£7785," 1,620",£10027,5818,11232,"18,163",-999,£15522,6815
2024-06-16,thriller,hardback,german,Glue, children ,-999,NaN,2nd,YES,No,top-100,13-17,Americas,uk,no,£12114," 8,780","15,498",5260,£14573,5196,2662,8363,missing,missing
2021-01-14,THRILLER,PAPERBACK,french,sewn,ya,simon&Schuster,NO,3rd,YES,YES,Top-100,18+,Europe,JAPAN,yes,13394,NA,NA,missing,£11362,"18,149"," 1,222",19072,£2274," 3,856"
2022-11-27,biography,Ebook,FRENCH,Sewn,Children,,YES,REVISED,no,NO,NA,18+,africa,NA,NA,4693,£8103,825,19166,£1174,1021,NA,"17,140",£1858,8779
23/04/2024,THRILLER,hardback,english,sewn,adult,Simon & Schuster,No,1ST,Yes,,TOP-100,13-17,americas,japan,NO,12557," 6,013",9590,£2292,NaN,1386,£1991," 7,808",£4397,2951
2022-01-11, Sci-Fi ,missing,French,Spiral,adult,Penguin,No,1st,No,NaN,long-tail,missing,europe,Us,yes,3451,5681," 2,895",£18042,£11838,£2884,17805,£1542,NA,17823
"Feb 12, 2021",biography,PAPERBACK,french,spiral,-999,SIMON & SCHUSTER,yes,2nd,yes,no,top-10,NA, americas ,Japan,YES,NA,NA," 7,380",9889,£17706,18070,£5795,4874,38,1214
2021-10-20,biography,audiobook,spanish,sewn,missing, simon_&_schuster ,no,1st,no,yes,Long-Tail,0-5,Asia, Us ,yes,11448,£13359,"11,136","11,261",7770,£12410,£18686,15925,-999,2002
04/06/2021,fantasy,-999,french,stapled,ya,penguin,Yes,2nd,yes,No,missing,18+,Africa,UK,,14018,6713,15330,19252,3464,8558,3887,4530,799,2014
07/10/2022,-999,paperback,french,Glue,ya,simon & schuster,yes,2nd,-999,yes,long-Tail,6-12,americas,canada,no,-999,4698,11196,1261," 4,975",19283,10984,11536,3403,£7845
11/08/2022,SCI-FI,hardback,FRENCH,glue,adult,NA,no,NaN,YES,no,NA,18+,missing, INDIA ,yes,£13709,19521,7287,8743,,£5874,5442,NaN,"19,449",£3718
2022-12-20,-999,audiobook,french,glue,ya,MACMILLAN,YES,1st, yes ,no, top-100 ,0-5,oceania, INDIA , yes ,2294,18504,£3790,7861,16889,3062,18205,16793,3160,2117
13/07/2023,FANTASY,ebook,french,sewn,adult,harpercollins,YES,3RD,yes,YES, long-tail ,NA,AFRICA,uk,NA,19480,   949,-999,8946,"13,598",-999,£10069,"17,711",1932,17915
2024-10-07,biography,Audiobook, spanish ,Glue,children,PENGUIN,yes,1st,yes,no,top-10,6-12,Americas,india,yes,18059,NaN,18329,£19108,NA,£268,3727,8307,2011,missing
NaN,Fantasy,ebook,,missing,adult,penguin,No,1st,yes,YES,long-tail,13-17,oceania,india,No,17259,11342,19023,£4243,NaN,10201,4464,£3274,2544,12023
25/08/2021,sci-fi,audiobook,japanese,NaN,adult,NaN,no,1st,no,no,top-10,13-17,NaN,UK,yes,7946,16258,4609,£5306,2215,15742,10845," 8,717",8202,5461
"Jun 02, 2022",ROMANCE,PAPERBACK,English,stapled,CHILDREN,harpercollins,yes, Revised ,no,yes,long-tail,13-17,oceania,Us,no,849,£16289,19967,18465,18838,11572,£8382,1909,2409,NaN
2021-03-26,fantasy,,english,GLUE,adult,Harpercollins, no ,REVISED, NO ,Yes,top-100,, AMERICAS ,canada,," 8,359"," 9,732",12406,14348,10673,,NA,13380,"16,802",15669
18/03/2023,history,audiobook,english,Stapled,missing,harpercollins,yes,NA,no,no,LONG-TAIL,0-5,europe,india,no,NA,"14,745"," 4,781",£14167,11005,19485,-999,NA,£5750," 8,110"
01/01/2022,biography,hardback, french ,STAPLED,adult,macmillan,yes,REVISED,yes, NO ,top-100,18+,americas,NA,NO,NaN,9360,-999," 7,643",£6357,12447,NaN,£14586,7904,3608
2021-10-22,fantasy,,French,SPIRAL, children ,penguin, yes ,2nd, no ,NO,TOP-10,6-12,americas,india,yes,176,1868,   788,-999,10777,13616,16331,"14,664","12,716","19,192"
2022-10-12, biography ,ebook,FRENCH,glue,ADULT,NA,NO,NA,yes,NO,TOP-10,6-12,americas, Japan ,no,£3006," 7,394",1835,4875,7334,5873,18720,   687," 1,601",NaN
10/01/2021, fantasy ,AUDIOBOOK,german, spiral ,children,macmillan, Yes ,revised,no,yes,NA,18+,asia,CANADA,no,"10,589"," 4,690",14228,34,missing,8986,12058,3582,missing,2930
28/10/2024,Romance,hardback, spanish ,glue,children,harpercollins,YES,3rd,no,NO, long-Tail , 6-12 ,oceania,India, No ,£19852,5212,£2960,-999,11770,18514,3720,missing,2236,14401
18/06/2023,Fantasy,paperback,English,Sewn,ya,macmillan, yes ,3rd,yes,no,long-Tail,0-5,europe,US,NO,11364,8201,£15744,£5523,12661,195,8023," 9,306",1932,missing
"Jan 19, 2024",sci-fi,,german,Stapled,adult,harpercollins,,2nd,Yes,yes,,13-17, ASIA ,US, No ,14551,"19,785","15,741",7966,18577,8260,884,10262,18802,£4588
missing,Biography,ebook,Spanish,Stapled,adult,Macmillan,No,revised,YES,no,top-100,13-17,-999, japan , yes ,£10525,3087,8564,£5878,NA,7267,-999,14010,NaN,735
29/03/2022, sci-fi ,ebook,german,glue,Children,HARPERCOLLINS,Yes,2nd,yes, yes ,Long-Tail,13-17,Europe,NaN,YES,8118,2899,NA,3724,£10997,10740,£13593," 2,744",9492,16231
04/01/2023,history,audiobook,spanish,SEWN,ya, macmillan ,no,revised,NO,no,TOP-10,13-17,missing,india,no,19005,NA,15361,-999,£3459,-999,£15697,£13135,£5224,"15,892"
11/03/2023,biography,ebook,,stapled,-999,penguin,, 2nd ,YES,missing,top-10, 6-12 ,oceania,India, yes ,2342,6810,11761,6278,£15610,19378,8101,19063,12070,8717
2021-11-16,romance,audiobook,FRENCH,NA,adult,macmillan,No,2nd,No,NO, top-10 ,,oceania,uk,no,9038,5629,6212,£15932,£244,£9354,18411,"16,319",6073,"17,704"
-999,SCI-FI,AUDIOBOOK,spanish,Spiral,ya,macmillan,no,1st,YES, no ,LONG-TAIL,0-5,EUROPE,-999,Yes,7001,17506,18874,£14114,£17312,11731,missing," 5,966",-999,"19,774"
2024-08-24,romance,PAPERBACK,english,-999,NaN,harpercollins,Yes,-999,no,No,top-100,13-17,oceania,Japan,NO,9864,365,3372,"13,831",4655,2612,8437,12420,£7565,£13787
01/12/2024,fantasy, Paperback ,ENGLISH,spiral,NA,simon_&_schuster,no,NA,no,YES,long-tail,18+,americas, japan ,NO,£6190,   589,7810,NA,660,11188,£12983,-999,16508,"16,144"
"Mar 30, 2023", biography ,audiobook,french,sewn, Adult ,Harpercollins,yes,,NA,NA,top-10,18+,Oceania,Japan,Yes,11151,322,14246,17051,missing,missing,11472,NaN,,£9419
22/08/2021, sci-fi ,hardback,english,sewn,ya,Penguin,no,3rd,NO,YES,TOP-10,18+,americas,canada, no ,4005,14799,"18,386",11831,£153,2132,16697,12046,2398,11833
12/07/2024,THRILLER,audiobook, Spanish ,STAPLED,ADULT,Simon & Schuster,no,,YES,-999,long-Tail,18+,Oceania,India,Yes,£3123,10067,£18833,5192,6934,1695,19543,£5974,4710,£16156
-999,Biography,Hardback,german,STAPLED,children,macmillan,Yes,2ND,YES,no,top-100,0-5,Oceania,India,No,6182,13699,7696,15431,15550,2510,15,16767,15092,"15,791"
2022-10-24,fantasy, HARDBACK ,english,Sewn,children,penguin,no,2nd,Yes,yes, LONG-TAIL ,18+,NA,US,no,13589,6363," 3,638",12976,NA,5694,£11703,14078,7962,5904
"Aug 11, 2021",biography,audiobook,japanese,stapled,ya,penguin,no,1st,yes,Yes,Top-100,0-5,NaN,uk,no,1224,£14583,,"17,710"," 8,098",19413,NaN,14822,15438,18294
30/07/2021,NA, Hardback ,FRENCH,GLUE, Children ,PENGUIN,Yes,2nd,NO,yes,-999,6-12,EUROPE,india,no,£3077,£1153,£19379,NaN,10185,   631,13868,"10,497",10246,"16,852"
08/09/2022,-999,audiobook,spanish,SEWN,adult,NA,yes,revised,yes,YES,top-100,NaN,Africa,NA,NO,18474,17100,15840,14588,"15,460"," 3,927",£19301,£11518,£16148,17487
17/10/2023,HISTORY,Audiobook,japanese,Stapled, adult ,penguin,yes,revised,no,NO,NaN,0-5,oceania,us,,£19093,15378,NaN,5273,14667,4544,"18,730",17262,£5769," 7,082"
2022-10-24,romance,paperback,-999, Sewn ,-999,macmillan,missing,2nd,Yes,no,Long-Tail,0-5,asia,india,no,15493,7468,"18,910",£13331,1776,8789,12513," 5,002"," 5,925",NA
25/07/2023,HISTORY,audiobook,english,NA,missing,simon & schuster,no,1st,No,Yes,Long-Tail,18+,AFRICA,Japan,no,15497,"18,086",17649,15242," 3,898",4354,-999,missing,£4315,729
10/11/2023,sci-fi,Hardback,NaN,sewn,Ya,PENGUIN,no,NaN, NO ,,Top-10,0-5,-999,us,yes,19740,3752,595,NA,6629,£2422,12761,£1871,17212,5021
19/11/2024,romance,HARDBACK,french,spiral,children,MACMILLAN,No,missing,yes,no,-999,13-17, americas ,japan,yes,£15921,,NA,£3832,missing,3481,£10716,10100,£18281,10697
26/01/2023,history,PAPERBACK,German,Glue,NaN,Simon & Schuster,no,3RD,No,NO,top-10,6-12,OCEANIA,canada,No,missing,£268,£10248,£18351,14166," 7,876",NA,3550,£14052,10041
2024-01-14,HISTORY, Audiobook ,missing,glue, children , harpercollins ,NO,2nd,YES,YES,Top-100,6-12,oceania,India,no,3511,8506," 5,713",5462,13569,NaN,£15438,2734,9996,1079
2024-07-06,HISTORY,NA, SPANISH ,Sewn,Adult,Penguin,Yes,3rd,yes, no ,top-100,13-17,,india,no,8264,£16427,"10,690",missing,3000,10566," 8,935",£10771,830,1824
NA,SCI-FI,missing, english ,sewn,ADULT,Penguin,Yes,-999,yes,,top-10,13-17,americas,india,YES,-999,NA,7277,13008," 4,109",17208,14975,694,"12,522",3717
24/07/2024,Romance, audiobook ,english,Stapled,children, harpercollins ,yes, revised ,yes,No,long-tail,-999,africa,uk,yes,9335,£1447,969,2787,£12450,£10516,£4095,15901,7062,"15,095"
2023-07-10,history,audiobook,NaN,spiral,missing,Harpercollins,yes,1ST,NA,no,top-10,0-5,americas,NaN,No,18743," 4,534",£1485,£4895,6351,NaN,9955,5741,19123,£4487
18/04/2024,Sci-Fi,AUDIOBOOK,french,Sewn,Adult,HARPERCOLLINS,no,2ND,no,no,long-tail,6-12,africa,,Yes,11546,10105," 8,631",-999,42,10946,7838,14167,323,581
2024-02-10,history,audiobook,spanish,Sewn,ya,simon & schuster,no, revised ,YES,NO,Top-100,18+, AMERICAS ,india,missing," 8,974",-999,18638,1869," 7,553",6126,17994,14590,£15683,"12,436"
"Mar 18, 2023",fantasy,AUDIOBOOK,japanese,glue,adult,SIMON & SCHUSTER,Yes,revised,No,YES,TOP-100,18+,missing,NA,No,12247,3298,19825,£8254,3748,NaN,15100,16820,16349,13397
13/07/2021,romance,Hardback,english, GLUE ,Ya,Simon & Schuster,yes,NaN,Yes,no,Top-10,6-12,Europe,missing,YES,£2250," 2,905"," 6,321",13381,6688,13565,14710,9050,16817,13783
19/05/2021,NaN,EBOOK,NaN,SPIRAL,ya,macmillan,no,NA,no,yes,long-tail,-999,europe,INDIA,no," 6,325",£17488,12315,"19,892",-999,9593,NaN,16019,"17,212",
16/04/2022,thriller,-999,NA,glue,Children,harpercollins,YES,3rd, YES ,YES,Top-10,6-12,Africa, India ,Yes,-999,8855,-999,£916,10696,7984,£2847,£18704,12199,7475
2024-08-07,history,paperback,,STAPLED,CHILDREN,Penguin,Yes,Revised,yes,yes,long-Tail,NA,oceania,NaN,yes,"14,508",19425," 9,270",£17550,17640,7652," 2,543",8901,7458,7366
07/11/2021, FANTASY ,hardback,ENGLISH,NA,,macmillan,yes,1st,yes,Yes,top-100,13-17,asia,uk,No,-999,£15763,778,£5781,13128,8992,"14,220",7775,£18271,8698
20/05/2021, romance ,,-999,Spiral,Children,Simon & Schuster,NO,1st,NO, yes ,long-tail,,Oceania,japan,yes,7893,"14,276",642,£9970,"15,402",-999,4612,-999,missing,15207
2021-12-25,History, Paperback ,english,spiral,children,simon_&_schuster,yes,REVISED,NA,No,Top-10,6-12,africa,US,yes,13987,14204,18888,9967,"18,332",17643,12690,8233,£15324,missing
2023-07-01, romance ,hardback,german,stapled,ya,penguin,no,Revised,yes,Yes,TOP-100,13-17,,Canada,YES,,6468,-999,,£14208,18288,8738,3562,10399,£19644
10/09/2023,history,ebook,ENGLISH,Stapled,children,penguin,yes,REVISED,yes, no ,-999,NA,NA, Canada ,no,missing,3374,,4786," 9,906"," 4,746",£6791,19529,3878,"14,520"
2023-01-02,missing,PAPERBACK,french,stapled, adult ,MACMILLAN,-999,1st,No,Yes,NaN,18+,americas,Us,yes,9141,4269," 7,472","14,887",8693,"18,884",19764,-999,,4003
17/02/2021,fantasy,audiobook,japanese,Stapled,NA,Simon & Schuster,yes,2nd,YES,No,top-100,18+,AFRICA,canada,yes,NaN,1436,£13803,£14424,£8614,17915,17616,"15,406",5214,6450
-999,-999,ebook,german,sewn,adult,MACMILLAN, NO ,revised,NO, yes ,NA,18+,,india,yes,£2080,2630,"13,222",£17270,£15791,2220,13368,"11,213",19772,2772
22/02/2024,sci-Fi,paperback,ENGLISH,glue,Ya,NA,Yes, 1st ,YES,NO,TOP-100,13-17,ASIA,Uk,no,10904,missing,£10162,1241,NA,14849,£9465,£8147,£4869,13758
"Jun 21, 2024",biography,ebook,japanese,Glue,Ya,MACMILLAN,no, 1st ,-999,yes,TOP-100,18+,europe,japan,YES,8729,6580," 6,278",6875,"11,878"," 7,497",3465,missing," 9,193",missing
2021-07-17,History,EBOOK, spanish ,glue,adult, Macmillan ,No,3rd, no ,no,NaN,6-12,OCEANIA,canada,No,19572,£10867,16279,£448,17775,£1541,10408,8090,NA,£16437
"Jan 18, 2021",NaN,hardback,japanese,sewn,Children,macmillan,missing,REVISED,NO,no,Top-10,18+,europe,uk,yes,NA,5505,19872,19471,18299,12287,"11,653",£15575,8525,NaN
missing,Romance,Paperback,french,-999,ya,simon & schuster,no,2nd,no,yes,Top-10,13-17,europe,UK,no,NaN,18348,£4598,missing,14223,6774,6062,missing,NaN,11660
26/03/2021,ROMANCE,Hardback,spanish,,,PENGUIN,yes,3rd,Yes,Yes,Long-Tail,13-17,Americas,japan,no,14683,7154,"12,288",8077,8856,4829,19731,12140,2698,3767
2021-09-21,missing,hardback,NA, glue ,YA,Penguin,NO,revised,no,NO,top-10,0-5,AFRICA,india, yes ,7004,8656,10138,NaN,," 9,965","14,102",11277,11540,16007
11/07/2023,history,NA,english,sewn,children,Simon & Schuster,no,revised,No,yes,missing,13-17,oceania,Japan,no,"16,759",-999,£8521,13914,"17,213",missing,12372,3178,"16,058",18802
07/06/2023, sci-fi ,Ebook,japanese,sewn,ADULT,simon & schuster,YES,3rd,Yes,YES,top-100,13-17,oceania,uk,no,7664,19351,"11,486",15369,£17632,NA,15054,10504,£15673,NaN
2024-09-12,romance,PAPERBACK,Japanese,Sewn,ya,Simon & Schuster, No ,1st,yes,No,TOP-10,6-12,NaN,missing,yes,259," 4,512",12371,15628,2383,£16169,£9044,2359," 9,889",NaN
"Nov 20, 2022",-999,ebook,JAPANESE,spiral,ADULT,missing,Yes,-999,No,missing,long-Tail,6-12,Americas,uk,Yes,£1225,"11,040"," 7,511",17466,16199,,,NaN,11338,11129
2021-12-18,thriller,AUDIOBOOK,SPANISH,spiral,Children,penguin,yes,2nd,Yes, NO ,top-10,0-5,americas,missing,YES,£2403,19244,4335,6752,16818,£18091,NaN,4364,128,NA
NaN,biography,Paperback,english,spiral,ya,HARPERCOLLINS,yes,1ST,NO,YES,LONG-TAIL,18+,-999,-999,missing,13225,"11,242",6669,1049,£6029,7068,12014,214,3641,-999
"Jun 07, 2021",SCI-FI,AUDIOBOOK,french,stapled,adult,harpercollins,yes,1st,no,no,long-tail,18+,europe,india,no,200,-999,17127,10845,NaN," 5,266",4844,£8076,1838," 3,340"
27/01/2024,THRILLER,Hardback,french,GLUE,YA,penguin,No,3rd,yes,yes,Top-100,6-12,americas, japan ,no,   672,471," 7,921",missing,8658,£1997,£133,"15,679",4965,£5415
"Jul 01, 2022",biography,ebook,german,sewn, ya ,macmillan,no, 1st ,NaN,yes,Top-10,6-12,,canada,yes,8032,10230,4464,3610,9574," 5,082",9392,,£2624,14447
missing,history, hardback ,spanish,glue,ADULT,harpercollins,Yes,1ST,NO,,long-tail,13-17,OCEANIA,INDIA,YES,7656,4735,£2992,562,£15397,"17,202",12508,missing," 3,888",£9056
2023-10-29,ROMANCE,hardback, FRENCH ,sewn,CHILDREN,harpercollins,no,2nd,no,no,top-10, 13-17 ,africa,canada,no,4548,£6532,NA,11133,£3372,4697,£9613,15932,-999,17583
NA,thriller,hardback,german, STAPLED ,ya,NaN, YES ,revised,yes,yes,-999,13-17,oceania,Japan,yes,1146,£12836," 9,741",£2729,£4666,£19051,13428,17407,NaN,6422
2022-06-19,Romance,hardback,spanish,SPIRAL,children,harpercollins,no,Revised,yes,no,NA,,NaN,JAPAN,YES,16969,8576,NaN," 1,997",NA,missing,12021,-999," 6,802",£19511
2024-12-22,thriller,hardback,German,sewn,Children,Penguin,yes,1st,no,NaN,LONG-TAIL,13-17, americas , us ,YES,"13,917",15251,18418,£9655,7190," 6,151",18962,176,17141,NA
09/01/2023,romance,paperback,spanish,spiral,ya, Penguin ,No,1st,yes,Yes,Long-Tail, 6-12 , asia ,-999,,NA,1803,"10,129",129,-999," 9,738",-999,7460,12312," 7,588"
2021-08-07,thriller,NaN,english,SPIRAL,ya,PENGUIN, no ,2nd,no,yes,NaN,18+, americas ,NA,YES,£5706,1428,£8273,£1297,19858,8141,19138,18094,19666,13196
21/07/2024,history, ebook , german , GLUE ,Adult,harpercollins,Yes,2nd,missing,NO,Top-100,18+, oceania ,canada,yes,4152,£18289,2646,missing,£6358,8441,"12,716"," 4,276",11075,2326
15/03/2021, history ,audiobook,spanish,Glue,ya,penguin, yes ,Revised,No, Yes ,long-tail,0-5,Asia,canada,No,3353,£11388,8528,15003,8238,15090,7915,"11,322",£8989,1880
NaN,thriller,hardback,-999,Glue,ADULT,penguin,No, 2nd ,Yes,yes,top-10,6-12,oceania,japan,No,19322,11689,"14,517",66," 3,231",11675,3170,,£7967,6535
2021-03-30,sci-fi,ebook,german,stapled,adult,HARPERCOLLINS,no,missing,no,no,top-100,6-12, americas , UK ,Yes,10159,£15284,missing,NaN,4007,£6577,9553,14162,19200," 2,852"
30/10/2024,,ebook,german,Glue,ya,MACMILLAN,YES,1st,yes,No,top-100,6-12,EUROPE,-999,no,£16757,17710,16955,£18694,14274,NA,3347,-999,£3983,1137
21/04/2022,BIOGRAPHY,hardback,spanish,sewn,NA, macmillan ,Yes,3rd, No , YES ,NaN,6-12,asia,us,yes,"19,769",16853,8091,15484,3459,11956,19991,"13,674",7234,2887
07/01/2022, sci-fi ,Hardback,german,Glue,NaN,Penguin, yes ,NaN, yes ,no,long-Tail,13-17,europe,japan,Yes,5952,10715,£3698,18174,9411," 1,297",£7409,14365,£7783,£18129
17/03/2024,history,Audiobook,Japanese,spiral,children,harpercollins,yes,3rd,Yes,YES,Long-Tail,6-12,-999,uk,no,3874,18203,-999,17906,91,12360,14667,7782,£8531,"18,187"
"Sep 10, 2022",history,audiobook,german,sewn,Ya,Macmillan,yes,1st,yes,no,Top-100,0-5,europe,UK,yes,3549,£4610,6323," 1,818",5995,£9170,579,8311,"19,389","19,125"
10/07/2024,romance,NA,ENGLISH,spiral,adult,penguin,no,1st,Yes,YES,TOP-10,NaN,europe,india,yes,10873,£18170,NA,£9940,-999,19623,11,14713,6479,16458
03/12/2024,fantasy,paperback,Spanish,stapled,ADULT,penguin,NO,3rd, yes ,NO,top-100,0-5, Asia ,uk,YES,16065,"11,916",£280,5015,4484,£3917,562,173,16906,14457
09/06/2022,biography,,NA,spiral,YA,Harpercollins,No,missing,no,no,top-10,13-17,europe,us,No,"18,531",8681,-999,5604,£4730,,12038,"11,432",18104,missing
2024-04-18,romance, hardback ,german,sewn,ya,SIMON & SCHUSTER,YES,1st,,Yes,long-tail,missing,americas,japan,No,5922,£2076,10450,7355,1586,10440,missing,7257,14194,NA
20/10/2021,missing,paperback,french,NA, adult ,Harpercollins,yes,revised,no,no,top-100,0-5,asia,us,no," 9,758","14,537",4120,NA,£8331,NaN,15739,9174,missing,NA
30/04/2022,biography, paperback ,german,, ya ,macmillan,NO,Revised,no,no,NA, 6-12 ,AFRICA,-999,YES,-999,7740,£13046,10553,NaN,-999,8463,18627,17297,2890
26/11/2023,Romance,EBOOK,German,glue,ya,-999,No,NaN,YES,,top-100, 0-5 ,africa,NaN,Yes,5458,£11787," 1,196",2507,10108,"12,907",14967," 2,822",5614,8394
14/03/2022,FANTASY,hardback,german,spiral,adult,HARPERCOLLINS,No,3rd,NO,no,top-100, 6-12 ,africa,us,YES,17405,2369,14366,NA,£5914,5567,2798,10874,13264,£6337
24/06/2022,thriller,PAPERBACK,spanish,glue,adult,NA,No,NA,NA,no,long-tail,18+,asia,canada,NO,"16,314",1600,£5626,£7670,14397,17507,14183,9266,£2568,16994
NaN,ROMANCE,Audiobook,english,stapled,CHILDREN,NaN,yes,2ND,yes,Yes,-999,0-5,africa,canada,no,£3195,"14,700",1800,14541,10190,"18,415",15229,13245,121,6669
19/04/2021,thriller,hardback,spanish,Spiral, adult ,harpercollins,YES,3rd,Yes,no,Top-10,13-17,americas,India,YES,201,10936,£8880,4238,3411,10360,-999,13570,£1771,-999
"Nov 30, 2023",FANTASY, paperback ,NaN,NaN,YA,macmillan,yes,REVISED,No,YES,Top-100,18+,OCEANIA,uk,no,"19,888","17,042",14008,NaN,NA,2344,13008,19791,"10,525",£2530
21/12/2023,sci-fi,audiobook,GERMAN,missing,adult,harpercollins,NO,NaN,yes,no,top-10,0-5,OCEANIA,India,no,13203,2085,£3364,£13948,4513,10641,NA,7085,£15979,NaN
22/09/2021,romance,ebook,english,sewn,adult, MACMILLAN ,no,2nd,no,no, Long-Tail ,18+,Europe,india,no,2865,19943,NaN,1767,19497,3079,9106,4322,9416,"14,291"
23/05/2023, History ,audiobook,missing,stapled,Children,macmillan, no ,3RD,yes,no,top-100,6-12,africa,india,yes,8494,15243,8133,17174,£5905,4141,NA,16413,223,£10662
2023-06-20,romance,Hardback,Japanese,glue,YA,simon & schuster,no,2nd,yes,YES, TOP-10 ,NA,americas,us,NO,15100,4915,£8085,"12,990",13051,"18,862",6388,,9560,£8623
19/09/2024, Biography ,EBOOK,french,SPIRAL,children,Penguin,yes,1ST,YES,no,top-100,0-5,oceania,uk,Yes," 5,127",13235,14096,£6748,NA,14627,1395,NaN,7626,10514
10/06/2022,thriller,paperback,french,STAPLED, children , penguin ,Yes,2nd,no,No,top-100,6-12,Oceania,JAPAN, yes ,£7389,£13784,19419,7205,£1070,,5173,NA,3613,£19946
28/06/2023,Fantasy,ebook,japanese,sewn,ya,macmillan, no , 3rd ,YES,YES,top-100,0-5,Americas,Uk,missing,NaN,77,£14666,1150,missing,8977,12516,7675,8474,13398
2022-06-04,history,NA,NA,NaN,Adult,penguin,no,3RD,No,yes,long-Tail,13-17, europe ,-999,YES,"16,647",10412,£9672,£15561,-999,3484,18594,1184,11320,19854
03/06/2023,romance,PAPERBACK,spanish,spiral,missing,macmillan,YES,1ST, no ,NO,-999,-999,Africa,us, yes ,379,7029,"11,736",13303,6007,2554,-999,19611,"14,279",4528
"Mar 21, 2024",thriller,missing,german,sewn,NA,simon&Schuster,NO,1st,,missing,TOP-10,18+,missing, US ,Yes,2862,7505,7297,1649,5306,£11610,4958,£12435,missing,7630
12/06/2022,history,audiobook,NA,stapled,Ya, MACMILLAN ,yes,2nd,No,Yes, top-10 ,missing,europe,INDIA,yes,18920,3906,£5982,£9236," 9,571",11687,2138,"16,929",£7839," 8,455"
10/11/2023,BIOGRAPHY,NA,NA,Spiral,ya,simon_&_schuster,No,2nd,no, yes ,NA,0-5,oceania,India,YES,"19,260",£19473,14611," 7,025",£18697,18766,13029,9299,NA," 2,102"
23/09/2023,fantasy,paperback,JAPANESE,glue,ya,-999,yes,1st,no,no,top-100,0-5,Asia,canada,yes,5642,18871," 5,848",,995,2998,7577," 2,019",8447,15188
08/10/2022, sci-fi ,EBOOK,german,stapled,Ya,macmillan,missing,revised,yes,yes,Long-Tail,13-17, Americas ,uk,yes,19783,missing,£16809,12625,6805,19398,missing,£18823,15377,4318
2022-12-25,thriller,Hardback,french,glue,CHILDREN,harpercollins,no,2nd,NA,no,top-100,6-12,asia,canada,yes," 5,762",£19616,3678,11704,15147,£13024,11351,"18,110",missing,9435
21/11/2022,missing,audiobook,german,sewn,ADULT,NaN,NA,,missing,no,top-100,13-17,africa,US,yes," 1,439",£1066,2621," 5,619","10,383",2143,17062,3676,missing,NaN
"Jun 24, 2024",Biography,ebook,Japanese,sewn,ya,macmillan,Yes,NA, no ,no,Long-Tail,missing,Europe,US,NA,10972,£5654,3517,£14533,4348,18855,NaN,-999,15226,4779
18/05/2024,Sci-Fi, hardback ,French,sewn,children,penguin,NO,1st,yes,YES,missing, 13-17 ,Asia,India,no,9690,£3863,£2316,7990,"14,480",-999,£9154,918,7616,11034
2021-08-13,thriller,paperback,japanese,Sewn,CHILDREN,SIMON & SCHUSTER,no,2nd,NA,NO,top-10,NaN,oceania,UK,no,5139,"13,202",12700,NaN,£15108,1573,£6445,"15,844",6141,
2024-06-19,thriller,HARDBACK,-999,glue,adult,Simon & Schuster,NO,2nd,No, NO ,top-10,0-5,,japan,YES,15086,14954,2758," 8,788",8445,"13,649",NA,367,"11,135",missing
2023-02-05,history,ebook, spanish ,spiral,ADULT,harpercollins,yes,-999,NaN,-999,,6-12,NaN,canada,No," 6,450",£3722,missing,NA,£8897,6881,15424,£12477,£9339,102
"Mar 21, 2022",romance,PAPERBACK,English,glue,NA,SIMON & SCHUSTER,yes,NA,NA,yes, TOP-100 ,13-17,europe,uk,yes,15518,NaN,NaN,12429,£18932,4310," 3,587",11123,NaN,209
"Aug 22, 2021",-999,NA,NaN,stapled,adult,Simon & Schuster,no,REVISED,Yes,missing,Top-100,13-17,Asia,Uk,no,2395,8162,13548,17942,19507," 7,346",7050," 2,660","15,942",£10528
18/05/2022,sci-Fi,PAPERBACK,German,Glue,-999, penguin ,No,REVISED,no,no, top-100 ,6-12,OCEANIA,NaN,no,10404,3181,"11,926",645,10825,-999,"13,673",7804,10666,9236
07/04/2023,history,Ebook,missing,Stapled,children,PENGUIN,-999,revised,no,NO,-999,missing,oceania,japan,no,1916,£3430,2704,14690,£1296,£5895,NaN,£9795,3648,5236
10/08/2023, history ,PAPERBACK,NA, GLUE ,ya,Harpercollins,no,2nd,No,yes,NaN,18+,OCEANIA,uk,Yes,17081,   233,NA,428,11928,-999,£802,13216,16578,
22/06/2022,thriller,audiobook,english,GLUE,adult,harpercollins,YES,1st,NaN,yes,top-100,18+,africa,india,no,"19,719",2646,£88,"15,553",NaN," 5,228",3944,15680,"11,267","11,052"
2022-09-10,History,hardback,spanish,spiral,Children,,NO,1st,No,no,top-100,6-12,asia,india,NaN,13109,7501,66,16756,5229,missing,1373,£14460,1308,6538
2021-11-25,ROMANCE, AUDIOBOOK ,french,missing, adult ,NaN,NO,revised,No,NA,top-100,18+,asia, US ,yes,1575,7466,2894,8316,4783,12132," 6,011",NaN,"18,789",£7293
"Nov 25, 2023",sci-fi,EBOOK,spanish,glue,NaN,harpercollins,yes,2nd,yes,YES,Top-10,13-17,europe,japan,YES," 7,647","19,442",12781,2002,19293,959,252,11141,15770,
"Jun 22, 2022",fantasy,audiobook,french,Spiral,ADULT, macmillan ,YES,2ND,no,yes,Long-Tail,6-12,asia,CANADA,yes,7159,£2625,£6861,-999,NaN," 5,857",18195,14287,17195,-999
"Mar 29, 2021",history,ebook,french,spiral,adult,Penguin,No,1st,No,missing,top-100,0-5,oceania,India,YES,7754,£15047,2260,"16,798",18392,7326,10414,18415,NaN,18081
2021-10-26,NA,audiobook,NA,sewn,Children,harpercollins,YES, 3rd ,yes,No, TOP-100 , 6-12 ,oceania, Canada ,yes,17170,11737,12826,18465,£890,8472,536,17447,£65,NA
23/05/2024, biography ,EBOOK,GERMAN,sewn,missing,PENGUIN,no,missing,yes,yes,top-10,-999,americas,uk,NO,-999,19464,-999,   595,5907,£15688,4289,9975,12992,"10,130"
"Feb 04, 2021",Sci-Fi,audiobook,FRENCH,NaN,Children,NA,no,3rd,no,no,long-tail,13-17,europe,us,yes,£8774,missing,3656," 1,805","10,391",19552,10349,,£14269," 3,672"
2024-04-20,biography,NA,Japanese,spiral,children,NaN,yes,3rd, yes ,-999,missing, 0-5 ,americas,CANADA,yes,7067,£13435,10817," 4,244",19516,-999,18410,missing,15835,9178
13/12/2022,THRILLER,PAPERBACK,,sewn,children,MACMILLAN,yes,Revised,yes,yes,top-100,13-17,europe,us,NO,,"16,640",£8018,£1863,missing,11157,18335,£17377,£12874,£2099
2022-12-29,HISTORY,paperback,spanish,STAPLED,ADULT, simon_&_schuster ,yes,revised,yes, yes ,long-tail,18+,europe,INDIA,Yes,14837,£7259,"14,623",16915,"17,539",5991,"18,124",NA,11278,1653
2024-08-04,FANTASY,hardback,german,SEWN,children, simon & schuster ,yes,Revised,NA,missing,top-10,6-12,Americas,Canada,no,123,18855,1303,16649,17570,17398,£6160," 6,706",,NaN
2024-11-11,FANTASY,,JAPANESE, Spiral ,ADULT,harpercollins,yes,1st,NaN,YES, top-10 ,18+,Africa,Uk, yes ,4662,"19,754",£175,NA,15026,17144,£4881,14403,10322,-999
08/05/2021,missing,Paperback,,,Adult,macmillan,,,no,no,top-10,6-12,oceania,INDIA,Yes,8369,8592,-999,8174,16582,"14,722",£14277,4580,NaN,19454
-999,,HARDBACK,German,Stapled,adult,simon&Schuster,missing,-999,Yes,yes,missing,13-17,OCEANIA,india,yes,missing,2780,948,4866,3222,5863,"11,966",NaN,,10579
,biography,Audiobook,FRENCH,sewn,ya,Harpercollins,Yes,1st,yes,yes,TOP-10, 13-17 ,oceania,japan,no,-999,19565,19237," 7,221",1646,17849,9470," 3,919",£19429,8125
2023-04-30, romance ,PAPERBACK,French,Glue,ya,missing,Yes,1st, yes ,yes,Top-10,18+,africa,Japan,no,,-999,1554,-999,17630,3011,£4562,"15,903",16273,"16,668"
NA,HISTORY,Hardback,german,GLUE,ADULT,penguin,missing,1st, NO ,yes,top-10,6-12,europe,uk,no,NaN,£2289,9905,missing,16914,977,19249," 3,967",1095,19617
2021-09-04,NaN,ebook,english,stapled,Adult,harpercollins,No,3RD, yes ,Yes,long-Tail,13-17, africa ,uk,no,"13,870",£9959,16650,£12993,14683,2918,£16363,16244,11362,-999
10/05/2024,history,EBOOK,japanese,GLUE,Adult,penguin,-999, 3rd ,yes, Yes ,long-tail,6-12,NaN, japan ,YES,£10906,2432,£2023,"10,201",2695,5094,£16870,"11,577",£8320,1653
"Jan 30, 2024",history,Ebook,spanish,spiral, children ,-999,Yes,3rd,no,no,top-10,,oceania,Canada, yes ,1979,16943,8590,NA,5601,17341,10718,11466,£1240,16616
2022-07-15,fantasy,paperback,GERMAN,sewn,CHILDREN,penguin,-999, 2nd ,yes,no,top-10,13-17,AFRICA,Canada,NA,£19292,missing,14621,1199,NA,973,£15160,15424,12128,5269
"Feb 22, 2023",biography,audiobook,German,glue, children ,harpercollins,no, 3rd ,NO,NO,long-tail,18+,EUROPE,canada,,1661,,5110,13268,12248,12718,19123,12529,1887,4865
11/09/2023, thriller ,missing,NaN,missing, children ,harpercollins,-999,NA, YES ,no,top-100, 6-12 ,Asia,US,yes,14051,11940,2816," 4,551",missing,£583,6337,"15,242",£9855,£12045
30/12/2023,biography,audiobook,missing,SPIRAL,ya,penguin,yes,revised,no,NO,-999,6-12,asia,us,Yes,18705,-999,,13798,2044,£13325,£3759,missing,7049,13289
20/09/2024,-999,paperback,JAPANESE, glue ,adult,macmillan,no,2nd,no,Yes,long-tail,NA,africa,,no,"14,628","17,393",£19115,"19,618",13700,1080,£13215,£446,6808,8576
02/03/2024,, audiobook ,french,stapled,CHILDREN,penguin,no,3RD,yes,no,long-tail,6-12,EUROPE,Japan,no,£10035," 7,368",6195,-999,"11,032",6307,£10352,£4480,16207,3841
2024-09-17,-999,Audiobook,SPANISH,glue,YA, SIMON & SCHUSTER ,No,2nd,No,No,top-100,18+,Oceania,NaN,No,£11345,missing,6433,16212,7961,3761,14743,10117," 1,291",17375
"Dec 02, 2022", romance ,paperback,spanish,, Children ,simon_&_schuster,no,1st,Yes,YES,top-10,0-5,Asia,Japan,no,14480,2278,16411,12062,"14,610",£6352,4087," 9,515",4384,"12,013"
24/12/2021,biography,paperback,NA,missing,ya,harpercollins,,3rd,yes,yes,LONG-TAIL,0-5,oceania,canada,,667,14837,17359,10065,1485,12811,"13,238",5978,missing,NA
2022-11-18,sci-fi,AUDIOBOOK,spanish,spiral,adult,penguin,YES,REVISED,No,yes,long-tail,6-12, asia ,india, No ,NA,missing,16068,£18867,6112,183,-999,5895,£15323,5818
16/02/2022,Thriller,Paperback,french,missing,children,harpercollins,no,revised,Yes,no,top-100, 13-17 ,americas,,no,£12823,missing,14260,11321,,13405,5187,"15,746"," 7,372",
2023-10-26,missing,audiobook,Japanese, STAPLED ,NA,NaN,no,3RD,yes,yes,LONG-TAIL,18+,oceania,JAPAN,yes," 5,304",14877,2076,1179,2631,6968,£17030," 5,253",6219,3146
05/05/2024, biography ,paperback,spanish,glue,adult,,no,NA,, YES ,NA,6-12,-999,uk,yes,7909,NA,NaN,1197,12943,7871,4749,88,missing,"18,784"
2024-11-23,SCI-FI,Paperback,english,spiral,adult,macmillan,no,revised,no,No,TOP-10,6-12,NA,uk,Yes," 8,402",4931,£17272,-999,14586,5095,6423,£6744,£10324,6281
19/06/2022,thriller,audiobook,JAPANESE,Spiral, children ,penguin,No, 3rd , yes ,Yes,long-tail,13-17,africa,japan,No,17181,15483,"16,180",17444,9820,"19,309","17,258",19881,3517,£4900
"Jan 04, 2021",romance, ebook ,japanese,spiral,-999,PENGUIN, yes ,2nd,YES,No,long-Tail,NA,africa,NA,Yes,724,£3702,   503,,10655,NaN,15952,£12186,£17282,£8427
"Jul 20, 2021",biography,Ebook,english,NaN,Adult, macmillan ,no,1st,no,NaN,top-100,6-12, africa ,Canada,NaN,£5625,18808," 6,014",17355," 3,372",13527,NA,12341,12431,NaN
14/05/2023,biography, Audiobook ,Japanese,glue,ADULT,penguin,yes,revised,no, YES ,Top-10,6-12,oceania,uk,yes,1046,10234,4944,15412,-999,12300,1277,£15369,2940,-999
2022-04-18,history,audiobook,japanese,sewn,Ya,missing,yes,-999,no,NO,TOP-10,6-12,asia,us,no," 6,537",9068,19803,£9901,4914,"13,446"," 5,673",19342,17000,NaN
18/11/2021,romance,PAPERBACK,german,SPIRAL,adult,PENGUIN,yes,1st,yes,no,top-10,6-12,europe,INDIA,no,2254,4396,17943,10838," 1,205",1419,£14029,£13841,-999,15826
28/07/2022,fantasy,-999, Spanish ,NA,YA,PENGUIN,NA,1ST,yes,missing,top-10,missing, africa ,us,yes,£12432,"19,787"," 4,105",£9640," 1,400",1074,2919,   832,," 6,126"
2024-03-02,NaN,paperback,japanese,spiral,NaN,-999,no,3rd,No,no,long-Tail,0-5,asia,us,no,4517,5362,NaN,"16,648",7897,NA,£631,13820,11059,
2024-11-05,history,Paperback,french,stapled,children,harpercollins,,3rd,no,No,top-100,18+,oceania, india ,Yes,1467,,£5710,£2366,19648,11928,£9421,2036,7182,"16,056"
2024-08-16, THRILLER ,hardback,german,-999,Children,Harpercollins,,3rd,No,no,-999,18+,africa,uk, NO ,£18737,12361,17205,16228,19975,9427,£7477,18174,5063," 6,896"
20/08/2024,Fantasy,audiobook,ENGLISH,stapled,adult,Penguin, Yes ,1st,no,NO,NA,13-17,Europe,india,no,missing,5553,,207,£14444,£19453,4366,NaN,7483,"12,007"
27/09/2021,Biography,Hardback,spanish,sewn,Adult,SIMON & SCHUSTER,yes,1st,yes,no,,13-17,-999,CANADA,yes,11334,8975,12279,   247,8375,£15137,15811,14888,£1980,13328
17/01/2023,Biography,paperback,english,sewn,Children,harpercollins,Yes,NaN,-999,no,long-tail, 0-5 ,Europe,canada,yes,£4769,17918,182,£12643,£14240,19586,11158,6831,11753,15949
2023-08-04,HISTORY,HARDBACK,french,spiral,YA,penguin,yes,revised,no,No,top-10,NaN,oceania,INDIA,NaN,6532,11553,1599,13222,11900,12903,5380," 1,119",£12439,12792
16/04/2022,fantasy,PAPERBACK,japanese,glue, children ,SIMON & SCHUSTER,-999,2ND,yes,NO,NA,13-17,Asia,canada,no,-999,NA,5202,3313,335," 9,172",2541,1578,NA,missing
2023-10-06,biography,audiobook,French,spiral,ya,penguin,NO,2nd,YES,yes,long-Tail, 18+ ,asia,canada, Yes ,18429,14885,13859,missing,14018,14955,17251,£5502,6482,18583
01/08/2022,fantasy,audiobook, japanese ,stapled,YA,penguin,-999,2nd,yes,yes,long-Tail,6-12,AMERICAS,us,NO,9680,"17,245",£12688,8014,NA,NA,18984,6968,11475,missing
11/12/2022,ROMANCE,NA,german,NaN,Ya,MACMILLAN,No,NaN, no ,NO,top-10,6-12,Europe,japan,YES,£3822," 9,833",6140,£19671,£12504,£19979,978,£9631,   502,9466
2024-06-03,sci-fi,PAPERBACK,GERMAN,Sewn,Adult,HARPERCOLLINS,NO,Revised,No,no,long-Tail,0-5,americas,canada,NO,NA,£132,17440,£16322,10795,16590,995,7217,£10637,"10,255"
2024-01-13,biography,Audiobook,english,sewn,children,harpercollins,Yes,revised,No,No,top-100,18+,europe,India, no ,5863,6830,6937,14753,18736,5901,"13,224",15511,-999," 3,327"
NaN,thriller,paperback,japanese,-999,NaN,PENGUIN,yes,NaN,no,NO,top-100,13-17,missing,-999,yes,7688,"17,853"," 2,500",4919,18851,NA,7836,12131,14619,£19530
08/10/2024,ROMANCE,paperback,,,Ya,macmillan,-999,revised,YES,missing,NA,6-12,NA,UK,no,"19,503",1917,£6408,16819,770,16010,£14211,,NaN,16065
2024-10-14,Fantasy,PAPERBACK,FRENCH,stapled,ya,macmillan,YES,2ND,no,No,long-Tail,6-12,missing,India,no,NaN,,"17,659",£8983,£12236,£4859,missing,8328,14275,
2024-01-03,sci-Fi,EBOOK,french,,adult,HARPERCOLLINS,NO,3RD,no,yes,LONG-TAIL,0-5,africa,Us,yes,£4455,19864,18406,"13,159",8168,2003,£5080,"15,665",8899,£1313
,fantasy,ebook,japanese,stapled,Adult,harpercollins,Yes,1st,yes,yes,top-10,13-17,europe,us,no,"14,286",£9694,19058,17648,13987,633,7908,17332,1561,288
2021-10-29, FANTASY ,PAPERBACK,NaN,Stapled,children,harpercollins,NO,revised,NO,no,long-Tail,6-12,OCEANIA,japan,no,4687,-999,4890,   803,9976,"11,749",16052,2785,8514,£10817
13/11/2023, fantasy ,hardback,GERMAN,sewn,Children, penguin ,no,Revised,yes,No,long-tail,18+,Europe,canada,yes,missing,18495,5089," 4,089"," 5,247",3678,"16,862",£4869,11733,missing
04/01/2021,fantasy,audiobook,french,sewn,ya,MACMILLAN,no,2nd,, no ,long-tail,0-5,Europe,japan,Yes,15477,,17607," 7,160","19,551",5486,15257,£3791,15064,16138
"Oct 17, 2024",biography,paperback,german,spiral, Adult ,missing,no,2nd,YES,Yes,,18+,asia,missing,NO,NA," 7,303",6356,14420,£5069,6871,7381,NaN,"19,880",14046
05/03/2023,fantasy,EBOOK,german,SPIRAL,YA,penguin,no,3rd, NO ,yes,top-10,6-12,oceania,canada,-999,"19,503",16056,13949,£15844,NaN,£11714,"17,951",8207,£8784,12415
NaN,thriller,missing,French,glue, ya ,harpercollins,NaN,3rd,YES,yes,Long-Tail,13-17, europe ,canada,Yes,£7825,11983,9375,5652,£16384,,18072,12984,missing,£1892
2024-04-29,THRILLER,ebook,English, glue ,Ya,Harpercollins,No,revised,No,no,long-tail,NaN,AMERICAS, Japan ,yes,5653,12653,£19026,16763,7254,4270,18739,18767,5579,17978
2024-02-24, biography ,hardback,NA,SPIRAL,Children,macmillan,yes, 3rd ,YES,YES,top-10,6-12,asia,us, yes ,,£15887,8928,2154,12169,£10204,11458,£5747,NA,10375
2022-01-29,BIOGRAPHY,Hardback,french,-999,YA,Penguin,no,2nd,no,NO,NaN,6-12,AMERICAS,India,missing,10417,7891," 1,356","12,824",1684,missing,16299,7158,7050,£15589
2022-08-08,fantasy,hardback,english,NaN,ya,penguin, NO , 3rd , no ,no, top-10 ,0-5,Africa,Japan,no,"16,488","18,783",15117,missing,"17,312",NaN,16431,15043,13403,4183
07/11/2024,sci-Fi,PAPERBACK,french,spiral,CHILDREN,Simon & Schuster,Yes,REVISED,YES,Yes,TOP-10,13-17,EUROPE,India,NO,NA,10331,£14640,£4289,12506,281,15970,19624,£10894,17107
2023-12-11,sci-Fi,Hardback,japanese,stapled,ya,missing,no,3RD,no,-999,Long-Tail,13-17,oceania,Us, No ,19654," 4,260",13039,£16051,13140,11296,2827," 3,942",6349,7804
2024-07-06,thriller,hardback,JAPANESE,spiral, CHILDREN ,macmillan,no, 2nd ,YES,Yes,LONG-TAIL,6-12,Oceania,japan,No,8483,17293,4698,3853,,-999,£11048,14339,2166,17640
2024-08-01,fantasy,Audiobook,-999,sewn,ya,-999,no,2nd,yes,Yes, top-100 ,18+,OCEANIA,Uk,no,£4821,19126,9771,4681,£2239,£10328,11016,£13900,12119,3425
30/03/2023,sci-fi,paperback,Spanish,stapled,adult,harpercollins,NO,revised,NaN,No,TOP-10,6-12,oceania,japan,yes,3005,4929,4033,17561,1508,17222,6089,18175,,16011
"Jul 21, 2024",romance, HARDBACK ,ENGLISH,Stapled,adult,harpercollins,yes,NaN,NA,Yes,LONG-TAIL, 6-12 ,africa,INDIA,no,5965,171,16394," 4,630",12568,£2588,18876,"18,607",7229,-999
2024-02-13,history,ebook,Spanish,GLUE,children,HARPERCOLLINS,yes,2ND,yes,NaN,top-100,13-17,NaN,Canada,no,12456,missing,14745," 9,822"," 5,607",12977,NaN,5079,4145,£5720
2021-07-08,FANTASY,ebook,english,sewn,Children,Macmillan,yes,Revised,NO,yes,NaN,0-5,Asia,uk,yes,12168,8358,12196,4391,-999,2956,£8555,-999,8889,£13290
2024-10-28,ROMANCE,NaN,SPANISH,-999,adult,MACMILLAN,yes,revised,no,yes,NaN,0-5,NA,japan,yes,£8362,6501,15745,"18,128",NA,£11378,8188,£5966,18777,11828
10/04/2024,romance,NaN,JAPANESE,STAPLED,children,Macmillan,no,3rd,no,Yes,top-10,6-12,asia,JAPAN, yes ,NaN,    62,16451,"16,212",7215,"17,696",NaN,10421," 3,724",14811
13/09/2023,Biography,hardback,GERMAN,sewn,children,HARPERCOLLINS, yes ,3rd,yes,,long-tail,6-12,americas, canada ,NO,10101,2212,"10,122","14,719",17192,missing,NaN,16007,13200,6010
,History,hardback,Japanese,sewn,-999,SIMON & SCHUSTER,,3rd,no,yes,top-10,0-5,oceania,uk,Yes,-999,18069,7279,7936,17518,"18,852",12026,18068,7365,16686
2024-03-17,history,NA,French,glue,NA,penguin, no ,NA,-999,yes,-999,13-17,africa,, no ,6579,16116,2793,£721,NA,,,missing,15893,18757
2021-01-16,romance,audiobook,English,NaN,adult,penguin,no,2ND,Yes,NA,,6-12,africa,Us,,missing,6735,missing,18708,9726,£12487,£1620,15369,9046,7159
2021-11-07,-999, hardback ,spanish, Spiral , ya ,MACMILLAN,yes,-999,yes,yes,Top-100,6-12,,CANADA,yes,NA,£18276,12458,NaN,8199,10694,9181,2627,17020,8680
2024-10-01,Biography,hardback,JAPANESE,sewn,children,NA,no,REVISED,no,No,NA,6-12,Asia,India,no,6860,8420,5274,4654,5197,11618,missing,18040,19213,17509
2024-09-30,Thriller,Audiobook,FRENCH,GLUE,Children, penguin , Yes ,NA,Yes, no ,top-10,0-5,europe,JAPAN, no ,15256,10631,£11259,18736,8627,174,£4670,£5551,NaN,9326
2022-04-01,Romance,hardback,GERMAN,glue,ya,Harpercollins,no,3rd,NaN, YES ,Top-10,13-17,asia,india,yes," 4,018",£192,11340,17230,£18282,3373,missing,£7401,£4763,-999
11/10/2024,biography,ebook,japanese,glue, adult ,Macmillan,yes,1st,no,Yes,LONG-TAIL,13-17,oceania,NA, No ,£10923,19117,17677,17202,16471," 2,281",6880,£11760,11023,"11,131"
20/12/2021,biography,paperback,french,spiral, Adult ,NA,Yes,REVISED,yes,no,Top-100,0-5,africa,canada, no ,NaN,19794,18997,2648,NaN,£2657,"10,572",2859,16277,£17880
21/04/2023,Thriller,Audiobook,german,sewn,adult,HARPERCOLLINS,yes, 1st ,yes,No,top-100,0-5,asia,india,-999,2076,10500,£18164,£7171,£12898,"19,468",257,missing,797," 6,396"
missing,biography,audiobook,french,spiral,NA,,NA,1st,Yes,yes,LONG-TAIL,6-12,AFRICA, us ,YES,14991,16720,"14,296",£2701,£6862,17055,18206,17846,5159,£13333
2021-11-09,thriller,paperback,japanese,Sewn,Ya,NA,YES,2nd, yes ,YES,long-tail,0-5,oceania,us,missing,10918,12458,missing,14893,10668,3168,15398,10020,14647,8660
2021-02-07,History,HARDBACK,GERMAN,glue,YA,PENGUIN,missing,2nd,no,no,Long-Tail,18+,-999,India,No,missing,,18837,19587,,3184,3054,19245,,"14,931"
25/05/2022,romance,EBOOK,japanese,GLUE,adult,harpercollins, no ,1st,no,Yes,long-Tail,6-12,europe,India,no,15202,7141,£15366,missing,NA,£4272,458,17398,15279,-999
17/12/2021,biography,ebook,japanese,-999,adult,Macmillan,YES,1st,NaN,Yes,TOP-10,13-17,europe, Japan ,yes,9630,9788,8374," 9,926","16,060",14825,£19316,15041,-999,   332
24/02/2021,thriller,audiobook,german,sewn,ADULT,macmillan,no,2ND,NA,YES,TOP-100,6-12,,JAPAN,YES,3683,£16360,483,,-999,5014," 6,575",5194,8064,3543
08/02/2023,biography,hardback,german,stapled,Ya,PENGUIN,-999,2nd,no,-999,long-Tail,18+,asia,canada,YES,£14368,missing," 9,465",7297,,£7826,18456,16603,£19535," 5,243"
13/08/2021,HISTORY,paperback,English,stapled,Children,simon_&_schuster,no,2nd,YES,no,Long-Tail,6-12,europe,india,yes,"16,831",NaN,£9849,,13303,19339,NaN,9950,10386,
2021-04-15, history ,ebook,spanish,glue,-999,simon_&_schuster,No,2nd,-999,yes,top-100,missing,NA,UK,no,2427,647,missing,12414,2958,missing,£571,£19332," 5,526","17,345"
"Jan 04, 2021",BIOGRAPHY, hardback ,NaN,stapled,ya,simon & schuster,yes,1st,yes,no,long-tail,13-17,africa,japan,NO,-999,7828,£3751,£2923,3479,15073,252,£1270,9338,17746
2022-03-04,biography,audiobook,english,stapled, adult ,harpercollins,no,3rd,yes,Yes,long-tail,6-12,AMERICAS,-999,yes,missing,717,-999,"12,241",-999,"17,798",12585,15084,£15114,12094
2024-04-18,thriller,hardback,french,Stapled,CHILDREN,Simon & Schuster,no,Revised,No,Yes,top-10,,oceania,uk,No,8111,6523,8415,16436,"17,997",missing,14507,12719,11697,3879
2022-12-18,BIOGRAPHY,paperback,japanese,spiral,adult,HARPERCOLLINS,,revised,no,Yes,top-100,6-12,africa, uk , No ,"11,301",£3609,"16,665",6460,"18,523",2828,10200,11385,16125,"17,623"
25/05/2023,missing,paperback,french,missing, adult ,penguin,no,2nd,NO,NA,Top-100,18+,asia,Japan,NO,17991,£265,7678,£3367,£4309,12592," 2,155","14,196",4066,7191
2022-07-04,NaN,Audiobook,japanese,Sewn,children,macmillan,yes,3rd,yes,-999,top-100,18+,africa,canada,Yes,£4499,17998,1092,16417,NA,missing,16490,£16757,missing," 5,319"
08/07/2024, thriller ,HARDBACK,japanese,SPIRAL,ya,simon_&_schuster,yes,1st,NO,no,TOP-100, 0-5 ,Africa,us,yes,£9949,13665,NaN,NaN,NA,16315,9097,£15438," 8,789",7734
25/07/2022,NaN,Ebook,Japanese,Stapled,ADULT,harpercollins,NaN,2nd,NO,Yes,Long-Tail,18+, asia ,us,yes,4285,NaN,18081,3740,   208,8768,"15,404",16704,2418,6497
"Oct 14, 2021",fantasy,paperback,japanese,Sewn,Children,MACMILLAN,Yes,1st,no,No,long-Tail, 18+ ,americas,NA,-999,£19534,18167,missing,£11172,"13,314",£13321,5440,12937,16007,4175
10/06/2021,romance,paperback,spanish,sewn,adult,Macmillan,NA,NaN,yes, Yes ,top-100,13-17,oceania,japan,yes," 5,350",15056," 4,774",7100,961,1110,"17,662","14,750",£6845,12966
2024-07-18,-999,NaN, spanish , Stapled ,missing,SIMON & SCHUSTER,yes,2ND,no,No,top-100,0-5,asia,Us, no ,NA,3338,£9497,17261,2849,"14,734","10,666",12008,19645," 4,862"
"Jun 09, 2021",missing,audiobook,-999,STAPLED,,macmillan,yes,NaN,YES, yes ,NA,18+,africa,us,no,£11813,"18,767",12988,missing,,17888,-999,NaN,14380,18694
2024-01-23,Fantasy,PAPERBACK,NA,SEWN,Children,penguin,YES,revised,yes,No,Top-100,0-5,missing,us,yes,19273,£14986,18374,£9217,-999,10979,7137,£17582,8000,9356
04/09/2022,ROMANCE,paperback,english,Stapled,children,-999,yes,,missing,yes,long-Tail,6-12,oceania,india,No,257,NaN,1120,4858,£19436," 4,680",8931,18967,£17245,£14176
2023-04-09,Biography,audiobook,english,GLUE,Ya,missing,no,1st,NO,no,long-Tail, 13-17 ,africa,uk,yes,missing,"15,417",£2263,5725,8976,4840,6946,16109,missing,
2024-12-15,fantasy,hardback,french,GLUE,ya,Penguin,No,2nd,YES,yes, Top-10 ,18+,americas,japan, YES ,15779,-999,£9978,4970,16601," 2,263",NA,NA,8194,"14,276"
2023-05-10,romance,ebook,SPANISH,SPIRAL, Ya ,penguin,YES,Revised, NO ,yes,-999,18+,asia,uk,yes,8146,"16,126",,"16,261",10455,£12304," 3,882",NA,,17464
21/01/2021,thriller,ebook,japanese,Sewn,Adult,PENGUIN,no,revised,yes,no,top-100,18+,africa,India,NaN,6011,19363," 1,791",12253,-999,missing,11242,2602,14459,5006
2022-04-07,history,-999,french,SPIRAL,NaN,macmillan,NA, revised ,yes,no,top-100,13-17,NA,india, no ,17150,"16,403",13444,711,11111,17057,4909,17405,10947,NA
NA,fantasy, paperback ,french,Glue,NA,macmillan,NO,REVISED,No,NaN,long-Tail,missing,NA,Canada,no,"10,703",,16393,1585," 9,743",19654,"11,153",£6487,NaN,"17,596"
2021-04-03,Romance,ebook,GERMAN,stapled, adult ,NaN,Yes,1st,yes,no,top-100,18+,oceania,JAPAN,NaN,NaN,"19,887",-999,5044,9557,14843,13382,£8012,7182,16797
2023-08-16,history,Hardback, german ,sewn, Ya ,penguin,No,3rd,yes,yes,Long-Tail,0-5,Africa,JAPAN,no,3829,7631,4258,missing,17343,"16,625",14436,18191,,-999
08/08/2022,THRILLER,PAPERBACK, japanese ,Spiral,Children,macmillan,yes,3rd,,No,top-10,0-5,oceania,india,no,£17676,19285,-999,NaN,18358,NaN,£16480,19079,11141,6478
"Nov 26, 2023",NaN,paperback,NaN, Spiral ,children,Penguin,No,REVISED,no, Yes ,Top-100,13-17,oceania,india,no,2172,"15,827"," 6,600",1815,,3113,4601,,-999,£667
2022-03-10, thriller ,audiobook,Spanish,Spiral,Children,penguin,,NA,no,no,NaN,0-5,europe,CANADA,NaN,£13440,10093,16238,£7703,6169,17479,"11,433"," 1,894",19790,12157
2022-04-04,fantasy,paperback,JAPANESE,sewn,,Simon & Schuster,,3rd,yes,yes,top-10,18+,americas,uk,YES," 5,870",7263,"16,197",-999,7813,£2781,£7809,15606,"16,428",791
"Mar 19, 2021",thriller,,Japanese,spiral,adult,harpercollins,missing,2ND,Yes,NO,long-tail,0-5,africa,UK,missing,-999,10448,missing,8488,14219,£12220,1332,£15140,£6187,11269
14/05/2021,biography,paperback,Japanese,glue,Adult,Penguin,yes,1ST,YES,No,TOP-100,NA,Oceania,India,Yes,£14566,4331,NaN,£5657,£12715,2200,£8387,£14068,9342,5627
06/12/2023, history ,ebook,japanese,glue,Children,harpercollins,NO,3rd,yes,No,missing, 6-12 ,asia,Canada,No,"18,932","15,650",-999,9997,15448,701,missing,15003,2632,8107
"Aug 20, 2023",romance,Audiobook,English,Stapled,ya,,missing,revised,yes,yes,top-10,13-17,Asia,-999,no,,1525,11678,£8584,14965,7085,£19757,4653,NaN,12027
"Apr 24, 2022",Sci-Fi,hardback,japanese,SPIRAL,missing,harpercollins,NA,3rd,no,no, LONG-TAIL ,18+,africa,CANADA,yes,£2279,£18719,1643,£15933,11203,10984,19708,-999,17975,13979
2022-12-02,BIOGRAPHY,AUDIOBOOK,japanese,STAPLED,Adult, macmillan ,YES,3RD,no,yes,-999,13-17,oceania,Canada, yes ,£4470,NA,£9924,"17,262",14679,missing," 4,485",NA,3610,£8671
2021-11-27,-999,paperback,german,stapled,ya,PENGUIN,no,3rd,no,no,Top-100,0-5,AFRICA,canada,NA,5896,1588,£11090,missing,£2077,7054,-999," 9,325"," 7,664",-999
16/01/2024,History,HARDBACK,JAPANESE,Glue,Ya,HARPERCOLLINS,NO,3rd,no,no,top-10,13-17,americas,NA,yes,missing,£9377,19531,£9939,13335,£5495,15180,-999," 8,688",4319
06/10/2023,Fantasy,NA,french,spiral,Ya,harpercollins,-999,NA,YES,yes,long-Tail,0-5,Americas,Canada,missing,19878,17235,2216,10863,8885,5585,£9049,7813,16670,16957
15/12/2023, biography ,hardback,Japanese,Glue,NaN,penguin,no,1st,no,Yes,top-10,0-5,africa,canada,-999,1603,18096,£17904,2655,NaN,NA,-999,7169,8469,"12,695"
NaN, HISTORY ,NA,German,glue,ya,penguin,no,2ND,YES,yes,missing,6-12,Asia,Uk,no,3756,missing,missing,4998,11531,17200,18478,5533,3248,12575
"Apr 10, 2022",Sci-Fi,ebook,german,Sewn, adult ,harpercollins,-999,revised,NO,no,top-10,0-5, oceania ,INDIA,no,NA,"12,273",£1181,1178,1700,2254,NaN,15797,-999,5618
,HISTORY,EBOOK, french , stapled ,adult,simon_&_schuster,no,revised,missing,yes,Long-Tail,NaN,asia,Us,No,19878,15125,£11755,15885,,£11811,4552,NaN,£3139,"17,745"
02/12/2024,Sci-Fi, hardback ,french,NaN,Children,Macmillan,yes,,Yes,yes,TOP-10,0-5,europe,canada,No," 9,266",£7602,4744,NaN,2787," 8,793",500,"14,567",NA,18175
2023-08-19,Fantasy,hardback,french,Stapled,YA,Penguin,-999,3rd,missing,YES,top-10,,americas,CANADA, no ,£10701,5419,£15987," 6,841","12,359",NA,£17378,17835,13861,-999
2021-03-04,-999,hardback,English,Glue,adult,HARPERCOLLINS,Yes,NA,yes,no,Top-10,6-12,asia,NA,NO,£16958,7050,   546,-999,£16088,NaN,18391,-999,700,£3039
2024-02-02,biography,Ebook,japanese,spiral,ya,harpercollins,yes,3rd,yes,YES,top-10,0-5,americas,india,yes,"11,140",missing,"18,479",19443,5737,£695,-999,15262,   266," 2,002"
"Nov 25, 2023",sci-fi,Paperback,NA,sewn,ADULT,harpercollins,,1st,no,NO,top-100,18+,Oceania,japan,no," 7,544",£8477,-999,2340,"18,961","17,330",195,2920,£6880,19854
23/11/2021,SCI-FI,NA,NaN,,YA,missing, YES ,revised,no,yes,top-10,0-5,americas,uk,yes,7032,£8424,1095,10827," 8,277",14064,£18633,12249,NaN,NA
2021-02-25,Biography,Paperback,German,-999,adult, macmillan ,no, revised ,NO,No,TOP-100,,americas,Us,NO," 8,355","13,782",14720,"16,840",15612,14273,NaN,12729,18491,12053
2022-11-01,thriller,ebook,JAPANESE, STAPLED ,ya,simon&Schuster,YES,3rd,NaN,YES,top-100,0-5,europe,uk,YES,13210,"12,993",3711,9336,11067,8572,13049,17451,£19928," 5,134"
02/07/2024,romance,audiobook,JAPANESE,glue,children,macmillan,yes,2ND,-999, yes ,Long-Tail,13-17,Europe,india,yes,2922,"17,483",£1708,2444,5085,   921,14523," 9,346",   952,£6910
2024-07-06,FANTASY,NA,german,stapled,Ya,macmillan,no, 1ST ,NaN,no,top-10,13-17,Oceania,-999,yes,2235,170,1188,"11,444",11357,6000,11401,"12,056",17702,12768
2023-08-13,FANTASY,Paperback,japanese,stapled,ya, simon_&_schuster ,YES,2nd,yes,YES,,6-12,americas,japan,No,16589,4403,£6454," 7,645",12741,17292,£15339,"16,147",9687,8515
2024-08-28,fantasy,AUDIOBOOK,japanese,glue,ya,HARPERCOLLINS,yes,1st,yes,no,top-100,6-12,europe,india,Yes,8132,5083,-999,£29,7010,£2574,7732,,missing,19934
11/08/2021,Biography,NA,English,sewn,children,HARPERCOLLINS,no,2nd,Yes,YES,Long-Tail,missing,americas,canada,Yes,-999,NA,13071,16341,missing,5519,5069,missing,518,£17303
26/04/2022,romance,audiobook,german,glue,ya,harpercollins,YES,3rd,no, Yes ,top-10,13-17,AMERICAS,Japan,No,£6750,4109,"16,282",17634,6503,missing,13657,2119,11600,6854
2024-07-19,sci-fi, ebook ,french,stapled,adult,macmillan,no,1st,YES, yes ,top-100,6-12,americas,uk,Yes,missing,12229,1435,1199,6023," 7,519",NaN,18473,14990,5100
missing,history,audiobook,SPANISH,stapled,ya,simon & schuster,no,2ND,yes,Yes,-999,18+,asia,uk,yes,285," 5,113",£6205,13944,207,£19312,19611," 6,245",£17676,£1291
2021-06-11,fantasy,AUDIOBOOK,Spanish,Glue,ADULT,simon_&_schuster,yes,REVISED,yes,no,NaN,missing,ASIA,INDIA,YES,13398,"13,736",14464," 1,243",1499,16429,   375,NA,6057," 3,788"
2022-11-25,biography,ebook,french,missing,children,Harpercollins,,1st,No,no,TOP-100,13-17,africa,India,YES,£2760,£15866,10422,£15626,£3193,£18720,16056,16784,17801,13472
09/02/2021,HISTORY,ebook,french,stapled,YA,HARPERCOLLINS,YES,2nd,no,yes,top-100,18+,Asia,Canada,missing,NA,15471," 5,638",8164,   839,17046,"10,707",4113,"18,346",18957
2024-01-25,Romance,hardback,english,stapled,YA,Macmillan,no,2ND,yes,no, TOP-100 ,18+,Americas,-999,yes,5658,4581,   143,18796,3972,£162,17745,2789,NaN," 3,928"
27/10/2024,romance,audiobook,missing,sewn,ADULT,harpercollins,-999,missing,No,yes,top-100,18+,oceania,us,NO,£11238,17227,8626,9428,missing,-999,NA,12040,10613,NA
"Apr 28, 2022",Fantasy,Paperback,JAPANESE,spiral,children,Penguin,YES,3rd,yes,no, long-tail ,18+,europe,NaN,no,18632,18802,£13372,£794,"16,558",795,3433,"18,054",16565,£5921
2024-04-01, HISTORY ,audiobook,french,stapled,ADULT,simon & schuster,YES,REVISED,no,no,top-100,6-12,americas,india,No,4548,18338," 8,266",15538," 9,252",NaN,18557,£17868,13023,8134
2023-12-11,fantasy,AUDIOBOOK,english, glue ,,MACMILLAN,no,3rd,yes, No ,top-100,6-12,ASIA, uk ,No,13237,8712,13149,10236,18764,5568,NaN,10258,£18180,9151
2021-12-04,biography,audiobook,german,Spiral,children,macmillan,No,3rd, YES ,no, top-10 ,13-17,Africa,us,no,NA,7654,,£599,7141,10323,4674,18034,NaN,£15683
18/02/2024,THRILLER,Audiobook,missing,SPIRAL,Adult,penguin,no,NaN,missing,No,TOP-100,0-5,AMERICAS,Uk,yes,2195,NA,7020,14487,£17526,10692,10268,£17729,5468,7709
18/04/2021,Biography,missing,japanese, stapled ,Children,Simon & Schuster,no, 3rd , NO ,NO,top-10,0-5,,japan,yes,19771,£13064,17087,12648,19460,6233,,£12804,3333,NaN
"Sep 14, 2022",SCI-FI,ebook,japanese,NA, Adult ,NA, No ,3rd,no,Yes,NaN,18+, africa ,canada,yes,10117," 8,356",13844,missing,13083,5406,NaN,11640,5398,9910
09/02/2024,biography,paperback,german,-999,children,HARPERCOLLINS,No, 1st ,Yes, no ,top-100,13-17,Asia,INDIA,yes,6756,8911,NA,7665,,11310,1583,11390,5810,£13157
25/03/2023,biography,audiobook,japanese,sewn,-999,-999,No, 3RD ,yes,no,long-tail,18+,Europe,uk,No,missing,7375,17331,NA,£17084,1784,NaN,17303,10669,£8210
missing,sci-fi,EBOOK,japanese,SEWN,children,Simon & Schuster, no ,2nd,no,yes,NaN,18+,-999,Uk,no,   254,missing,1340,5459,£507," 6,358",257,11603,17628,3711
01/02/2021,sci-Fi,audiobook,french,spiral,Children,Harpercollins,yes,2nd, YES ,YES,NA,missing,europe,canada,No,3780,8620,2311,NaN,18922,18110,10164,2343," 1,767",15732
21/12/2022,biography,hardback,german,glue,adult,HARPERCOLLINS,no,2nd,yes,YES,top-10,6-12,missing,UK,yes,2891,5258," 4,521",,17428,-999,"16,237","15,423",18780,NaN
17/10/2023,sci-fi,paperback,japanese,stapled,children,harpercollins,No,2nd,YES,yes,long-Tail,18+,oceania,canada, YES ,-999," 1,830",-999,£11338,10,1456,17591,577,17036,13625
2022-07-01,romance,NaN,,NA,adult,MACMILLAN,No, 3RD ,no,-999,long-Tail,18+, OCEANIA ,japan,yes,8961,£9782,£5124,409,3007,12473,17774,19462,"13,738",3604
"Apr 26, 2021",history,hardback,ENGLISH,GLUE,adult,Harpercollins,no,1st,no,yes,Long-Tail,missing,, india ,yes,NaN,,2339,9215,10150,13564,£9112,,2333,9691
2021-09-03,-999,Ebook,ENGLISH,sewn,children, MACMILLAN , yes ,revised,yes,Yes,long-tail,-999,europe,uk,yes,15571,16270," 8,109",5037,4997,,7385,9610,missing,"19,514"
06/02/2022,missing,paperback,NA,spiral,adult,simon & schuster,NA,1ST,,yes,long-tail,13-17,oceania,missing,NO,8076,8138,18907,3896,5454,3308,18939,18973,18453,4422
20/04/2023,biography,paperback,-999,missing,children,simon_&_schuster,YES, 1st ,YES,NaN,Top-10,missing,asia,japan,no,"19,250",£18423," 2,314",6707,8734,10137,3978,£9481,8518,536
02/12/2021,history,paperback,german,Stapled,NA,missing,YES,1ST,yes,no,Long-Tail,NaN,oceania,India,NO,2610,6685,NaN,£19658,1117,NA,missing,£3351,13825,missing
08/03/2021,romance,paperback,japanese,NA, Children ,simon_&_schuster,NaN,2nd,YES,NO,long-tail,13-17,Americas,india,NO,3174,3256,10350,13524,18282,13642,15082,966,10186,NA
2024-08-27,biography,Hardback,english,Sewn,adult, Penguin , Yes ,1st,yes,yes,-999,6-12, AMERICAS ,Uk,NO," 7,160",3461,4579,3276,missing,"10,669",16690,£12690,£15000,"16,538"
2022-08-30,,Ebook, german ,GLUE,children,NA,no,REVISED,no,yes,top-10,,-999,us,NO,17454,2151,12677,£169,7806,18060,NaN,£18524,£6897,5024
2021-12-31,sci-fi, hardback ,Japanese,spiral,children,simon & schuster,YES,3rd,YES,yes,long-Tail,NA,asia,Uk,yes,13754,15922,1546,"14,344",4697,NA,£2552,"14,757",5030,£18187
22/10/2022,sci-Fi,Ebook,JAPANESE,stapled,ADULT,SIMON & SCHUSTER,missing,1st,no,NA,LONG-TAIL,0-5,europe,-999,No,missing,6987,"15,855",£8642,10783,16524,£12771,£14596,£10930,4851
2024-01-29,NaN,EBOOK,,Spiral,,PENGUIN,yes,Revised,no,NO,top-10,6-12,Asia, japan ,no,missing,£8866,7276,NA,57,missing,6864,7654,6257,
2024-01-02,NaN,HARDBACK,french,missing, ADULT ,simon_&_schuster,no,3rd,no,no,long-tail,0-5,Asia,uk,yes,16401,4827,2036,NA,£19627,494,393,£19067," 3,208",13092
2021-09-28,history,paperback,SPANISH,sewn,children,penguin,yes,revised,missing,no,top-10,6-12,Oceania,JAPAN,YES,3081,7614,£16757,13344,15136,2130,8845,," 4,247",3392
12/02/2022,Sci-Fi,ebook,english,spiral,children,penguin,No,3RD,NO,YES,top-100,13-17, ASIA ,Uk,No,£18638,8175,12837,-999,5607,14841,16733,16266,£991,"17,909"
"Feb 20, 2022",,,french, SPIRAL ,children,simon&Schuster,no,3RD, yes ,No,top-100,0-5,Asia,UK,Yes,16473,-999,11052,7952,£4136,£1707,£9096,5670,9411,18862
25/08/2023,History,-999,German,SEWN,ya,HARPERCOLLINS, yes ,REVISED,no,yes,top-10,NA,Americas,us,no," 3,782",14547,NaN,£13426,"10,227",18139,16573,"14,512",12310,713
missing,biography, ebook ,NA,stapled,ya, Harpercollins ,no,1st,no,yes,Long-Tail, 6-12 ,Americas,CANADA,yes,£8848,3570,£19703,£19943,10063,7175,12318,7250,15583," 6,488"
28/03/2024,ROMANCE,HARDBACK,Spanish,Spiral,Children,macmillan,NA, 1ST ,yes,no, top-100 ,6-12, europe ,Japan,Yes,16913,3600," 9,456",15271,£11163,16863,9890,18946,18995," 7,056"
NaN,biography,AUDIOBOOK,japanese,Sewn,ya,NaN,no,revised,-999,no,Top-100, 6-12 ,Africa,NA,No,NA,£2196,£12778,3461,," 8,309",9262,£9610,NaN,missing
06/12/2024,thriller,audiobook,german,SPIRAL,children,Simon & Schuster,yes,3RD, no ,yes,top-10,0-5, asia ,uk,Yes,"18,791",missing,18992,9260,12364,£19652,13033,14007,£1971,NA
"Sep 19, 2022",Biography,ebook,Spanish,sewn,adult,simon_&_schuster,No,NA,NO, yes ,long-tail,13-17,OCEANIA,us,yes,12356,£14403,missing," 9,216",4162,£7123,6493,8722,13686,-999
31/08/2021, fantasy ,audiobook,English, STAPLED , Ya ,MACMILLAN,no,1ST,NA,,Long-Tail,0-5,americas,canada, YES ,13822,NA,13185,£7871,18505,5514,NaN,6457,"19,229",£26
"Jan 13, 2023",sci-fi,ebook,FRENCH,NA,ADULT,simon & schuster,NaN,revised,no,yes,missing,0-5,missing,UK,NaN,"11,969",missing,"12,312",4263,16594,8248,NaN,missing,£16541,17540
03/02/2024,history,ebook,NaN, glue ,adult,macmillan,NO,NA,no,no,TOP-100,13-17,asia,Uk,yes,5833,10623,2298,16960," 8,197",,£3209,NA,11430,14632
2024-01-30,Thriller,ebook, German ,stapled,children,MACMILLAN,yes,1st,NO,no,long-tail,18+,Europe,missing,No,NaN,14968,10867,£5737,19901,7973,NaN,44,15458,10810
19/01/2023,SCI-FI,-999,japanese,Glue,ya,harpercollins,YES,3rd, no ,no,-999,13-17,OCEANIA,UK,Yes,1074,£1374,"15,637",16442,11219,15856,£9398,17712,"13,201",-999
29/01/2024,romance,,english,stapled,children,Harpercollins,yes,3RD,no,yes,long-tail,0-5,AFRICA, Canada ,NO,missing,"13,864",446,"12,619"," 7,211","10,690",3328,missing,£11595,NaN
2021-10-24,history,PAPERBACK,-999,Glue,ya,Penguin,no, 3rd ,no,no,long-tail,13-17,OCEANIA,japan,no,13702,NA,£10315,1543,6526,-999,8036,7957,17010,13957
2021-04-25,sci-fi,audiobook,SPANISH,-999,Children,missing,no,2nd,missing,no,NA,0-5,Europe,canada,NO,£9438," 1,184",10649,£17864,NaN," 1,986",NaN,NA,13513,missing
18/05/2024,HISTORY,ebook,French,sewn,adult,penguin,Yes,-999,No,NaN,, 13-17 ,ASIA,,,NaN,1248,£17726,17876,£11670,13748,18142,18886," 9,607"," 2,804"
31/05/2022,sci-Fi,AUDIOBOOK,japanese,glue,Adult,SIMON & SCHUSTER,yes,REVISED,no,yes,LONG-TAIL,0-5,ASIA,canada,missing,6579,£6760,3843,17079,,3622," 1,365",5147,7188,11389
2021-01-01, sci-fi ,ebook,english,GLUE,adult,penguin,no,3rd,yes,Yes,TOP-100,6-12,,canada,No,-999,4010,£7547," 1,456",missing,10378,2547,11733,16413,£8217
2021-07-04,Romance,Ebook, spanish ,SPIRAL,NA,penguin,yes,2nd,yes,Yes,long-Tail,6-12,oceania,japan,YES,£7002,"19,933",2371,6256,3539,£16137,£7810,NA,£18507,NaN
2024-12-26,Fantasy,Paperback, japanese ,spiral,NA,Harpercollins, yes ,1st,no,yes,NA,0-5,africa,Canada,no,£5324,£18663,£9457,11459,13772,5123,3515,5690,NaN,14830
2022-08-17,fantasy,Ebook,spanish,glue,ya,macmillan,yes,2nd,yes,no,top-100,13-17,Europe,JAPAN,yes,£16654,"13,843",13347,6868,NA,£5563,11546,17370,£7998,15056
05/08/2023,THRILLER,paperback,German, sewn ,CHILDREN,macmillan,No, 2nd ,no,-999,top-10,6-12,AMERICAS,US,No,12198,£11797,7710,4061,,6642,-999,5389,415," 7,729"
09/10/2022,biography,audiobook,japanese,Stapled,ya,simon_&_schuster,No,1st,No,NO,NaN,6-12,AMERICAS,UK,yes,19828,4951,6938,,11745,£13581,4725,"16,927",19120,15083
25/06/2023,NaN,PAPERBACK,GERMAN,NA,adult,,no,2nd,no,no,top-100,0-5,missing,india,No,missing,,11056,£1814,5756,2543,"14,484",7981,6134,12500
22/02/2021,Sci-Fi,Ebook,spanish,SPIRAL,ya,harpercollins,YES,missing,NO,yes,LONG-TAIL,0-5,oceania,CANADA,no,2368,3264,3842,17905," 7,850","12,218",14615,4733,1582," 6,204"
"Aug 22, 2023",-999,paperback,english,-999,ya, harpercollins ,NO,3rd,yes,NO,long-tail,13-17,EUROPE,-999,no,1169,£5025,3097,10561,18710,£11588,NaN,6159,9237," 6,920"
2024-01-11,THRILLER,missing,SPANISH,GLUE,YA, harpercollins ,yes,3RD,yes,no,Top-100,0-5,americas,CANADA,no,"16,781","17,722",,£2298,£7072,2613,14233,6459,11948,£7517
14/01/2022,NaN,audiobook,German,GLUE,Adult,HARPERCOLLINS,YES,-999,Yes,No,top-100,6-12,AFRICA,missing,-999,£18978,11464,10907,7853,1513,"12,532",2458," 2,636",7193,£8795
2021-01-30, romance ,hardback,english,NaN,YA,penguin,yes,3RD,No,NO,long-tail,0-5,africa,UK,no,4533,7476,492,£9729,£6187,"14,219","13,142",NaN,19165,16578
2022-12-12,history,Audiobook,english,stapled,CHILDREN,harpercollins,Yes, 3RD ,yes,no, Long-Tail ,0-5,Africa,JAPAN,no,2587,290,"15,643",41,226,4020,10444,14077,17216,£17969
2023-08-18,biography,paperback,french,STAPLED,ya,simon_&_schuster,No,2nd, No ,YES,top-100,0-5,africa,INDIA,NA,£3790," 9,613",17787,missing,," 3,411",£7098,£7531,"10,775",15874
NA,HISTORY,paperback,Spanish,GLUE,adult,simon&Schuster,YES,3RD,yes,Yes, long-Tail ,18+,americas,us,YES,16632,£7029,15430,NaN,2913,2428,   769,"19,452",11967,11211
04/04/2023,fantasy,paperback,spanish,Stapled,adult,missing, YES ,3rd,Yes,yes,Top-10,6-12,africa,UK,yes,16410,"19,522",8577,"15,959",,NA,4476,17841,£8134,NA
"Jan 17, 2022",fantasy,ebook,german,glue,children,Harpercollins,no,2ND,no,-999,top-100,NA,europe,uk,no,8540,5493,£13758,8428,7202,16618,8536,3992,2872,-999
2024-11-21,biography,paperback, french ,glue,children, simon & schuster ,No,revised,,yes,missing, 13-17 ,-999, Us ,No,6568,£11268,13265," 1,709",16081,4962,7081,16186,£9376,11460
27/11/2022,history,audiobook,,glue,adult,macmillan,no,1st,yes,Yes,TOP-10,18+,americas,india,yes,4184,NaN,NaN," 6,202",12612,£1793,£14506," 5,410",2007,15515
2024-07-27,ROMANCE,audiobook,german,sewn, CHILDREN ,PENGUIN,no,1st,NO,NaN,Long-Tail,18+,Africa,JAPAN,yes,2413,"14,185",16644,6369,£2434,£7873,19991,,2970,£1249
02/07/2021,biography,EBOOK,JAPANESE,sewn,children,Macmillan,No,1ST,no,,Top-10,6-12,americas,us,NO,5404,missing,NaN,4430," 7,310",£2678,7224,15837,9241,2963
2024-08-13,biography,Ebook,NaN,Stapled,ya,penguin, yes ,Revised, Yes ,NaN,top-100,13-17,missing,NaN,yes,"19,630",15057,£8135,9698,£13837," 1,682",16294,£5450,19950,4752
02/11/2024,-999,PAPERBACK,german,SEWN,adult,-999,Yes,revised,no,missing,long-tail, 13-17 ,europe,Uk,YES,£7564,7128,6163,£10290,13810," 1,284",11170,1562,13231,13280
"Jul 08, 2023",sci-Fi,hardback,French,Glue,CHILDREN,penguin,NO,1ST,-999,yes,Top-10,18+,europe,Japan,Yes,7197,£15451,2789,17257," 4,092",NaN,18364,6875,3418,5846
19/04/2024,history,paperback,NaN,SPIRAL,ya,Simon & Schuster,NO,2nd,No,no,long-tail,0-5,africa,us,-999,£18821,£8714,£18097,NA,£10473,15323,17865,8845,14153," 2,026"
02/12/2024,thriller, ebook ,English,Spiral,YA, MACMILLAN ,NO,1ST,NaN,no,top-10,0-5,africa,canada,NO,"11,328",NaN,763,£18966,£6959,NaN,13983," 8,163",9687,14037
2024-04-06,romance,Ebook,japanese,SPIRAL,CHILDREN,MACMILLAN,missing,2nd,no, yes ,long-Tail,6-12, EUROPE , india , Yes ,£4838,£17082,9564,14908,,10781,£7128,8986,4452,
04/07/2022,BIOGRAPHY,Paperback,japanese,-999,NA,penguin,yes,2ND,YES,NO,top-100,6-12,missing,canada,NO,6607,805,"18,518",9283,19835," 2,341",6229,2117,18228,253
2023-10-27,romance,Hardback,French,spiral,CHILDREN,macmillan,yes,1st,YES,NA,TOP-100,13-17,europe,NA,yes,19219,£5342,8050," 4,355",6737,£6833,16578,,£13988,£14130
NA,BIOGRAPHY,ebook,japanese,Stapled,ADULT,MACMILLAN,no,3rd,no,yes,NA,6-12,Oceania,canada,NO,£19302,3323,17937,9395,3923,"16,039",9018,17733,£10345,2859
"May 10, 2022", Sci-Fi ,Ebook,japanese,Stapled, ADULT ,HARPERCOLLINS,YES,revised,yes,YES,long-Tail,13-17,asia,india,No,10193,missing,2758,"16,244",2897,18248,17638,£19964,,£12590
21/10/2023,sci-fi,ebook,spanish,sewn,children,harpercollins, Yes ,revised,Yes,no,missing,6-12,Europe, us ,NO,17094,12424,   788,7287,18597,"19,015",9298,5927,13519,10805
"Jan 06, 2022",FANTASY,ebook,german,,ya,macmillan,NO,2nd,Yes,no,Long-Tail,,OCEANIA,US,yes,8233,6180,12608,10280,4556,1707,15412,NaN,missing,8096
2024-06-13,HISTORY,AUDIOBOOK,,spiral,children,harpercollins,yes,1st, NO ,YES,top-100,18+,americas,japan, yes ,9224,-999,5509,13621,15629,19125,9646,15587,-999,   113
16/04/2024,sci-Fi,hardback,SPANISH, spiral ,Children,MACMILLAN,No,3rd,yes,no,top-100,0-5,-999,Uk,YES,9665,£8350,£1838,10071,2496,14134,,4011," 4,121",6088
"Jul 12, 2022",sci-fi,, german ,SPIRAL,children,,yes,3rd,NO,no,NaN,-999,,india,no,,14148,2496,18320,7199,£11011,9330,8180,"16,860"," 2,466"
11/07/2022,THRILLER,EBOOK,ENGLISH, sewn ,Adult, simon&Schuster ,NO,3RD,yes,no,top-10,18+,africa,india,NO,8486,£7955,13041,8118,"15,529",15384,15631,19360,,£6822
2021-05-26,history,hardback,french,stapled,ya,Penguin,no,revised,NO,missing,top-100,13-17,americas,CANADA,no,11490,£5306,19124,£8012,£1118,19519,£732,1726,8204,
15/10/2023,History,paperback,german,SEWN,YA,missing,no,3rd,NA,yes,NA,13-17,americas,US,no,£1504,10398,10614,14576,11717,7968,NA,18031,11817,£14631
2021-09-28, sci-Fi ,audiobook,german,sewn,ya,simon & schuster,no,2nd, yes ,No,Long-Tail,6-12,Oceania,Japan,yes,2052,17137,£8987,"15,864",NA," 4,296",3752,£8841,£2116,5267
02/11/2023,sci-fi,Audiobook,french,glue,ADULT,PENGUIN,yes,1st,yes,no,top-10,0-5,oceania,canada,YES,4859," 5,597",2228,18808,,£6404,NA,7993,11594,£8548
25/08/2024,fantasy,hardback,japanese,Glue,children,simon & schuster,NA,1st,YES,no,long-Tail,6-12,Africa,india,YES,£9986,5347,18851,£17618,898,19334,"16,862",5870,19350,missing
2024-04-11, fantasy ,ebook,japanese,glue,ya,simon&Schuster,no,3rd,NA,yes,TOP-100,13-17,oceania,Us,no,"18,322",NA,£956,5143,9218,"19,930",6216,9678,10784,2214
2022-12-20,-999,missing,japanese,spiral,adult,Macmillan,yes,revised,YES,yes,long-tail,0-5,ASIA,Uk,,"15,688",7952,NaN,1775,4382,NaN,16658,3157,7219,8225
2024-03-16,history,NaN,spanish,NaN,ya,macmillan,no,revised,no,yes,,NA,Americas, Japan ,,"10,859",£9357,"19,933"," 3,047",-999,3966,16992,17710,261,£15253
03/04/2023,biography,AUDIOBOOK,JAPANESE,Spiral,Children,Macmillan,yes,3RD,yes,yes,top-10,0-5,africa,NA,YES,NaN,2996,6397,NaN,6293,14555," 6,768",£7935,10281,170
,history,ebook,spanish,spiral,ya,harpercollins,yes,2nd,no,no,long-Tail,18+,OCEANIA, Canada ,no,£2280,10222,NA,13726,missing,12755,49,9495,13618,19777
2022-09-26,fantasy,paperback,NaN,glue,YA,,no,2nd,no,yes,Top-10,13-17,americas,India,yes,£67," 4,229",£6191,11133,3199,-999,1577,    32,1154,16389
18/10/2022,history,,spanish,-999,YA,Penguin, yes ,2nd, Yes ,no,long-tail,18+,,india,no,£5271,17812,6155,NaN,8754,"14,903",£10956,missing,11523,£1847
2023-04-20,missing,HARDBACK,French,sewn,ya,macmillan,-999,missing,No,missing, LONG-TAIL ,NaN,AMERICAS,us, yes ,-999,16961,11736,NaN,NA,6539,,NaN,18557," 5,260"
27/05/2024,sci-Fi,ebook,,NaN, YA ,NaN,No,revised,No, yes ,top-10,0-5,oceania,India,,£17837,1954,674,£17602,,£17319,16421,15019,5737,17986
2023-09-26,thriller,hardback, german ,SEWN,adult,simon & schuster,no,NA,No,no, long-Tail ,18+,asia,US,NO," 2,760",19529,"12,603",17926,15667,"19,022",1546,13722,NaN,£17642
"Sep 04, 2024",Fantasy,paperback,german,STAPLED,children, PENGUIN ,yes,2nd,no,No,top-100,13-17,Africa,Canada,yes,£10569,£17607,5141," 5,285",£10373,11664,£14004,missing,£1753,2868
"Mar 12, 2022",romance,PAPERBACK,german,sewn,missing,macmillan,No,revised,yes,no, Long-Tail ,13-17,africa, india ,NaN,"14,678",8562,£19703,16403,missing,£17048,19206,11719,"18,927",£3557
missing,Biography,audiobook,French,Spiral,Adult,simon&Schuster,yes,2nd,no,YES,long-Tail,18+,oceania,missing,yes,"16,230",8346," 8,963",218,19660,-999,NA,£14280,£11688,-999
06/10/2022,sci-fi, hardback ,Japanese,SEWN,Adult,penguin,YES,revised,yes,no,TOP-10,6-12,ASIA,us,no,15655,17433,7790,"15,616",11176," 5,492",£11667,-999,4429,£11296
16/03/2024,missing,missing,english,GLUE,, harpercollins , yes ,NA, no ,NO,Top-10,6-12,AFRICA,JAPAN,yes,,£5931,19990,10950," 9,183",missing,18882,1169,11602,1797
12/10/2021,romance,HARDBACK,ENGLISH,glue,YA, harpercollins , No ,revised,yes, no ,top-100, 13-17 ,europe,NA,yes,£16832,"11,612"," 7,961",NA,"15,106",£11807,15416,5666,4932,"18,717"
2022-07-09,romance,paperback,japanese,Sewn,Adult,macmillan,-999,2ND,YES,No,top-10,0-5,americas,canada,NaN,5180,6830,9153,2311,"15,570",-999,£11948,2959,12791,6636
2022-10-01,romance,ebook,,glue,children,SIMON & SCHUSTER,no,1st,No,no,-999,6-12,-999,Canada,no,10095,1531,5279,216,£3098,6182,19451,12315,9297,missing
"Nov 15, 2023",biography,ebook,japanese,sewn,children,harpercollins,no, 3rd ,no,NA,Top-100,NA,americas,INDIA,no,14897,2463,7776,109," 7,428","11,846",NA," 2,306",£10939,6483
2022-07-05,sci-fi,PAPERBACK,german,stapled,ya,PENGUIN,no, 3rd ,NA,no,-999,0-5,oceania,-999, yes ,NA,£5551,11474,9556,14180,NaN,18406,3331,£18951," 9,054"
NA,ROMANCE,HARDBACK,spanish,spiral,NaN,simon&Schuster,no,missing, yes ,YES,LONG-TAIL,0-5,Asia,japan,yes,12813,NA,19262,6640,"14,873",£18022,11796,-999,"19,381",16677
2022-01-29,Romance,ebook,German,glue,ADULT,HARPERCOLLINS,YES,3rd,yes,NaN, top-100 ,13-17,AFRICA,us,NO,£16842,8015," 3,208",£7068,NA,£12746,£4444,-999,422,NaN
2022-09-12,NA, HARDBACK ,GERMAN,SEWN,YA,harpercollins,-999,2nd,yes,NO,top-10,18+,americas,japan, no ,19824,£3851,8510,-999,9474,19845,£6454,NaN,3271,missing
NA,Thriller,hardback,english,NA,adult,MACMILLAN,YES,Revised,yes,NA,top-100,13-17,africa,NA,yes,19496,£6975,12097,19602,£5958,£8147,6089,4528,8104," 6,153"
2024-08-18,THRILLER,ebook,GERMAN,GLUE,children,Simon & Schuster,YES,3rd,yes,yes,long-tail,0-5,africa,India,no,,8533,14783,£18837," 6,492",9044,£17426,4045,£13585,NA
2021-06-30,romance,Audiobook,GERMAN,SPIRAL,,NaN,yes,2nd,Yes,YES,-999,6-12,oceania,india,No,16498,£9987,19376,£4271,11450,6689,19135,,"17,369",18752
12/10/2024,biography,hardback,german,SEWN,Ya,MACMILLAN,no,1st,YES,yes,Top-10,18+,EUROPE,india,yes,3469,NaN,15792,£11553,"16,307",1008,2334,1325,"19,311",8964
2022-09-25,missing,ebook,french,sewn,,penguin,no,NaN,yes,yes,Top-10,NA,Africa,india,NO," 9,658",,6483,£4509,6802,1819,NA,14100,9323,11159
29/10/2024,,Ebook,Spanish,NA,CHILDREN,macmillan,Yes, revised ,no,-999,long-tail,13-17,americas,US,no,471,488," 8,110",9425,"19,163",-999,1122,6078,£8740,13701
2023-11-12,THRILLER,EBOOK,English,sewn,Ya,simon&Schuster,missing,1st,yes,no,TOP-10,18+,asia,japan,-999,-999,£3066," 8,640",6450,9254,£13785,-999,15117,missing,
19/06/2021,NA,ebook,English,Stapled,-999,, No ,2nd,no,No,TOP-100,18+,Africa,Uk,no,348,10739,£18026,3517,11324,-999,11471,1069,£18067,£6078
"Dec 17, 2024", Fantasy ,ebook,japanese,STAPLED,missing,MACMILLAN,No,2nd,NO,yes,LONG-TAIL,18+,AFRICA,India,Yes,£6524,£17274,8194," 4,810",-999,NaN,£19198,14984,6451,7928
2022-07-02,romance, Hardback ,NaN,spiral,ADULT,MACMILLAN,yes,3rd,No,no,top-100,13-17,Africa,uk,no,4389,"14,261",NA,missing," 1,715",148,"16,496",16663,14684,14987
2022-12-29,-999,hardback,GERMAN,glue,Ya,Penguin,no,Revised,no,NaN,NaN,0-5,europe,Us,YES,£1770,17499,562,missing,621,"19,111",6292,£12207,NA,6740
2023-04-19,BIOGRAPHY,paperback,german, sewn ,adult,penguin,Yes,2ND,YES,NO,long-tail,0-5,Americas,canada,YES,£7064,   557,£15948,5244,-999,5162,NaN,£10308,2750,5539
"May 28, 2022",fantasy,hardback,spanish,Stapled,children,harpercollins,NA,1st,no,NO,,0-5,asia,US,No," 3,885","18,866","14,067",," 8,153",5305,17282,£10609,missing,11178
16/11/2021,fantasy,Hardback,spanish,stapled,ya,harpercollins,NO,3rd,NO,NaN,long-Tail,0-5,missing, India ,YES,"16,010",£14781,4067,missing,missing,3460," 8,145",5131,1971,NA
22/05/2024,Thriller,AUDIOBOOK,japanese,spiral,adult, SIMON & SCHUSTER , yes ,revised,no,NaN,long-tail,0-5,oceania,uk,yes,,£5859,10236,3623,£10639,3068,"13,927",6568,7585,13665
2021-10-27,Romance,paperback,japanese,spiral,NA,,no,1st,yes,yes,LONG-TAIL,missing,EUROPE,Us,no,missing,4123,"11,258",£3757,£2067,£17357,£4190," 3,844","16,362",1975
30/09/2024,Romance,,FRENCH,glue,adult,Harpercollins,missing,REVISED,NO,no,top-10,0-5,europe,japan,YES,2186,£3728,2764,9245,"16,057",NA,"14,666"," 3,981",5627,6317
2022-09-27,SCI-FI,PAPERBACK,spanish,glue,adult,SIMON & SCHUSTER,NA,1st,NaN,yes,top-10,13-17,europe, japan ,yes,£9651,,13742,2499,10779,1301,8662,3795,19942,6138
05/06/2024,,audiobook,ENGLISH,glue,adult,macmillan,Yes,2nd, NO ,no,top-100, 0-5 ,NaN,uk,YES,NA,,£19856,£17789,"13,731",11406,NaN,,8176,11469
2022-02-07,history,paperback, german ,spiral,children,Macmillan,yes,2nd,yes,no,Top-10,missing,africa,uk,yes,£19319,7121,19811,15250,14425,18441,,£8465,missing,3634
2024-11-30,BIOGRAPHY,ebook,JAPANESE,Glue,children,harpercollins,yes,revised,yes,no,top-10,0-5,europe,UK,Yes,£4470," 3,279",£16323,15239,11959,14596,16099,14984,£18280,1008
2021-02-25,Biography,NaN,English,glue,Adult,penguin,no,revised,yes,No,long-Tail,18+,-999,us,Yes,3636,£18018,6905," 7,171",3691,207,-999," 7,630","17,938",1356
17/10/2024,missing,paperback,SPANISH,Spiral,Children,simon&Schuster,YES,Revised,No,No,top-100,0-5,oceania,US,missing,£7481,3328,18324,1807,9257,£11756,8823,"15,748"," 1,041",6634
2021-02-05,,ebook,spanish,sewn,adult,simon&Schuster, no ,2ND,no,no,Top-10,0-5,OCEANIA,canada,yes,8768,2483,186,£1793,14362,-999,missing,9437,£2599,16085
2021-11-28,fantasy,paperback,FRENCH,spiral,children, Simon & Schuster ,missing,REVISED,NO,No,Top-10,13-17,americas,Canada,YES,£7050,8504,16956,18985,2098,8523,"11,451",17468," 5,817"," 6,810"
2023-03-24, sci-fi , Hardback ,French,sewn,ya,penguin, no ,1st,NA,no, LONG-TAIL ,18+,Africa,UK,yes,£8403,missing,6526,5081,2330,2645,£7297,5036,,"13,603"
-999,Thriller,hardback,spanish,spiral,-999, harpercollins ,no,3rd,no,no,top-10,18+,americas,japan,Yes,5056,10908,£471,NA,-999,19699,11079,"10,661",135,10450
15/01/2023,NA, paperback , japanese ,sewn,adult,PENGUIN,no,3rd,Yes,NO,-999,NaN,americas,US,yes,318,£17373,19448,12526,17728,£5535,37,5938,16923,missing
17/06/2024,FANTASY,audiobook,japanese,stapled,children,harpercollins,no,3rd,yes,No,missing,18+,americas,canada,YES,£10392,NA,11372," 2,825",£7713,£3461,7453,"11,328",19560,6675
2021-02-06,romance,audiobook,NaN,Glue,Adult,penguin,yes,revised,no,no,LONG-TAIL,0-5,asia,japan,no,14437,-999,,17657,4603,7463,NA,£10486,8643,£673
"Feb 24, 2022",sci-fi,NA, ENGLISH , glue ,adult,penguin,Yes,1st,YES,NA,top-10,13-17,ASIA,UK,No,missing,"14,806",13275,14848,6344,£5903,2028,2041,£3424,NaN
23/07/2024,HISTORY,,JAPANESE,sewn,Children,HARPERCOLLINS,yes,3rd,No,Yes,top-10,13-17,-999,uk,no," 4,900",17040,NA,18248,NA,NA,15958,13539,14740,4764
30/05/2023,history,audiobook,french,-999,YA,macmillan,yes,NaN,no,no,long-Tail, 13-17 ,Africa,uk,-999,6469,"17,581",£10502,543,12354,£1413,16802,,8693,4273
06/04/2023,Romance,ebook,JAPANESE,Spiral,Children,HARPERCOLLINS,YES,1st,no,no,Top-10,13-17,EUROPE,Canada,NaN,NaN,12235,"13,279",15224,18310,"10,940",missing,15835,18354,missing
"May 21, 2022",Fantasy, paperback ,english,Sewn,adult,macmillan,no,REVISED,,missing,TOP-10, 18+ ,oceania,INDIA,no,4973,13583,7064,6435,NA,17528,2620,NaN,NA,
2022-03-06,romance,ebook,GERMAN,sewn,-999,-999,Yes,1st,yes,NO,Top-10,6-12, Europe ,us,yes,£16792,,6658,£5408,4966,11743,13281,9505,£11614,
04/06/2021,fantasy,,spanish,sewn,CHILDREN,Simon & Schuster,yes,NaN,no, NO ,long-Tail,18+,asia,UK,No,14356,16951,4575,76,"10,879",NA,"19,278",£17391,19317,12042
22/03/2023,THRILLER,Ebook,NA,Glue,children,penguin,no,revised,yes,-999,long-tail,13-17,oceania,JAPAN,no,8480,1591,"10,807",12354,1365,199," 4,672",6563,£187,£12561
2024-07-15,biography,audiobook,spanish,sewn,adult, macmillan ,yes,1st,no, no ,top-10,6-12,ASIA,us,yes,"13,676",NaN,4112,1391,3661,3891,17295,4455,19390,5796
2021-01-08,biography,hardback,japanese,glue,adult,macmillan,NaN,3rd,yes,No,long-tail,13-17,NaN,japan,Yes,"19,450",16995,"16,259",4452,13808,16612,8597,£19854,16110,13200
2024-07-07, BIOGRAPHY ,-999,-999,sewn,adult,harpercollins,no,1st,no, No ,top-100,6-12,americas,canada,Yes,NaN,NaN,£10431,849,missing,11971,9847,11086,19193,3764
07/04/2024,Fantasy,hardback,French,glue,Ya,,no,1ST,No,Yes,top-10,0-5,-999,US,YES,5434,NaN,6057,12827,6601,8467,12401,"10,067",14048,£5042
25/04/2022,history,audiobook,french,GLUE,adult,harpercollins,NO,2nd,NA,No,,18+,NA,JAPAN,YES,9874,8964,"13,804",19828,£12257,4073," 2,181",8654,£16618,13118
2024-07-02,fantasy,hardback,-999,spiral,children, Penguin ,yes,2nd,NO,yes,Top-100, 18+ ,AFRICA,US,NA,£4093,5197,"19,363",14008,11740,2147,"15,363",15601," 6,307",£16980
16/11/2023,missing,missing,Japanese, sewn ,children,Harpercollins,Yes,revised,yes,no,LONG-TAIL,6-12,asia,INDIA,no,858,10876,1243,1424,£3127,3886," 3,736",8773,NaN,10074
-999,History,Hardback,english,sewn,CHILDREN,Penguin,yes,2nd,NA,-999,top-10,6-12,-999,Us,Yes,£18643,14871,14029,,14089,5153,14328,18817,19874,6285
2021-08-23,HISTORY,hardback,french,SPIRAL,-999,simon & schuster,no,1st,yes,NA,Long-Tail,0-5,europe,canada,YES,"12,598",NA,5081,18478,16600,NaN,10303,16629,NA,2175
2021-09-12,thriller,AUDIOBOOK,Spanish, spiral ,ya,harpercollins,NO,1st,no,no,top-10,0-5,Europe,japan, NO ,3598,NA,-999,19607," 6,932","14,642",15671,14369,NA,11597
2023-12-15,biography,,Spanish,spiral,Ya,Harpercollins,no, 2nd ,, YES ,,missing,oceania,INDIA,NO,-999,14996,14771,841,13518,NA,10470,missing,"14,768",15869
18/11/2022,thriller,audiobook,French,Spiral,ya,PENGUIN,,revised,no,yes,Top-10,0-5, europe ,us,missing,NA,18420,4975,9704,6826,3354,8181,NaN,£18504,9928
26/09/2021,NA,hardback, japanese ,glue,ya,simon&Schuster,missing,1st,no,no,,13-17,europe,,NaN,missing,6101,10783,10456,"19,348",3446,£14768,10052,16566,11134
2024-02-29,NaN,audiobook,-999,SPIRAL,adult,harpercollins,NO,3rd,yes,NO,Top-100,missing,asia,NA,no,£14005,£15764,NA,19433,£10282,4643,£12524,   246,9273,£14401
2021-03-09,romance,audiobook,NA,GLUE,CHILDREN,penguin,no,Revised,no,yes,long-Tail,0-5,americas,japan, yes ,3572,£8142,549,10490,18415,17134,505,6634,£342,18830
12/01/2024,SCI-FI,paperback,english,STAPLED,ya,penguin,NO,revised,yes, yes ,TOP-100,18+,africa,us,yes," 3,917",£696,NA,,NaN,1490,,NaN,8910,NaN
14/01/2022,BIOGRAPHY,AUDIOBOOK,-999,STAPLED,children,Macmillan,yes,3rd,missing,YES,long-tail,6-12,asia,UK,no,"10,399",£4670,3115,8697,18160,6091,-999,14447,£7783,£11101
16/06/2023,history,audiobook,ENGLISH, spiral ,ya,Harpercollins,no,NA,YES,no, long-tail ,NaN,africa,uk,yes,5513,5995,6709,,£3740,18466,423,10997,8072,NA
"Apr 27, 2023",biography,hardback,french,sewn,adult,simon_&_schuster,yes,Revised,-999,yes,long-tail, 18+ ,americas,uk,No,8621,9235,missing,6032,£3040,319,"11,325",7120,"14,094",£14879
2023-02-07,thriller,ebook,english,-999, adult ,MACMILLAN,no,3rd,NaN,yes,Top-100,-999,oceania,NA,no,9578,missing,£4247,17910,5980,"13,222","13,619",13183,14062,15491
10/12/2024,Romance,AUDIOBOOK,German,SEWN,children,,no,3rd,no, Yes ,top-10,NA,NA, us ,yes,   161,17827,2148,"10,894",13462,"16,278",8172,9277,NA,8946
missing,history,hardback,NA, spiral ,YA,penguin,yes,2nd,NaN,yes, top-100 ,13-17,AMERICAS,canada,yes,NaN,£6454,7924,14732,13113,6861,missing,NA,10362,"10,472"
"Sep 14, 2024",Fantasy,Paperback,spanish,Stapled,Ya,harpercollins,yes,3rd,No,yes,top-10,6-12,Europe,india,yes,-999,4582,£16167,10159,8970,9702,18992,19580,18617,   659
2021-05-18,, AUDIOBOOK ,german,sewn,adult,simon & schuster,YES,3RD, yes ,no,TOP-100,6-12,oceania,india,yes,3196,£17220,9718,18064,12876,13587,1997," 9,373",10559,-999
"May 23, 2022",Sci-Fi,ebook, german ,Spiral,ya,macmillan,no,revised, no ,no,top-10,18+,africa,,yes,8194,970,17835,3042,14539,missing,,£4455,3014,"19,734"
2021-08-28,thriller,,spanish,-999,CHILDREN,simon&Schuster,yes,revised,yes,no,LONG-TAIL,0-5,oceania,Us,-999,12164," 4,450",474,2565,,1173,£18434,£10670,13759,712
01/07/2024,history,Audiobook,english,SEWN, adult ,Penguin,no,3RD,No,no,long-Tail,6-12,americas,NaN,NaN," 8,871",NaN,3419,£19532,12738,14408,5203,2016,9602,3953
25/05/2021,thriller,ebook,japanese,Stapled,ya,macmillan,no,,yes,yes,top-10,13-17,africa,canada,No,"13,112",,£3352,NA,missing,NaN,10859,15919,£14398,3171
NaN,BIOGRAPHY, hardback ,spanish,NA,adult, Harpercollins ,yes,3rd,yes,no,top-10,18+,AFRICA,india,YES,"13,695",8200,6136,£17012,14570,£3138,18024,15997,"18,555",-999
missing,romance,audiobook,Spanish,stapled,adult,macmillan,yes,1st,yes,yes,top-10,0-5,europe,Us,-999,5578,5208,NaN,13235,"11,692",18640,14546,£10975,2197,16894
20/10/2024, SCI-FI ,,german,spiral,Children,SIMON & SCHUSTER,missing,REVISED, no ,-999,long-tail,18+,Americas,JAPAN,no,9256,19017,missing,16512,12098,missing,9145,£5662,19353,14033
2021-11-16,NaN,,SPANISH,GLUE,YA,NaN,,,,yes,Long-Tail, 18+ ,europe,uk,no,£4916,7582,1257,18422,3160,£16568,2273,"18,644"," 4,925",8733
12/07/2021,sci-fi,audiobook,japanese,SPIRAL,children,penguin,yes,2nd,yes,yes,long-Tail,13-17,Europe, canada ,no,14759,14013,£5101,"13,382",16814,19397,-999," 1,185",2250,16950
2022-11-07,Biography,paperback, GERMAN ,SPIRAL,adult,HARPERCOLLINS,YES, 2nd ,yes,yes,top-10, 6-12 ,europe,us,no,"13,710",9833,"15,255",6896,NaN,10211,NaN,11963,£6525,£542
2022-05-13,NaN,ebook, spanish ,sewn,children,Simon & Schuster,Yes,3RD,yes,no,long-Tail,NA,Africa,canada,no,£18843,£4845,NA,£16760,11346,"15,525",£10466,15572,"14,380",NA
26/10/2023,romance,missing,missing,GLUE,adult,simon&Schuster,No,2nd, NO ,no,top-10,13-17,Americas,uk,No,"11,986",13077,£588,10967,missing,3781,18463,17064,10866,4097
2021-01-15,missing,AUDIOBOOK,English,SEWN,ya,harpercollins,Yes,3rd,NA,NA, Top-10 ,0-5,americas, india ,yes,5044,6809,£453,5172,£12550,5809,missing,4844,,missing
02/10/2023,history,Paperback,french,Glue,Adult, Macmillan ,no,REVISED,NA,No,top-10,18+,EUROPE,-999,no,2536,10348," 6,644",1538,18487,11897,11775,796,,17169
-999,biography,AUDIOBOOK,Japanese,sewn,ADULT, penguin ,Yes,2nd,NA,no,top-100,6-12,oceania,India,missing,12570,7953,11530,11253,£7190,598,7084,£9478,"16,712",15997
21/12/2021,romance,audiobook,japanese,spiral, Children ,Simon & Schuster,no,1st,no,yes,long-tail,13-17,asia,missing,no,4700,NaN,NaN,14890,missing,2897,16385,735,714,£4458
2022-04-15,romance,PAPERBACK,french,STAPLED,children,NaN,NA,1st,missing,yes,top-100,13-17,americas,INDIA,yes,9543,£10474,NaN,"14,716",2843,5589,-999,3536,"10,588",NA
,NaN,Paperback,english,sewn,children,HARPERCOLLINS, yes ,REVISED,yes,YES,long-Tail,18+,-999, us ,no,4403,9625,15711,19689," 4,317",13141,£11786,3255,"14,541",9456
2024-03-24,romance, EBOOK ,FRENCH,sewn,adult,harpercollins,yes,2nd,no,no, top-100 ,13-17,africa,,no,"15,264",-999,2050,"18,403",13849,17415,-999,missing,£15850,17797
19/01/2024,SCI-FI,paperback,german,Stapled,ya,harpercollins,yes,3RD,yes,no,top-10, 6-12 ,,US,NA,11479,£9516,£13588,£2335,"14,226","13,702",£8710,"10,572",2374," 5,065"
"May 16, 2023",fantasy, hardback ,spanish,stapled,CHILDREN,penguin,-999,2nd,no,NO,NaN,18+,Europe, Uk ,yes,£7391,missing," 7,479",11910,19697,£11023,13702,-999,,7082
"Jun 11, 2023",thriller,Paperback,japanese,sewn,ADULT,simon&Schuster,yes,missing,missing,,Top-100,6-12,africa, india ,YES,£1461,16729,7971,3934," 4,767",7882,18221,1947,6006,"14,847"
,biography,paperback,German,stapled, CHILDREN ,Simon & Schuster,,2ND, no ,No,Top-10,18+,AFRICA, canada ,no,£5547,2880,17039,8045,955," 9,695",4608,13045,8532,7249
2022-09-05,fantasy,Paperback,french,Glue,adult,Penguin, yes ,3rd,NO,Yes,top-100, 13-17 , OCEANIA ,Us,NO,8440,4847,1527,£2056,2002,2788,18673,7873,"14,993",6040
2022-05-11,thriller,audiobook,german,stapled,YA,Harpercollins,no, revised ,no,Yes, top-10 ,18+,Africa,INDIA,Yes,£15055,£12811,£18332,4785,6793,11712,2463,NA,NaN,18380
2021-05-13,history,paperback,JAPANESE,sewn,CHILDREN,-999,NO,1st,NO,yes, long-tail ,18+,NaN,UK,yes," 7,934",15175,9812,8781,NaN,14736,5084,£11797,7586,15073
2021-03-04,sci-fi,paperback,japanese,missing,missing,macmillan,yes,2nd,yes,yes,NaN,missing,africa,NaN,no," 3,309",missing,10781,NA,12055,11944,11476,2165,8250,7362
04/03/2022,Biography,paperback,spanish,NaN,missing,simon_&_schuster,No, Revised ,yes,no,TOP-100,0-5,americas,uk, YES ,5953,," 9,899",£15286,£1315,189,-999,3236,missing,18172
2024-01-15, biography ,missing,Japanese,Spiral, children ,Penguin,NA,revised,No,Yes,LONG-TAIL,-999,OCEANIA,us,no,£11177,"17,360",8698,6856,£11189,-999,1782,NA," 1,970",11509
2023-07-16,fantasy,hardback,german, GLUE ,children,SIMON & SCHUSTER, Yes ,1st,no,-999,top-10, 0-5 ,oceania,uk,no,," 5,464",missing,NaN,£10652,11840,10761,10726,13371,NA
14/04/2023,history,audiobook,spanish,STAPLED,NA,Harpercollins,no,revised,YES,no,top-100,18+,asia,uk,yes,208,-999,£16530,14585,£3998,5431,9736,7876,£1467," 5,338"
11/11/2022,fantasy,audiobook,french,glue,children,SIMON & SCHUSTER,yes,1st,No,no,Long-Tail, 18+ ,asia,,yes,," 4,938",9449,3693,2034,11800," 5,180",NaN,7848,2330
2023-09-13,History,AUDIOBOOK,JAPANESE,Glue, ya ,Penguin,no,1st,NO,no,LONG-TAIL, 13-17 ,americas,us,NO,14961,7323," 9,860",10413,18609,4809,15083,,5311,14229
23/07/2023,history,audiobook,german,Spiral,CHILDREN,macmillan,yes,1st,Yes,Yes,TOP-10,18+,americas,canada,NA,10827,"12,378",15121,5108,£4426,16085,11961,12475,10320,"14,898"
30/04/2024,NaN,hardback,NaN,SEWN,adult,Harpercollins, YES ,1st,no,yes,Top-100,18+,AMERICAS,Us,Yes,NA,314,18559," 8,283",£17898,11674,£8947,14493,NA,879
08/02/2022,THRILLER,AUDIOBOOK,german,stapled,Ya,penguin,,1st,Yes,no,Top-10,NaN, Oceania ,-999, No ,11355,£6804,10828,NaN,16509,NaN,4239,NaN,13666,8666
02/05/2024,fantasy,-999,french,Stapled,missing,penguin,no,2nd,yes,yes,TOP-100,6-12,asia,Japan,yes,NA,£10551,missing,16271,missing,£18943,11977,NaN,missing,£9849
"May 18, 2023",ROMANCE,Audiobook,french,glue,children,NaN,yes,1ST,no,no,long-tail,18+,Africa,japan,NO,11013,"17,659",-999,19,5452,-999,14647,12102,"15,147",NaN
missing,history,HARDBACK,german,Sewn,Children,macmillan,yes,1st,yes,yes, long-tail ,0-5,americas,Us, yes ,19568," 9,098",,11571,16892,2537,£1156,2050,16850,£1444
25/06/2022,-999,EBOOK,spanish,glue,CHILDREN,Penguin,No,revised,No,YES,long-tail,18+,,uk,,13703,8626,9870,missing,15517,£10524,8161,4419,15333,£3042
2021-12-14,thriller,ebook,spanish,sewn,ya,Simon & Schuster,,-999,yes,Yes,NaN,13-17,americas,UK,yes,15456,4108,19819,"16,418",2413,NA,-999,17079,19889,7912
2023-10-02,fantasy,hardback,german,Stapled,ya,penguin,No,3rd, yes ,no,Top-10,18+,americas,canada,NO,495,14906,17071,381," 9,537",14506,£14363,£18009,-999,"17,039"
11/10/2023,ROMANCE,Hardback,french,Glue,Adult,Macmillan,yes,3rd,Yes,no,top-100,0-5,americas,us, no ,£17459,£6054,9762,3896,12811,6567,13544,19170,3748,-999
23/03/2024,Thriller,PAPERBACK,german, sewn ,children, HARPERCOLLINS , no ,revised,YES,yes,Long-Tail,6-12,AMERICAS,canada,YES,9766,"14,667",£4078,"19,851",NA,13897,7610,18494,4305,4697
17/08/2024,missing,ebook,german,sewn,adult,simon & schuster,yes, 1st ,no,yes,NA,-999,OCEANIA,Japan,yes,5788,2955,4498," 1,887",NaN,£19377,217,£4504,"14,427",£8766
16/02/2023,History,ebook,French,Stapled,ya,missing,No,2nd,no,yes, long-tail , 18+ ,asia, uk ,No,£6304,19926,£12632,£14220,NA,£14800,2152,18442,£14041,£10462
03/10/2022,HISTORY,hardback,French,Glue,missing,missing,NO,1st,YES, no ,-999,6-12,europe,canada,yes,4955,17510,£6166,12596,6664,4855,£9931,5165,,10796
18/04/2021,sci-fi,Ebook,german,SEWN,adult,,yes,1st,-999,yes,long-tail,0-5, africa , CANADA , no ,13173,missing,NaN,13584," 1,294",14695,4219,missing,7241,"12,522"
07/03/2021,THRILLER,Audiobook,-999,sewn,adult,missing,no,REVISED,no,no, top-100 , 18+ ,oceania,US, No ,£2616,12653,881,11810,6340,13742,"15,558",NaN,NA,   768
10/12/2024,History,paperback,french,Stapled,adult,penguin,no,missing,no,no,top-100,18+,OCEANIA,INDIA,yes,£17162,11796,-999,12341,19933,12351,3125,NaN,11758,10815
15/11/2021,fantasy,paperback, Spanish ,SPIRAL,children,penguin,no,3rd,NaN,YES,top-10,13-17,africa,canada,no,5306,13590,missing,17233,15603,£4484,NaN," 7,071",19584,"13,613"
2023-07-07,thriller,audiobook,SPANISH,NA,,harpercollins,yes,1st,NO,no,TOP-10,13-17,europe,,YES,15836,17881,16826,14273,10481,16460,£15371,"12,939",9382,
11/07/2022,Thriller,ebook,spanish, SEWN ,Ya,harpercollins,no,1st,no,No,Top-10,6-12,oceania,US,yes,15147,"19,100","12,654",2955,"15,987",NaN,6725,£18744,18479,15435
24/05/2022,Thriller, hardback ,-999,STAPLED,adult,NA,no,2nd,no,no,-999,0-5,Asia, Uk ,Yes,7064,13185,7501,£11705,14333,£13546,"12,272",8034,,
2021-03-06,ROMANCE,-999,NA,stapled,CHILDREN,Macmillan,yes,REVISED,yes,YES,top-10,6-12,europe,uk,Yes,£19689,6628,15424,8549,494,£13395,19586,5012," 3,335","19,204"
23/03/2024,History,EBOOK,German,stapled,Adult,NA,no,3rd,NO,yes,TOP-10,NaN,missing,Uk,yes,2478,1825,16134,NaN,"10,918",6345,-999,15684,£12459," 5,959"
22/05/2022,sci-fi,Ebook,GERMAN,sewn,ADULT,Penguin,yes,revised,YES,no,top-10, 0-5 ,,NaN,yes,£18927,280," 9,846",," 7,750",,2612,£14392,missing,"19,365"
2023-09-07,History,audiobook,english,sewn,children,macmillan,NO, revised ,YES,no,top-100,13-17,missing,us,no,NaN,467,16869,7844,£15889,19078,"10,499",12816,£18666,missing
17/02/2024,fantasy,Ebook,japanese,Stapled,ya,harpercollins,yes,3rd,YES,no,TOP-10,0-5,europe,canada,no,13480,£18176,£1492,12277,6354,missing,2237,7773,18777,£15659
2024-04-14,thriller,paperback,French,glue,ADULT,macmillan,YES,2nd, No ,no,top-100,NaN,asia,NA,No,15306,6682,19033,10489,18019,£5253,,"19,663",8471,£9253
30/08/2021,missing,audiobook,Japanese,Stapled,CHILDREN,macmillan,NO,revised,no,no,long-tail,NaN,asia,uk,No,1642,£13525,,5503,   300,593,NaN,"14,969"," 8,795"," 1,850"
"May 31, 2024",Biography,ebook,german,Sewn,missing,NaN,no,3rd,yes,no,LONG-TAIL,0-5,Americas,,no,£7174,£19380,-999,£18078," 7,058"," 6,689",2120,£14305,2571,£3071
2023-01-18,history,PAPERBACK,japanese,glue,adult,harpercollins, No ,,NO,NO,top-10,6-12, OCEANIA , canada ,No,£660,4115,£17335,1988,18392,missing,-999,18981,12013,9436
2021-12-16,romance,missing,english,spiral, ADULT ,Penguin,yes,revised,YES,no,NaN,-999,AFRICA,uk,NaN,,7334,£14203,2696,18709,missing,,missing,"17,681",£8062
2024-08-08,romance,hardback,French,stapled,children, macmillan ,Yes,3rd,YES,YES,top-100,6-12,americas,india,YES,3576,18991,17784,NA,,   760,£17722,£12484,10730,18045
2024-10-30,history,HARDBACK,french,NaN,CHILDREN,Simon & Schuster,No,revised,yes,yes,TOP-10,6-12, americas ,UK,Yes,4160,,2206,NA,6379,14775,14894,,12387,3248
"Mar 23, 2023",Fantasy,-999, Spanish ,glue,Ya, HARPERCOLLINS ,NaN,3RD,no,no,top-100,missing,europe,,No,10982,11269,"15,900",11048,1361,£508,7547,10616,NaN,3240
19/11/2023,biography, ebook , french ,sewn,Ya,Simon & Schuster,No,2nd,missing,no,top-10,6-12,Africa,JAPAN,no,"14,172",7744,£16543,£17564,£18577,£7809,   621,15291,," 8,331"
2022-06-21,romance,EBOOK,french,Glue,YA,harpercollins,Yes,2nd,NO,No,top-100,6-12,oceania,NaN,yes,"10,876",6109,"12,795",12389,missing," 8,080",8768,£18570,1757,4570
NA,History,ebook,English,glue,adult,harpercollins,yes,,-999,yes,long-Tail,18+,europe,Japan,yes,£4145,£18733,16830,279,17537,4520,7669,18877,£5956,10079
15/10/2022,Biography,hardback,english,glue,adult,harpercollins,,REVISED,yes,No,LONG-TAIL,0-5,europe,Canada,no,£8721,"14,219",8634,missing,15910,9148,missing,14810,£14235,8716
2022-12-29,sci-fi,paperback,FRENCH,spiral,,missing,no,-999,no, no ,top-10, 6-12 , AMERICAS ,japan,yes,9871,£9544,NaN,,9450,17090,16938,4965,£10608,16918
2022-02-02,,hardback,ENGLISH,GLUE,Ya,simon_&_schuster,yes, 3rd ,missing,No,long-Tail,0-5,Asia,Uk,NaN," 1,224",£13971,missing,£19603,10577,13649,6962,missing,£7167,10993
2022-07-07,Fantasy,audiobook,german,stapled,adult,penguin,yes,NA,no,NA,top-10,13-17,NaN,japan,-999,9967,"10,952",6363,18447,5278,9802,,£18249," 3,184",£6434
"Sep 09, 2024",biography,audiobook,spanish,stapled,Ya,penguin,No,1st,NaN,yes,NA,13-17, AMERICAS ,us,yes,309,"13,990",19145,3347,14339,-999,"17,900",£3195,£9614," 9,860"
02/11/2022,,Paperback,french, STAPLED , children , simon & schuster ,No,3RD, NO ,,Top-100,18+,Americas,Japan, No ,11785,7034,11210,9365,,£7287,16953,3508,17105,9357
2024-03-12,romance,paperback,missing,GLUE,-999, harpercollins ,no,2ND, Yes ,No,Top-100,18+,americas,uk,yes,NaN,-999,3682,11235,2277,   186,"16,349",17387,NaN,NA
22/06/2021,Sci-Fi,AUDIOBOOK,german,glue,ya, simon&Schuster ,yes,revised,NaN,missing,TOP-10,missing,NA,INDIA,no,8488,-999,13997,7841,9535,NA,19720,   869,"13,442",13812
17/03/2024,thriller,audiobook,english,Stapled,,-999,yes,revised,yes,NO,top-10,18+,Europe,uk, no ,11243,18762,,1858,£11884,7928,   581,14657," 6,647",15574
14/03/2022,thriller,Paperback,JAPANESE,-999,adult,penguin,missing,3rd,missing,,Top-10,6-12,africa,japan,yes," 3,966",£549,13659,10175,7305,19080,"14,132","18,237"," 4,712"," 6,718"
2022-04-15,Biography,EBOOK,,spiral,Children,harpercollins,YES,3rd,Yes,no,Top-100,0-5,asia,canada,No,12408,   192,13581,missing,19165,17324," 6,637",13194,-999,64
28/08/2023,biography,hardback,french,STAPLED,NA,Harpercollins,YES,NaN,no,NO,top-100,6-12,NA,NA,NO,8969,19019,10352,15398,NA,-999,16284,7002,,17923
2021-05-22,thriller,paperback, german ,Glue,ya,simon & schuster,YES,1st,No,no,long-tail,0-5,asia,canada,yes,6579,   224,13323," 9,461","10,073",1800,200,10242,8191,£2023
"Nov 10, 2022",SCI-FI,paperback,missing,stapled,ADULT,Penguin,YES,3RD,No,NA,top-10,13-17, asia ,NA,yes,£8390," 6,894",2704,,15990," 4,215",17405,"14,914",11699,3822
2023-08-10,romance,ebook,NA,SPIRAL,YA,NaN,no,revised,No,yes,top-10,6-12,americas,India,NO,"14,456",6195,12420,15400,15481,2454,"13,163",NaN,18516,2554
01/03/2023,THRILLER,NA,german,Glue, children , Simon & Schuster ,no,1st,no,no,top-10, 18+ ,Europe,Canada,yes,10415,missing,3140,12281,3038,4827,missing,"10,888",4331,NaN
2021-11-14,biography,audiobook,german,sewn,children,simon_&_schuster,No,2nd,yes,NA,Long-Tail,6-12,europe,NA,no,£2742," 5,626",£12143,,4161,15487,£17978,6294,17014,£10196
2022-06-23,sci-fi,audiobook,Spanish,glue,NA,harpercollins,no,3rd,no,no, long-tail ,6-12,AMERICAS, uk ,missing,4070,£11115,-999,11431,7013,NA,£19140,9010,16617,14465
2021-01-14,biography,EBOOK,Spanish,stapled,YA,macmillan,No, 1st ,yes,Yes,long-tail,13-17,AMERICAS,us,yes,3218,661,£13012,4072,£8876,£7262,£5401,19484,17718,missing
2022-02-09,ROMANCE,paperback,,stapled,adult,Harpercollins,No,REVISED,NO,No,long-Tail, 0-5 ,europe,japan,YES,-999,158,-999,15324,15060,8988,"13,994",NA,14645,17144
2023-11-17,history,NA,SPANISH,stapled,children,penguin,NO,REVISED,-999,no,-999,13-17,,Uk,yes,7580,17961,13299,16419,"13,491",3401,   552,13431,10549,14854
NA,Fantasy,NA,Japanese, sewn ,children,HARPERCOLLINS,Yes,2nd,yes,NO,top-10,0-5,missing,US,no,3152,£2993,£782,NA,NA,NaN,1187,11720,NA,9902
2024-08-16,History,PAPERBACK,NaN,Spiral,Children,macmillan,NaN,3rd,,no,Long-Tail,13-17, asia , uk ,YES," 1,969",,13590,857,13570,7419,9266,5723,"18,023",8221
07/06/2023, biography ,Ebook,-999,glue,children,macmillan,no,2nd,yes,-999,top-10,18+,Oceania,canada,yes,2395,missing,259,£7481,missing,"19,146",10277,   668,NaN,10607
06/01/2021,sci-fi,Audiobook,english,SPIRAL,Children,harpercollins,yes,3rd,No,NaN,Top-100,6-12,africa,UK, no ,743,18220,6958,missing,NaN,8864,10989,7293,14803,13407
2021-12-02,Biography,hardback,Spanish,stapled,missing,-999,Yes,,YES,No,top-10,13-17,NaN,,no,10722,14028,9259,£18620," 7,009",14220,missing,missing,£18252,"17,318"
22/09/2022,HISTORY,audiobook,japanese,missing,Ya,SIMON & SCHUSTER,NO,revised,yes,,TOP-10,13-17,Americas,india,No,£1808,13078,£6906,2153,11299,6304,18751,£11337,£2890,NaN
2024-04-06,NaN,audiobook,French,NaN,adult,macmillan,no,1st, No ,no,-999,13-17,asia,Japan,-999,3853,£5579,8986,"16,422",£11311,£3014,11112,7697,17326,16864
2024-11-07,History,,ENGLISH,Stapled, Adult ,harpercollins,yes,1st,yes, No ,top-100,13-17,oceania,JAPAN,Yes,"12,239",5158,15492,7537," 9,459",£11888,15691,£2235,2907," 7,563"
21/12/2021,Fantasy,Paperback,ENGLISH,Sewn,children,HARPERCOLLINS,no,3RD,Yes,yes,long-Tail,18+,asia,japan,-999,NA,NA,£14845,"11,209",NA,1465,14090,10589,£7909,1543
"Dec 11, 2024",BIOGRAPHY,hardback,german,stapled,missing,macmillan,-999,3rd,YES,YES,NA,18+,americas, canada ,no,1125,,18355,NA,"17,383",NaN,4820,£19964,,7200
2024-12-02,biography,audiobook,German,sewn,adult,Simon & Schuster,no,2nd,NO,no, long-Tail ,6-12,EUROPE,Uk,yes,£16732,1258,15431,2005,10222,1402," 3,850",13496,10971,5646
2023-02-10,sci-fi,Paperback,Spanish,SPIRAL,adult,harpercollins,yes,revised,yes,yes,LONG-TAIL, 6-12 ,africa,INDIA, no ,5620,19680,10497,18606,£13185,£1642,15469,6886,363,1606
2022-03-31,sci-fi,paperback,Spanish,,adult,Macmillan,NA,3rd,Yes,no,top-10,13-17,,india,no,missing,17457,£19685,,19113,9788,£7077,13022,NA,"13,348"
19/07/2022,biography,AUDIOBOOK,spanish,stapled,adult,MACMILLAN,Yes,1ST,Yes,yes,Top-100,18+,asia,india,no,6538,17425,15672,£16551," 1,605",NaN,2624,"15,934",£9814,14252
10/09/2023,Biography,Paperback,Spanish,STAPLED,adult,missing,NO, 1st ,yes,YES,Long-Tail,NaN,asia,-999,yes,10086,11534,£15972,11974,397,"17,216",4583,missing,,13464
2021-10-11,NaN,Paperback,german,STAPLED,children,macmillan,YES,revised,yes,no,top-100,6-12,AFRICA,us,YES,3173,15397,18873,15334,15860,NaN,£724,NA,369,
02/07/2022,THRILLER,missing,Spanish, SEWN ,ADULT,harpercollins,no,3rd,YES,NO,Long-Tail,0-5,Asia,NaN,yes,19784,"14,083",19209,14946,8902,missing,1350,3511,£18262,£11390
09/06/2021,THRILLER,paperback,German,spiral,Children,NaN, no ,2nd,NA,yes,long-tail,13-17,NA,canada,no," 8,499","15,249",missing,£10708,£381," 4,800",NA,4060,"10,183",14687
"May 20, 2024",sci-fi,missing,german,SEWN,Children,Macmillan,yes,3rd,Yes,no,top-100, 0-5 ,AFRICA,Us,no,19112,460,7002,£17005,9191,8483,£5293,15771,18894,9017
05/07/2022,fantasy,paperback, french ,Stapled,-999,Penguin,yes, 3RD ,no,no,TOP-10,18+,EUROPE,canada,yes,NaN,3128,£5014,18302,5197,5893,3972,2885,NaN,
2021-03-22,history,EBOOK,french,spiral,ya,simon&Schuster,yes,1ST,No,no,top-10,0-5,Asia,-999,,"15,224"," 4,494",5304,4049,missing,NaN,£16390,£7031,    95,£18518
20/06/2021,-999,hardback,french,stapled,ADULT,Penguin,no,1ST,yes,yes,top-100,13-17,oceania,US,,,9670,£1750,19334,16856,5870,9072," 4,428",13321,12883
22/04/2024,fantasy,NA,Japanese, glue ,CHILDREN, simon_&_schuster ,yes,3rd,NA,no,Long-Tail,18+,Europe,Us,no,8214," 5,001",,"18,290",-999,11978,6713,£2824,"15,488",17801
2023-05-08,FANTASY,AUDIOBOOK,spanish,Glue,children,MACMILLAN,no,1st,NaN,no,long-tail,-999,asia, japan , no ,315,19814,19840,1678,£9691,18077,,£7402,11527," 4,512"
,romance,audiobook,Japanese,stapled,NA,Harpercollins,Yes,2nd,yes,yes,top-10, 6-12 ,AFRICA,Japan,no,7979,16847,15872,3289,19511,"10,618",6452,missing,"19,343",12519
02/04/2024,sci-Fi,missing,japanese,glue,NA,Harpercollins,yes,2nd,no,Yes,top-10,13-17,americas,japan,no,17185,£2479,13771,6319,17181,16438,£17149,4062,3158,NA
12/07/2023,sci-fi,EBOOK,english,STAPLED,-999,Penguin,NO,2nd,yes,NO, top-10 ,13-17,americas,us,no,12603,7730,11587,19783,"15,536",10662,13574,,£15100,"13,697"
2021-05-26,biography,Paperback,GERMAN, glue ,children,NaN,yes,revised,yes,no,long-tail,6-12, americas ,INDIA,yes,NaN,12209,3257,10326,11730,17235,£19010,"16,263",13554,
19/01/2022,romance,HARDBACK,,glue,adult,penguin,yes, 1ST ,YES,yes,,18+,asia,uk,NA,2227,£14752,15555,17295,11610,,NA,4481,8208,8721
17/05/2021,romance,audiobook,Japanese,Spiral,NaN,macmillan,yes,revised,no,YES,long-tail,13-17,europe,Canada,NO,£3732,8513,18548,missing,"19,958",missing," 3,279",18945,£9184,£10687
15/07/2022,Thriller,ebook,GERMAN,Spiral,adult,simon&Schuster,NaN,NA,Yes,NA,LONG-TAIL, 18+ ,africa,uk,NA,11081,,£2815,16006," 9,167",15206,£15781,missing,16709,11122
15/09/2023,Biography,ebook, spanish ,glue,Children,,NO,2nd,-999,NaN,top-10,0-5,missing,us, Yes ,8491,10658,£13786,17953,2931,19920,16542,11992,7293,16130
20/09/2024,THRILLER,ebook,spanish,Stapled,adult,simon_&_schuster,missing,revised,Yes,no,top-10,18+,americas,JAPAN,yes,19258,10911,2573,16376,£13261,£5936,7502,"19,829",£14195,7677
09/07/2022, romance ,Audiobook,English,Stapled,adult, Simon & Schuster ,no,2nd,yes,no,long-Tail,0-5,asia,canada,Yes,17603," 3,538",£3178,3965,15338,11543,£14577,14196," 3,355",NA
31/07/2022,Biography,ebook,japanese,stapled,ya,penguin,no,NA,yes,no,LONG-TAIL,18+,Europe,us,no,6030,7013,£6698,5109,7962,missing,16094,17024," 4,840",£15406
31/07/2021,Romance,ebook,-999,SEWN,-999, Penguin ,yes,REVISED,NO,yes,top-10,18+,AFRICA,INDIA,no,missing,18768,5382,5626,£4838,4981,10770,13795,9691,7885
2021-04-22,thriller,hardback,spanish,glue,missing,macmillan,YES,2nd,yes,no,top-100, 0-5 ,asia,India, yes ,11711,18493,£17562,£16687,10111,missing,missing,NA,13178,NaN
2022-03-02,Sci-Fi,NA,japanese,sewn,children,simon&Schuster,NO,2nd,no,no,long-tail, 18+ , oceania ,canada,Yes,2513,missing,missing,1055,£4766," 8,912",5122,778,missing,missing
2022-03-05, history ,hardback,english,Glue,YA,,yes,1st, No ,yes,top-10,13-17, asia ,canada,YES,11862,15794,9070,9001,8124,5169,13171,7533," 8,937",£1078
2021-08-27,History,ebook,german,NA,NA,penguin,yes,revised,YES,no,long-Tail,0-5,europe, canada ,NO,£12412,2087,NA,12077,"13,093",12735,NA," 6,985",10105,£2212
2024-01-17,fantasy,paperback,French,-999, Adult ,Penguin, no ,1st,missing,yes,top-10,0-5,NaN,japan,-999,"11,630",531,16120," 3,595",14300,£4396,£15260,£5612,£13525,£15534
29/06/2024,romance,hardback,missing,GLUE,adult,SIMON & SCHUSTER,no,2nd,yes,Yes,missing,0-5,,,yes,10556,3267,17753,17869,missing,6576,   543,1228,NA,4921
17/05/2023,-999,audiobook,french, Spiral ,adult,harpercollins,yes,1st,no,YES,long-Tail,18+,americas,canada,no,10087," 8,951",NA,"11,517",4766,11987,missing,17999,-999," 4,456"
2023-07-14,thriller,audiobook,english,sewn,adult,harpercollins,yes,-999,yes,NO,LONG-TAIL,13-17, asia ,Us,YES,NA,12477,3843,8597,19776,15430," 3,328",£14215,16887,10229
11/07/2024,sci-Fi,hardback,NA,Sewn,ADULT,harpercollins,yes,3rd,no,yes,long-tail, 13-17 ,asia,India,no,NA,£10687,19626,"14,163",6277,16083,2975,4763,5667,3766
2023-08-28,thriller,NA,English,stapled,-999,NaN,no,1ST,yes, Yes ,Top-10,13-17,Europe,JAPAN,yes," 4,235",7196,14891,16842,4979,,9882,£10506," 3,468","18,238"
2024-09-26,History,paperback,Japanese,spiral,adult,Penguin,yes,3rd,no,YES,top-10,13-17,ASIA,,yes,1388,11962,18473,17850,15151," 9,261",14809,NaN,6744,8390
18/02/2024, Biography ,ebook,spanish,sewn,YA,macmillan,yes,revised, no ,NO,long-tail,0-5,Oceania,NaN,yes,£15672,15702,"18,374",," 1,376",15004,£13212,17871,1777,NaN
"Apr 01, 2024",fantasy, ebook ,french,stapled,adult,NA,NO,3rd,no,yes,Top-10, 6-12 ,OCEANIA,NaN,no,-999,missing,16615,3880,5474,-999,missing,4204,13097,18762
28/03/2024,,hardback, english ,sewn,CHILDREN,PENGUIN,No,1st,NO,no,top-100,missing,Africa,Us,YES,7974,16733,£10013,"14,708",£19212,11626,11815,5557,£16176,
2023-06-11,history,EBOOK,french,,CHILDREN, macmillan ,NO,revised,no,no,TOP-10,NA,Americas,india,no,£12250,£12896,1861,18869,1928,£12563,9770,10789,6401,£1622
09/08/2023,thriller,paperback,Spanish,Sewn,children,SIMON & SCHUSTER,yes, revised ,Yes,yes,Top-100,13-17,missing,NA,no,3151,4851,1123,10681,15444,19790,NaN,16497,missing,6100
2024-08-01, SCI-FI ,ebook,Spanish,glue,YA,Harpercollins,no, 1ST ,YES,yes,long-Tail,6-12,africa,CANADA,No,£8079,19807,NaN,"16,289",£7893," 3,748"," 6,110",missing,£15006,13076
2024-08-04, HISTORY ,-999,JAPANESE,stapled, ya ,penguin,no,2nd,no, YES ,Long-Tail,18+,oceania,india,yes,,3963,-999,12450,13674," 1,966",6539,11383,5434,NaN
2022-05-05,history,AUDIOBOOK,english,sewn,Adult,penguin,NO,revised,YES,no, top-100 ,0-5,oceania,india,no,£15293,£3726,-999,7224,NA,1755,2053," 8,972",missing,19380
2023-01-14,ROMANCE,ebook,GERMAN,sewn,Adult,harpercollins,No,-999,Yes,-999,top-100,6-12,africa,-999,-999,£17186,8262,£2436,7304,8590," 5,325",NA,£12380,4001,8889
2021-10-17,missing,ebook,JAPANESE,Stapled,Ya,Penguin,YES, 2nd ,NO,YES,LONG-TAIL,NaN,Americas,uk,NO,11024,6992,5793,626,7780,12860,NaN," 1,085",15122,15929
24/12/2023,THRILLER,Audiobook,german,sewn,adult,macmillan,missing,3RD,no, yes , long-Tail ,0-5,americas, Uk ,no,NA,missing,NaN,1183,5363,14817,3155,10081,13501,"10,418"
29/08/2021,fantasy,NA,ENGLISH,STAPLED,children, Macmillan ,NaN,2nd,no, Yes ,long-tail,13-17,americas,missing,no,9036,£18887,17578,£7732,£17147,-999,missing,19861,£2005,8074
08/07/2023,sci-fi,hardback,-999,sewn,adult,harpercollins,no,revised,yes,no,long-Tail,18+,africa,us,yes," 1,253",£4020,NaN,£9393,14110,"19,183",6447," 9,523",£15930,19640
2022-11-03,Fantasy,Paperback, german ,spiral,ya,harpercollins,yes,NaN,missing,yes,Long-Tail,18+, americas ,Japan,yes,"15,211",8791,16630,2701,£11879,14256,£9229,£12427,8959,"11,407"
28/05/2022,Sci-Fi,missing,french,stapled,ya,macmillan,YES,2ND,no,no,top-10,6-12,,japan,NA,£18810,13052,15282,18471,£14859,8114,11629," 8,638",19658," 4,270"
missing, BIOGRAPHY ,Audiobook,english,NaN,adult,PENGUIN, no ,2nd,yes,YES,Top-100,13-17,Americas,japan,No,missing,1662,-999," 1,138",11813,11234,-999,missing,8269,NaN
2024-08-28,fantasy,ebook,English,Glue,Ya,harpercollins,missing,1st,NO,yes,top-10,6-12,missing,Us,YES,£3293,12426,£14864,6697,478,£14395,2709,17785,"14,239",18159
2024-06-07, biography , HARDBACK ,FRENCH,spiral,NA, simon&Schuster , no ,2ND,no, Yes ,top-10,0-5,Africa,japan,Yes,5600,13176,£11694,11407,19387,£4208,£16219,£14077,£18966,9789
"Jan 29, 2024", Thriller ,audiobook,spanish,STAPLED,children,Penguin,NO,missing,Yes, YES ,Top-100,13-17,americas,japan,yes,16573,1203,5806,19026,1096,£14580,115,missing,7979,3892
2021-10-07,Fantasy,Paperback,french,stapled,ya,simon&Schuster,yes,2nd,NO,yes,top-10,0-5, ASIA ,india,no," 6,249",2883,£10847,£5707,11032,577,£3617,NaN,4549,"16,542"
28/07/2022,BIOGRAPHY,Paperback,english,sewn,CHILDREN,penguin,yes,3rd,No,no,NaN,6-12,americas,India,Yes,13358,1032,11947,10565,10413,£2494,"14,865",£15857,2340,3019
17/08/2024,History,PAPERBACK,french,Stapled,missing,PENGUIN,Yes,1st,YES,no,top-10,18+,Asia,JAPAN,yes,£15735,15076,NA,£17848,£2244,,3976,,£9273,£2977
2024-10-15,Fantasy,HARDBACK,french, Glue ,CHILDREN,harpercollins,yes,1st,Yes,no,TOP-10, 0-5 ,Africa,uk,NA,"16,677",£985,NaN," 5,904",£18695,1620,,   788,7204," 7,110"
"Apr 20, 2022",thriller,paperback,French,missing,Children,simon&Schuster,No,3rd,yes,NaN,,6-12,ASIA,us,-999,11708,16182," 9,569",£17576,7392,£12337,NaN,"14,967",£15238,14572
2024-03-12,History, Paperback ,ENGLISH,stapled,Ya,harpercollins,NO,3rd,Yes,-999,NA,6-12,ASIA,india,Yes,18216,10579,13158,19574,16190,£4828,12037,6461,6768,8088
26/08/2024,Fantasy,Ebook,JAPANESE,spiral,Ya,Harpercollins,NO,2nd,yes,No,top-10,13-17,Oceania,japan, yes ,,,missing,"18,717",2866,13530,12635,£14681,18307," 1,424"
25/06/2023,sci-fi,HARDBACK,japanese, SPIRAL ,children,simon_&_schuster,YES,1st,Yes,YES,TOP-100,missing,oceania,India, yes ,13647,3815,5243,6692,£2574,7089,7190,14213," 1,313",17952
02/07/2023,biography,audiobook,japanese,sewn,missing,harpercollins,Yes, Revised ,Yes,no,LONG-TAIL,missing,americas,us,No,7625,£13168,6197,395,missing,"14,211",7950,£5135,£19886,8787
NA,biography,Ebook,spanish,glue, ADULT ,Simon & Schuster,yes,revised,Yes,yes,TOP-100,-999,europe,canada,NO,2444,3771,10154,2587,NaN,17832,£3859,14058," 9,491",4374
"Dec 25, 2023",sci-fi,hardback,german,SEWN,Adult,simon_&_schuster, No ,1st,yes,no,LONG-TAIL, 13-17 ,oceania,Japan,Yes," 1,354",5534,NA,£15560,19964,11013,3492,1847,345,16677
24/01/2021,thriller, hardback ,SPANISH,Glue,,harpercollins,yes,Revised,yes,no,top-10,0-5,americas,canada,no,16336,4346,14785,14197,17701,£4851,£5589,11530,1795,428
,FANTASY,,NaN,glue,children, MACMILLAN ,no, 1st ,yes,no, TOP-100 ,0-5,Oceania,japan,yes,£3481,15456,£1166,7559,£99,"11,020",NA,5919,3249,19628
2022-08-02,BIOGRAPHY,missing,english,spiral,NA,penguin,NO,Revised,yes,No,top-100,NA,asia,Us,yes,"10,092",11098,missing,£95,11899,£18366,£8087," 6,745",12423,14811
2022-12-17,NaN,Ebook,french,Stapled,ya,harpercollins,Yes,3rd,,yes,NaN,18+,AFRICA, India ,yes,9164,2515,6495,1737,9963,£5868,9590,17045,£11047,£86
2024-03-16,romance,audiobook,english,SPIRAL,ya,Macmillan,,1ST,no,NaN,long-tail,6-12,Asia,canada,YES," 6,280"," 5,881",11709,4375,2367,19630,15860,15223,£16256,8806
01/10/2024,History,hardback,french,stapled,adult,simon & schuster,No,2nd,Yes,yes,Top-100,18+, europe ,uk,no,10042,2974,£11632,9778,£16385,£904,13156,£14630,£9829,"10,381"
28/01/2024,Fantasy,PAPERBACK,Spanish,glue,CHILDREN,Macmillan,yes, 3rd ,no,no,top-100,,AFRICA,japan,Yes,5940,11303,19012," 5,907",   231,"17,352",£14912,£12460," 5,356",NaN
14/03/2024,Fantasy,AUDIOBOOK, ENGLISH ,missing,ya,Macmillan,YES,revised,yes,YES,top-10,13-17,AMERICAS,JAPAN,yes,9509,£15029,missing,8729,   117,"13,994",4554,3204,4950,NaN
26/04/2022,thriller,NaN,french,sewn,adult,harpercollins,YES,1st,yes,yes,TOP-10,0-5,europe,India,no,   928,13135,3856,NA,3494,missing,13049,681,17250,missing
"Jan 07, 2021",ROMANCE,paperback,japanese,sewn,adult,,no,3RD,YES,NO,LONG-TAIL,18+,AMERICAS,us,no,2935,18278,£2060,15004,2116,NA,19161," 5,488",12684,£19851
2024-09-19,Thriller,paperback,English,spiral,children, penguin , NO ,1st,yes,missing,top-100,18+,europe,uk,YES,10260,2577,"14,143",£5521,NA,£393,11347,£18829,,14222
"Dec 18, 2022",Biography,paperback,spanish,missing,ya,Macmillan,no, 3rd ,yes,no,top-10,13-17, asia ,india,no,4134,"10,175",£14814,15075,6324,17191,missing,NA,9298,12653
09/05/2021, thriller ,-999,english,stapled, CHILDREN ,macmillan,yes,3rd,,no,NaN,18+,OCEANIA,UK, yes ,"13,333",4098,£11763,18956,18231,£16971,13148,missing,£17167,£8513
25/06/2021,FANTASY,Paperback,English,-999, ADULT ,macmillan,yes,3rd,missing,NaN,Long-Tail,0-5,NA,uk,NO,7679,8150,12758,973,26,14792,16673,-999,12981,14388
02/07/2024,SCI-FI,Hardback,missing,spiral,Adult,Penguin, No ,3RD,yes,NO,LONG-TAIL,13-17,NaN,japan,YES,18927,17315,19001,NA," 4,683",16117,967,16045,18963,NaN
"Oct 27, 2023",thriller,hardback,english,sewn,children,Simon & Schuster,no,revised,No,yes,long-tail,13-17,oceania,canada,NO,11535," 9,867",13648,NaN,6178,10318,7271,9798,1944,9148
09/09/2021,BIOGRAPHY,Audiobook,NA,NA,children,HARPERCOLLINS,no,1st,no,Yes,long-tail,13-17,NaN,japan,yes,5323,£11123,8143,missing,3849,"17,926",,19136,6030,11341
2022-04-18,fantasy,hardback,NA,STAPLED,,SIMON & SCHUSTER,Yes,,NO,Yes,Top-100,13-17,Asia, UK ,no," 4,356",NA,1048,9549,7739,,   928,14358," 1,371",4694
05/02/2022,history,NA,German,spiral, adult ,simon_&_schuster,missing,2nd,yes,yes,top-100,6-12,oceania,uk,NO,£3739,2678,£16952,missing,"12,403",£5487,14326,NA,12929,NA
2023-05-31,Sci-Fi,-999,english,glue,ya,Penguin,yes,-999,Yes,Yes,top-10,0-5,asia,uk,No,£18707,7164,11063,£3899,10570,12300," 4,307",8208,"12,304",18920
02/03/2024,,Ebook,french,Glue,ya,Macmillan,no,2ND,yes,No,Top-100,6-12,,,Yes,6720,NaN,401,missing,£17361,NaN,8016,13738,12303,£790
06/08/2023,History,ebook,Spanish,sewn, adult ,HARPERCOLLINS,yes,NaN, no ,yes,Long-Tail,13-17,americas,uk,yes,10258,15455,missing,15811,£14103,5689," 4,415",NaN,5514,610
04/12/2023,thriller,paperback,-999,SPIRAL,adult,penguin,NO,3rd,yes,NO,long-tail,18+,missing,India,Yes,£1454," 7,844"," 1,461",7933,£11839,15696," 6,876",13586,£9432,£19975
09/12/2022,HISTORY,EBOOK,French,glue,ADULT,harpercollins,no,2nd,no,NO,top-10,0-5,Oceania,india,yes,854,18991,5774,missing,£13646,"17,202",£15133,18024,£1744,10439
21/03/2022,Sci-Fi,Ebook,NaN,GLUE, children ,macmillan,yes,3RD,YES,no,long-tail,0-5,africa,us,no,11128,"17,128",257,8754,"17,856",11978,2167,5213,missing,NA
"Mar 02, 2021",Fantasy,Audiobook,,-999,children,,yes,REVISED,yes,Yes,LONG-TAIL,13-17,missing,us,missing,NaN,6491,10175,,,   130,£17987,15966,,NaN
2022-01-29,Romance, hardback ,japanese,glue,missing,Simon & Schuster,yes,Revised,YES,yes,top-100,0-5,missing,india,no,9877,missing,"19,310","17,599","16,499",£5118,1257,NaN," 1,745",missing
15/09/2024,-999,ebook,SPANISH,glue,adult, PENGUIN ,missing,1st,,yes,long-tail,0-5,asia,-999,no,11293,4427,18127,missing,£10159,2661,17459,NaN,£6984,-999
29/07/2021,thriller,Ebook,english,Spiral, Adult ,Harpercollins,YES,REVISED,Yes,no,Long-Tail,0-5,,Canada,YES,£18883,2420,1470,£12418,-999,,14768,4766,11277,7270
2024-12-30,NA,paperback,ENGLISH,sewn,ya,macmillan,yes,3rd,No,No,long-tail,18+,AMERICAS,canada,No,6746,3567,13034,19475,£8692,3923,14024,"16,020",5174,£7387
"Oct 16, 2024",-999,HARDBACK,Japanese,sewn,children,simon&Schuster,missing,1st,NO,Yes,top-100,6-12,EUROPE, us ,NO,NaN," 2,965",£927,NA,17130,"19,111","16,753",9283,-999,15910
NaN,fantasy,Ebook,spanish,Spiral,children,PENGUIN,yes,2ND,no,NaN,top-10,13-17,Europe,india,Yes,5451,-999,18878,9348,4114,-999,15279,820,NA," 3,446"
18/08/2022,romance,hardback,german,Spiral,adult, macmillan , Yes , REVISED ,YES,no, top-10 , 18+ ,ASIA,india,No,NaN,NaN,"11,351",-999,7610," 9,150",6124,16534,3477,£3621
21/04/2021, biography ,hardback,japanese, spiral ,,PENGUIN,missing,REVISED,NO,NO, top-10 ,6-12,Americas,Uk,No,15404,16610,7989,16487," 3,097",£3482,7751,"14,097",12955,"12,068"
17/02/2021,missing,paperback,JAPANESE,glue,YA,Penguin,Yes,1ST,missing,yes,Top-100,13-17,Oceania,NA,Yes,8455,19612,980,18482,£4948,12047,14172,14693,NA,£9562
2024-01-23,thriller,PAPERBACK,missing,GLUE,,SIMON & SCHUSTER,no,3rd,yes,yes,long-tail,13-17,NA,india,Yes,2943,8463,5932,10355,6637," 9,927",1854,£8389,£8680,
25/01/2023,Sci-Fi,NA,spanish,Glue,Adult,penguin,No,3rd,NaN,-999,top-10,6-12,africa,india,no,£15036,NaN,18533,4275,£17508,missing,10925,£14893,12881,11046
-999,History,,japanese,GLUE, adult ,simon_&_schuster,Yes,revised,no,no,long-Tail,18+, americas ,uk,no,8427," 6,409",4463,4949,10484,9234,£17377,£7124,19031,15101
2021-07-31,HISTORY,hardback,spanish,sewn,ya,penguin,No,,yes,NaN,long-Tail,13-17,africa, uk ,yes," 6,179",-999,£16522,4180,£8296,11796,7544,£10437,8923,4868
2023-10-24,biography,paperback, FRENCH ,Glue,children,macmillan,Yes,,no,NO,top-100,0-5,europe,us, Yes ,"14,145",16706,3169,3282,17159,8069,,,11149,NA
2021-07-12,history,PAPERBACK,JAPANESE,glue,CHILDREN,penguin,yes, Revised ,,yes,top-100,13-17, africa ,us,no,3490,4500,8567,-999,NaN,,4983,£10628,7719,£10150
2024-08-02,Biography,,french,spiral,children,SIMON & SCHUSTER,Yes,1st,NO,YES,top-100,0-5,Americas,uk,Yes,-999,17648,10094,"13,818",11546,7810,15495,16163,£3036,14296
03/12/2023,-999,ebook,english,sewn,Adult,Harpercollins,NA,revised,YES,NO, top-10 ,13-17,-999,us,yes,18728,14577,NaN,£1400,13922,NaN,£1810,13254,£17872,19415
17/03/2023,thriller,Audiobook,missing,Sewn,-999,simon_&_schuster,no,3rd,NaN,NaN,long-tail,6-12,asia,us,no,£91,12039,-999,missing," 7,408",£3436,-999," 2,374","14,086",£17154
29/02/2024,romance,-999,ENGLISH,Glue,ya,NA,no,revised,yes,NO,top-100,0-5,asia,JAPAN,no,NA,£8352,9280,8504,17580,14043,17790,-999,£7826,£5121
23/08/2024,Thriller,hardback,NaN,STAPLED,children,macmillan,No,1st,yes,NaN,TOP-100,6-12,americas,Canada,yes,18302,£12272,NA,3053,11436,16813,£19893,"14,389",7028,9874
21/01/2021,Sci-Fi, HARDBACK ,NA, sewn ,adult,,no,revised,No,-999,top-10,13-17,NA,japan,missing,3286,11327,7058,3019,-999,6485," 2,692",7154," 2,845",£18415
NaN,Biography,missing,japanese,Glue,adult,SIMON & SCHUSTER,no, 3rd ,yes,yes,top-10,18+,EUROPE,US,no,16204," 3,087",£11465,missing,13962,13072,6824,18595,6701,£15676
14/12/2024,NaN,missing,japanese,GLUE,ya,penguin,YES,,no,no,top-100,6-12,americas,canada,NO,626," 3,005",£6590,,13087,4540,10733,"17,195",10737,5509
17/10/2024,BIOGRAPHY,audiobook,JAPANESE,GLUE,ya,penguin,yes,3rd,,no,Long-Tail,0-5,Americas,Japan,yes,11531,missing,-999,16529,£8284,£7592,£8568,£17006,10912,13486
2024-10-13,Fantasy,ebook,spanish,spiral,ya,macmillan,Yes,1st,No,yes,long-tail,13-17,asia,JAPAN,No,9833,11484,£11548,12978,-999," 4,915",17457,£7336,"14,180",13023
18/04/2022,THRILLER,PAPERBACK,NA,stapled,children,penguin,no,1ST,Yes,no,-999,6-12,,japan,yes,18067,£6473,9184,6189,329,-999," 4,755",£18018,£17732,-999
2023-11-21,fantasy,missing,spanish,SEWN,adult,NaN,YES,1st,yes,no,top-10,missing, africa ,canada,yes,5913,3288,15261,15293,,NA,£19305,6757,3837,287
06/02/2021,fantasy,AUDIOBOOK,JAPANESE,Stapled,ya,harpercollins,NO,-999,yes,Yes,LONG-TAIL,18+,asia,Canada,NaN,£1821,"11,305",£3401,£17263,4708,2571,NaN,11536,£2905,13493
2024-12-10,history,Audiobook,NaN,spiral, adult ,simon&Schuster,no,REVISED,yes,YES,Top-10,0-5,Oceania,CANADA,no,6478,£12884,£11059,7368,19668,£17434,19161,435,"14,840",8530
04/10/2021,thriller,AUDIOBOOK,german,Glue,Children,,no, 1st ,NO,yes,NA,NaN,americas,japan,YES,£19976,£15370,19717,£13462,"10,711",5088,NA,14566,"17,949",-999
10/09/2024,Sci-Fi,Paperback, English ,stapled,Ya,MACMILLAN,yes,2nd,NO,,top-10,6-12,africa,us,YES,£8384,6921,2464,8195,,£11271,£18652,4309,9866,6322
09/09/2023, SCI-FI ,audiobook,spanish, spiral ,CHILDREN,Macmillan,No,3rd,no,yes, top-100 ,0-5,oceania,-999,yes,1460,18987," 6,437",£2982,647,19191,9195,NaN,11772,11348
missing,NA,ebook,English,spiral,CHILDREN,penguin,Yes,1st,No,yes,LONG-TAIL,18+,Asia,Us,NO,   651," 5,558",7139,18077,6332,15351,14354,6880,2378," 8,009"
14/06/2023,thriller,missing,japanese,spiral,children,macmillan,yes,2ND,NO,no,Top-100,6-12,Africa,CANADA,,900,2013,NaN,1738,9479,13302,4786,£17775,2060,901
24/02/2023,NA,HARDBACK,French,Spiral,ya,HARPERCOLLINS,no,1st,NA,YES,TOP-100,6-12,americas,JAPAN,YES,10349,missing,12686,10571,8913,£9155,£9749,19748,2033,8674
2023-12-12,SCI-FI,paperback,English, sewn ,CHILDREN,,No,2ND,no, yes ,top-100,6-12,Asia,canada, No ,5042,4338,9998,5353," 4,111",13616,NA,10840,14713,10705
2024-09-30,-999,hardback,spanish,STAPLED,Ya,penguin,yes,revised,yes,no,top-10,13-17, europe ,japan,NO,18053,12765,"16,026"," 1,446",6252,NaN,15072,13441,5802,6287
NA,fantasy,Audiobook,french,stapled,ya,Penguin,no,revised,yes,NO,top-10,NaN,americas,Us,NaN,14847,10384,4021,7309,"14,388",2109,1127,14722,NA,1934
24/05/2021,NaN,missing,GERMAN,Glue, children ,harpercollins,no,1st,No,No,NaN,13-17,NaN,canada,no,1205,8032,7659,"14,709","18,746",£470,16962,-999,15522,6169
26/12/2021,thriller,hardback,missing, glue ,adult,macmillan,no,revised,no,no,LONG-TAIL,18+,oceania,uk,no,15629,"12,790",3191,14269,19985,£3741," 6,109",£5083,NaN,1879
2022-12-01,romance,Paperback,french, Stapled ,NA,penguin,yes,,NO, yes ,Top-100,13-17,asia, uk ,YES,NA,-999,5444,2199,8042,   627,NaN,15084,"11,699",-999
09/06/2023,sci-fi,audiobook,JAPANESE,glue,YA,Macmillan,yes,revised,yes,No,top-10,0-5,americas,japan,no,19030,-999,£17150,8936,4603,    51,"18,359",£3198,15254,5119
18/06/2023,missing,ebook,french, GLUE ,children,HARPERCOLLINS,yes,revised,NO,NO,TOP-10,13-17,AMERICAS,, no ,"14,279",7139,£14612,9912,2521,,   691,4519,NA,19604
14/04/2024, fantasy ,-999,Japanese,missing,-999,harpercollins,no,1st,missing, no ,LONG-TAIL,0-5,AFRICA,uk,,NaN,9179,18476,4402,6384,10398,"14,847",2223,3042,9403
"Mar 11, 2022",NaN,audiobook,english,GLUE,children,Simon & Schuster,No,1st,missing, YES ,long-tail,18+,oceania,UK,yes,19731,7818,£8125,£15441,7012,10949,13973,£19477,15186,£16530
2023-10-02,fantasy,hardback,FRENCH,Spiral,adult,penguin,yes,Revised,-999,No,Long-Tail,18+,americas,canada,yes,£4650,-999," 4,683",8369,10747," 3,635",-999,£16964,12038,missing
2024-04-05,fantasy,paperback,English,missing,-999,MACMILLAN,no,3RD,NO,,top-10,missing,Europe,us,yes,£12719," 9,014",7529,missing,£599,11568,5987,£15597,-999,NA
03/05/2024,THRILLER, paperback ,spanish,sewn,ya,,yes,NaN,yes,no,NA,0-5,europe,uk, no ,£2699,18841,£13185,2548,1577,,8960,,"16,246",5065
2024-08-26,ROMANCE,EBOOK,spanish,glue,Ya,Penguin,no,REVISED,NA,Yes,Top-100,6-12,africa,uk,NO,NA,£3814,13045,2553,14895,17577,£14680,£2691,"16,153",11716
24/06/2021,history,Ebook,spanish,glue,ya,harpercollins,no,3RD,No,,top-10,18+,americas,NaN,Yes,14134,13320,4739,10094,£9203,11742,16389,missing,2872,10366
"Dec 25, 2023",History,audiobook,english,Sewn,CHILDREN,simon_&_schuster,YES,2ND,yes,Yes,top-10,18+,africa,us, No ,missing,£2435,11192," 4,801",17601,15965,9738,6292,"13,969",£12187
10/02/2024,Biography,-999,french,Glue,adult,Simon & Schuster,no,2nd,no,YES,top-10,18+,americas,us,yes,6997,2836,11612,4492," 4,216",£18449,£10644,10134,13464,£4850
23/01/2022,biography,audiobook,German,STAPLED,Adult,penguin,YES,2nd,NO,no,Top-100,13-17, africa ,japan,yes,7519,£6198,"15,202",15205,£6053,12147,"11,601",2920,19906,1278
"Nov 02, 2024",romance,paperback,french,STAPLED,ya,MACMILLAN,No,-999,no,NO, LONG-TAIL ,13-17,europe,japan,no,missing,14710,124,"13,411",NA,13829,,2742,8578,19581
2021-03-27,NaN,audiobook,Spanish,,Adult,Harpercollins,Yes,3rd,yes,YES,top-10, 13-17 ,asia,JAPAN,Yes,19756,NaN,15990,872,4416,6803,NaN,NA,14875,£18158
2022-01-20,biography,ebook,spanish,glue,-999,harpercollins,Yes,1st, yes ,no,TOP-100,NA,africa,Us,yes,13874,17878,NaN,"11,720",5583,,13213,NA,1161,14492
2023-05-18,thriller,Audiobook,JAPANESE,Glue, Adult ,missing,YES,2nd, yes ,no,TOP-100,0-5,EUROPE,uk,NO,17516,"17,989",15856,15546,19389,£7517,NA,595,8839,15078
NA,Fantasy,ebook,GERMAN,SPIRAL, Adult ,PENGUIN,YES,1st,yes,no,top-100,13-17,americas,uk,NaN,6903,3068,17422,£5827,-999,73,"10,290",,4138,7509
2021-06-15,thriller,hardback,french, SPIRAL ,ya,Harpercollins,Yes,2nd,no,no,Long-Tail, 18+ ,americas,canada,missing,14820," 6,439"," 9,793",13078,7221,2853,4591,1572," 3,093",£4279
2021-08-05,fantasy,Paperback,French,stapled,ya,MACMILLAN,,1st,yes,NO,NA,0-5,americas,Us,No,£9918,"11,527",10641,,£8231,7654,17843,£825,NaN,14804
2021-03-30,Sci-Fi,AUDIOBOOK,Japanese,GLUE,ADULT,macmillan,yes,REVISED,Yes,yes,top-100,18+,OCEANIA,NA, No ,8651,19876,5918,£18830,177,5893,missing,10422,9429,NA
2024-01-03, Romance ,EBOOK,NaN,spiral,adult,SIMON & SCHUSTER,,1st,no,yes,top-10,18+,asia,Japan,no,700,£6705,2749,1496,-999,1179,1308," 2,304",3245,£2095
2023-05-22,-999,audiobook,spanish, SEWN ,-999,Harpercollins,Yes,revised,NO,NaN,top-10,18+,Oceania,NA,yes,5609,£11045,15590,19636,6888,-999,4042,,   370,14995
2021-11-17,Romance,NA,missing,GLUE,children,PENGUIN,No,REVISED,no,yes,long-tail,0-5,AMERICAS,us,no,17238," 9,175",NA,missing,13190,,18115,161,£3725,£3345
26/06/2024,Thriller,audiobook,spanish,NA,Adult,HARPERCOLLINS, YES ,revised,no,,,18+,oceania,Canada,yes,NaN,missing,7614,2664,174,-999,   184,6009," 6,387",8266
23/11/2024,biography,AUDIOBOOK,french,glue,ya,macmillan,no,NA,NO,NO,top-10,0-5,EUROPE,japan,NO,,,£6996,,18160,3662,11585,£1799,NA,"13,867"
2021-06-09,-999,PAPERBACK,JAPANESE,stapled,ya,Simon & Schuster,YES,2nd,NO,yes,top-100,0-5,Africa,US,no,9897,"19,875",9018,587," 4,601"," 2,857",3869,9910,-999,missing
2021-01-17,Sci-Fi,ebook,japanese,SEWN,CHILDREN,macmillan,,1st,yes, yes ,top-100,18+,missing,japan,Yes," 8,032",missing,6654,10740,   814,£2244,NA,£9625,-999,NA
2024-10-03,romance,audiobook,french,Spiral,-999,SIMON & SCHUSTER,Yes,1ST,No,Yes,Top-100,0-5,NaN,India,no," 5,510",£12723," 8,678",10581,5559,4601,"19,849",5572," 6,506",8543
09/11/2021,thriller,ebook,french,Stapled,-999,macmillan,yes,1ST,yes,yes,long-tail,0-5,asia,canada,yes,NA,missing,8182,11430,-999,8251,£19182,£16715,NA,1800
12/10/2021,history,,german,SPIRAL,CHILDREN,harpercollins,yes,1st,yes,no,top-10,13-17,AFRICA,missing, NO ,16691,£11801,£1608,4104,NaN,7755,17399,£7060,19035,7445
21/06/2024,Romance,PAPERBACK,JAPANESE,glue,YA,simon & schuster,no,1ST,YES,yes,top-100,NaN,Africa,japan,NO,NA,2042,,8088,71,11970,4057,NaN,12006,3346
04/12/2024,,audiobook,NA,Spiral,missing,Harpercollins,YES,2nd,yes,missing,long-tail,6-12,-999,Japan,no,7240,7448,18447,£18304,4223,10900,£16818,4316,"13,344","14,182"
"Oct 11, 2023",FANTASY,audiobook,Spanish,Spiral,adult,simon_&_schuster,no,REVISED,yes,Yes,long-tail, 6-12 ,asia,INDIA,yes,419,missing,5334,17890,18172,9073,14578,-999,15984,133
29/01/2024,Sci-Fi,EBOOK,FRENCH,spiral,adult,MACMILLAN,no,revised,yes,-999,long-tail,NA,europe,Uk,yes,"11,897",11893,NA," 7,896"," 3,269",-999,£1149,"11,684",£4786,12643
"Aug 19, 2023",-999,audiobook,german,-999,ADULT, macmillan ,No,2nd,missing,no,long-tail,18+,AMERICAS,Japan,no,£17124,£3205,13979,missing,£5511,13160,12184,,"14,838",£17630
2022-03-01,fantasy,NA,JAPANESE,SEWN,adult,penguin,no,2nd,yes,No,top-10,-999,africa,JAPAN,-999,,"13,534",19509,£9122,16249,11770,missing,7019,13912,£5324
,Thriller,Hardback,spanish,stapled,adult,,no,3rd,no,NA,TOP-100,13-17, americas ,India,yes,£6979,£12409,12126,13172,"19,818",8529,£13841,NaN,£16966,missing
2021-03-27,fantasy,hardback, English ,SPIRAL,CHILDREN,penguin,no,3rd,YES,NO,top-100,18+,,Us,yes,11423,7871,5513,,7209,855,16583,14905,15682,2071
"Feb 10, 2022",romance, Paperback ,JAPANESE,sewn,NA,simon&Schuster,,2nd,,Yes,TOP-100,6-12,NaN,japan,NO,-999,17614,,3257,NA,17564,,16468,6332,£4469
"Aug 31, 2023",FANTASY,audiobook,french,glue,YA,Simon & Schuster,no,missing, yes ,no,Top-10,6-12,oceania,japan,yes,NaN,2817,NA,missing,9601,NaN,5034,17523," 6,437",£18389
29/05/2021,biography,ebook, english ,stapled,ya,SIMON & SCHUSTER,yes,3rd,NO,no,TOP-100,13-17,AMERICAS,missing,yes,-999,6465,316,13345,9266,8851,5293,"10,697",17242,15433
2021-07-28,biography,paperback,Spanish,Spiral,Adult,PENGUIN,-999,revised,yes,-999,missing,13-17,Asia,Japan,,NaN,19778,£10093,,7380,14684,NaN,4028,£8024,"11,364"
13/08/2023,NaN,HARDBACK,french,Stapled,Ya,harpercollins,Yes,NA,Yes, YES , top-10 ,NA,-999,us,yes,2270,16441,£14200,-999,1825,5106," 3,339",,4219,"10,271"
2021-04-27,fantasy,Ebook,English,sewn,adult,macmillan,no,3RD,No,Yes,top-10,NA,NA,us,Yes,£11672,-999,,"12,155",1617,£5716,£17107,missing,,6518
2024-02-04,Romance, audiobook ,french,stapled,ya,macmillan,YES,missing,No,yes,-999,6-12,EUROPE,US,no,14693,"17,124",3675,NA,11731,16617,11546,10598,4041," 9,144"
2021-07-21, biography ,paperback,GERMAN,Glue,ya,harpercollins,Yes,1st,yes,NA,long-tail,18+,asia,canada,missing,14253,," 4,015","13,770",£9798,9468,4275,16862,17839,14405
"Sep 04, 2021",NA,paperback,FRENCH,NaN,Children,simon&Schuster,NA,1ST,Yes,no,Top-100,13-17,asia,Us,yes,missing,6042,"14,619",4607,"13,728",17871,£18720,NA,10038,6905
2021-04-23,sci-fi,audiobook,japanese,STAPLED,children,penguin,,3rd,No,no,top-100, 13-17 ,africa,canada,no,missing,NA,10591,£7730,4839,NaN,£18814,£1834,15357,14582
02/05/2024,fantasy,PAPERBACK,Japanese,sewn,Children,,YES,Revised, No ,no,Top-10, 0-5 ,ASIA,canada,yes,13619,11132,,13683,352,11399,3210,£12492,9356,19746
21/07/2023,history,NaN,,-999, ADULT ,NA,YES, 3rd ,No,yes,long-tail, 0-5 ,AMERICAS, india ,NO,19831,12240,8064,9938,13804,11601,14232,13018,£19909,"13,718"
13/05/2022,HISTORY,Ebook,JAPANESE,Stapled,ya,Macmillan,No,2ND,missing,no,Long-Tail,0-5,africa,us,YES,NaN,," 5,316",£6269,8160,13324,,13247,   366,"15,286"
26/02/2024,sci-fi,audiobook,NaN,GLUE,Adult,macmillan,yes,3rd,yes,Yes,top-10,,EUROPE,us,NO,10717,"12,223",7646,8448,£12811,£10012,2071,17194,£15003,3169
NaN,BIOGRAPHY,Hardback,english, spiral ,adult,MACMILLAN,NaN, 2ND ,no,no,TOP-10,6-12,africa,uk, YES ,10529,NaN,"11,819",£2265,£3660,14881,£11119,16918,£60,NA
07/03/2022,Sci-Fi,audiobook,spanish,Stapled,NaN,simon&Schuster,no,3rd,yes,yes,-999,6-12,EUROPE,Japan,yes,,3793," 3,618",19266,17979,5978,974,16124,NaN," 4,970"
"Dec 03, 2021", Fantasy ,Audiobook, French ,sewn,children,, yes ,NA,No,no,top-10,6-12,AMERICAS,Canada,Yes,302,19013,11758," 3,399",,6636,£2051,10692,£13639,14930
08/06/2022,sci-fi,paperback,german,stapled,ADULT,simon_&_schuster,Yes,3rd,yes,NA,Long-Tail,18+,oceania,japan,no,13114,7821,12518,12817,-999,11022,£6331,missing,5762,NA
07/08/2024,history,PAPERBACK,-999,spiral,children,NA,yes,1st,yes,YES,TOP-10, 18+ ,americas,UK,no,8640,11119,13386,8852,18732,15484,1299,830,19335," 6,758"
2021-05-03,SCI-FI,Audiobook,german,stapled,Ya,MACMILLAN,-999,revised,yes,NaN,top-100,0-5,europe,japan,yes,-999,5177,£19708,310,14335,-999,5101,NA," 8,451",NaN
20/06/2021,SCI-FI,HARDBACK,Japanese,Stapled,YA,harpercollins,NO,-999,missing,yes,Top-10,0-5,oceania,japan,no,-999,£15675,11010,19492," 8,381",5150,826,6200,19140,19625
18/01/2022, SCI-FI ,audiobook,German, spiral ,ya,harpercollins,,1st,,no,top-100,18+,asia,uk,No,17339,missing,"19,243",missing,£4196,NaN,missing,18573,NaN,19050
NaN,history,paperback,missing,Glue, adult , MACMILLAN ,no,3rd, yes ,-999,top-100,13-17,-999,Japan,yes," 9,762"," 9,180",8243,14275,10372,6514,13350,£6408,   590,1671
24/05/2024,NA,NA, japanese ,SEWN,-999,simon_&_schuster,NO,revised,,no,LONG-TAIL,6-12,asia,JAPAN,NO,£14121,13479,6343,£7568,16807,3114,£12510,£6455,-999,12484
2022-08-11,fantasy,audiobook,english,NA,adult,penguin,yes,3rd,Yes,no,TOP-100, 6-12 ,ASIA,us,NO,10061,15587,£193,-999,£16334,12069,12343,7063,-999,6914
22/05/2023,NaN,Audiobook,german,Spiral,ADULT,harpercollins,no,revised,yes,NaN,long-tail,6-12,AMERICAS,NaN,no,"14,919",19034,NaN,-999,£11746,,"15,966",24,2948,£16925
13/02/2023,BIOGRAPHY,NaN,English,glue,CHILDREN,simon_&_schuster,no,3rd,no,yes,Long-Tail, 0-5 ,Europe,-999,Yes,£3026,-999,3392,,13426,7116,14357,£18905,813,11146
16/12/2021,NA,Hardback,japanese,Spiral,ya,harpercollins,No,2nd,Yes,yes,long-tail,13-17,africa,JAPAN,no,NA,14529,£972,8967,14937,£18276,NaN," 9,037",3466,£18388
2021-07-14,fantasy, hardback ,German,spiral,-999,NA,yes,1st,No,No,long-tail,13-17,Oceania,japan,YES,NaN,14610,4776,2370,9101,"13,824",19555,16317,11056,18905
2023-07-14, History ,paperback,FRENCH,stapled,NaN,PENGUIN,yes,3rd,yes,Yes,top-10,0-5,africa,India, Yes ,1261,16550,£16220,"12,943",2079,-999,18608,,16334,6462
2021-04-11,sci-fi,Audiobook,German, stapled ,ADULT,Harpercollins,yes,1st,yes,yes,top-100,6-12,africa,india,yes,£17256,337,9498,12076,13377,12269,"16,982",222,missing,"13,071"
,history, Ebook ,NaN,spiral,CHILDREN,-999,NaN,2nd,NaN,yes,top-10,0-5,asia,Japan,,12962,,,9353," 6,267",124,"11,097",NaN," 6,363"," 2,860"
24/06/2021, sci-fi ,hardback,french,Glue,ya,penguin,no,REVISED,YES,yes,top-100,18+,europe,Us, no ,    75,missing,-999,"17,767",16404,4759,missing,£18307,"19,795",18033
29/04/2021,biography,audiobook, english ,Spiral,Adult,HARPERCOLLINS,NA,Revised,no,no,top-10,18+,missing,japan,YES,12809,7391,£2100,NaN,£16130,6107,19563,NA,14946,NaN
2023-01-11,BIOGRAPHY,Hardback,German,Spiral,ya,harpercollins,no,3rd,yes,-999, top-100 ,6-12,missing,japan,No,6356,£9863,6344,missing,£1963,120,8076,"10,803",13456,738
18/02/2024,thriller,ebook,NaN,STAPLED,children,Simon & Schuster,no,2nd, no ,yes,top-100,13-17,asia,canada,NA,10675," 9,612",6786,16090,9008,£10859,6558,15713,,"15,992"
-999,thriller,audiobook,German,NaN,ya,penguin,Yes,2nd,yes, no ,top-100,NaN,asia,us,yes,12811,NA,"16,720",missing,14324,14597,723,5101,£19863,17232
2024-09-30,NaN,HARDBACK,german,Glue,adult,Simon & Schuster,yes,1st,yes,Yes,-999,18+,americas,uk,No,NaN,12041,6361,-999,6517,9380,"16,906",£4018,3863," 2,648"
11/12/2024,history,,french,sewn,adult,,No,2nd,Yes,yes, top-100 ,13-17,americas,uk, yes ,9336,10431,-999,£14445,£5119,£14692,4672,£11015,13058,missing
2021-11-14,biography,hardback, german ,Sewn,YA,NA,yes,2nd,missing,NO,long-tail,13-17,AMERICAS,uk, yes ,2464,£1337,1833," 1,259"," 2,715"," 7,183",5350,NA,3366,10134
2023-10-22,biography,PAPERBACK,English,stapled,ya,simon & schuster,Yes,,Yes,yes,top-100,18+,europe,us,yes,15590,4483,"15,242",16106,NaN,missing,2747," 8,115",10954,18436
20/02/2022,thriller,PAPERBACK,english,,adult, Harpercollins ,no,revised,no,No,TOP-100,18+,,,Yes,£11558,8697,£7923,,10526,5075,3135,£14011,15771,9534
27/10/2023,sci-Fi,hardback,english,stapled,adult,simon_&_schuster,YES,revised,,yes,Top-100,6-12,AFRICA,NaN,NO,10879,13234,NaN,NA,5594,11132,£920,,NaN,8614
NA,thriller,HARDBACK,-999,stapled,children,simon&Schuster,yes,revised,no,no,top-10,18+,asia,canada,YES,NA,,13360,£4051,"15,206",9891,"18,060"," 7,696","13,785",11351
24/01/2023,fantasy,Paperback, french ,spiral,Adult,,No, 2nd ,no,missing,Long-Tail,13-17,asia,NaN,no,"15,574",10967,4866,17984,17336,15617,14981,407,11609,4524
26/04/2022,FANTASY,paperback,spanish,stapled,Adult,NA,YES,1ST,no,YES,top-100,13-17,europe,UK,yes,704,"16,929",NaN,£3126,10286,7082,£3005," 7,333",18487,6145
27/05/2023,romance,audiobook,french,Spiral,-999,macmillan,No,Revised,-999,YES,missing, 6-12 ,ASIA,CANADA,YES,19764,missing,6482,11481,10182,19707,949,15484,5119," 9,882"
2021-09-09,missing,missing,spanish,sewn,ya,,NO,Revised,no,NA,long-tail,18+,NA,india, yes ,12413,"17,293",5589,8988,£16640,£5925,£9750,8117,£1388,15511
2024-01-26,Fantasy,EBOOK,,SPIRAL,Ya,macmillan,no,2nd,YES,yes,TOP-100,missing,europe,Japan,NO," 5,242",£2611,,£16262,,-999,355,£4252,10155,5161
11/10/2022,thriller,hardback,Japanese,stapled,YA,penguin,,NA,yes,missing,long-tail,NA,oceania,uk,YES,16972,8095,-999,-999,NaN,11982,9961,5035,NA,
,biography,HARDBACK,SPANISH,STAPLED,Adult,MACMILLAN,yes, 2nd ,missing, no ,top-10,18+,europe,japan,no,8980,"12,204",4592,NaN,11149,£7696,£18278,19939,£9890,£18619
2023-02-02,biography,ebook,spanish,stapled,children,penguin,yes,REVISED,yes,no,NA,,asia,us,no,8475,2754,6410,-999,£9078,3893,5223,17725,£11419,£8750
2023-03-26,Fantasy,hardback,english, Sewn ,children,harpercollins,yes,1st, no ,NO,top-100,13-17,oceania,uk,NO,£2365,"16,450",£17587,12643,NaN,2381,17484,6491,5433,£7970
2023-02-09,fantasy,audiobook,japanese,spiral,NA,harpercollins,yes,2ND,YES,no,top-10,13-17, africa ,us,Yes,18122,£17138,9277,"17,309",1625,10377,£11020,19601,12527,2505
15/03/2024,NaN,hardback,-999,Glue,children,penguin,No,3rd,yes,YES,LONG-TAIL,,Americas,Us,YES,4599,6553,304,13634,£19499," 7,366",13852,5879,£9242,6563
12/09/2022,sci-fi,ebook,japanese,Sewn,Children,macmillan,no,1st,YES,no,top-100,0-5,NaN,Canada,No,7592,-999,13134,8254,10947,8221,7987,2615,3125,1956
