DATE,sport, surface ,competition_level, Gender Cat ,SEASON,weatherCond,Venue Type,team_name,coach, League /,equipment brand, scoringMethod ,Time Slot,official count,broadcast net, attendance ,ticket £?,Game Time Min/,Possession %, Fouls ,shots,pass_accuracy_%,Yards,ERRORS,sponsorship £k/
"Aug 10, 2022",basketball,Synthetic,SEMI-PRO,WOMEN,Pre-Season, HOT ,indoor,Lions,rookie,b-League,Nike,SETS,Evening,5,SKY,"17,075",£4741,9671," 6,556"," 3,502",£2894,14812,10227,19834,11328
30/12/2021,tennis,road,semi-pro,Women,PRE-SEASON,HOT,indoor,Bears,interim,,ADIDAS, points ,MORNING,5,nbc,1449,11255,14830,19909,6434,16312,"18,054","17,207",9648,10088
,,Indoor, Pro ,women, regular ,Snowy,INDOOR,wolves,Veteran,B-League,adidas,RUNS,missing,2,bbc,519," 8,866",,11859,13816,8269,£12119,15396,12796,10356
24/08/2021,TENNIS,Synthetic,Amateur, men ,regular,snowy,INDOOR,Sharks,INTERIM,a-League,missing,points,EVENING,1,Sky,16896,£18277,14515,missing,£4393,16373,3554,-999,NA,"14,867"
06/05/2023,basketball,NA,AMATEUR,Men,pre-Season,Snowy,INDOOR,sharks,-999,,NIKE,, afternoon ,3,espn,2670,£9246," 5,932",£19547,NA,NA,"10,741",18339,"10,704"," 3,698"
14/12/2023,cricket,grass,amateur,mixed,NA, windy ,missing,SHARKS,interim,c-League,wilson,points,afternoon,1,espn,NaN,14223,14103,8075,"16,945",345," 8,066",11607,£4099,412
15/11/2021,football,grass,amateur,men,regular,WINDY,indoor,Lions,rookie,B-League,nike,POINTS,Afternoon,-999,missing,7256,missing,11408," 5,823",14028,,7680,12125,NaN,16814
05/05/2022, basketball ,NaN,Pro,Women,PRE-SEASON,snowy,INDOOR,lions,,,nike,runs,afternoon,5, espn ,,"11,005",£15050," 9,477",7373,643,13056,15668,10656," 2,496"
NA,running,SYNTHETIC,international,men,Regular,HOT, indoor ,BEARS,rookie,c-League,nike,points,Afternoon,5,NBC,19195,£4388,"17,202",7315,16255,5341,461,£5171,17786," 9,637"
"Feb 04, 2022",cricket,Road,semi-Pro,Men,pre-season,snowy,OUTDOOR,NaN,rookie, a-League ,nike,Runs,evening,3,Nbc,7287,3590,2104,6060,5871,6876,6367,"14,632",18577,17547
"Dec 14, 2022",Football,CLAY,international,Men,pre-season,WET,indoor,lions,interim,b-league,nike,goals,morning,5,Sky,7680,15201,19792,NaN,-999,18169,£7821,"17,294",6435," 4,688"
2023-07-28,rugby,Indoor,Amateur,women,Pre-Season,WET,OUTDOOR, WOLVES ,veteran,A-League,nike,Points,afternoon,2,espn,478,7571,£378,8434,4312,10854,7945,18037,NaN,£18540
2023-08-03,TENNIS,ROAD,international,mixed,pre-season,Windy,indoor, LIONS ,veteran, C-League ,WILSON,NA,NA,5,-999,,£16860,6905,£6482,NA,13822,£2640,£9481," 1,654",missing
2023-05-01,basketball,hardcourt,NA,mixed,regular,Snowy,outdoor,tigers,veteran, A-LEAGUE ,nike,SETS,evening,5, bbc ,NA,,12869,3354,9489,3915,280,14530," 2,347",5918
2022-11-19,Basketball,Indoor,international,women,regular,windy,Indoor,tigers,rookie,a-league,nike,sets,morning,2,SKY,13761,16266,8176,14819,£16395,NA," 4,157",NaN,£2514,7606
NA,running,CLAY,semi-pro,NaN,PLAYOFFS,wet,indoor,lions,veteran, c-league ,adidas, goals ,afternoon,1,bbc,2044," 4,751",missing,£4830,16881,14167," 6,343",1044,5803,2919
24/08/2023,football, hardcourt ,AMATEUR,Men,Pre-Season,Hot,Indoor,eagles,veteran,c-league,NaN,goals,missing,5,Sky,7331,NA,£3606,5208,missing,13875,"11,459",14402,5143,NaN
2023-06-20, CRICKET ,synthetic, amateur ,mixed,regular,hot, indoor ,Bears,interim,c-league,NA,runs,afternoon,1,Bbc,5570,£9769,8574,14067,£14325,£9848,14792,13585,910,7765
01/12/2023,CRICKET,clay,Semi-Pro,mixed,regular, dry ,outdoor, wolves ,rookie,a-League,nike,points,morning,2,NaN,6956,18710,£7921,£2478,£6196,NA,8380,£14652," 7,411",£6630
19/05/2022,missing,indoor,International,MEN,pre-season,Snowy, OUTDOOR ,Tigers,rookie,a-league,ADIDAS,POINTS, evening ,4, NBC ,£10956,"19,668"," 6,787","10,083",10301," 9,889",6263,7499,4613,10597
2022-09-23,basketball,Road,INTERNATIONAL,mixed,PLAYOFFS,windy,outdoor,bears,VETERAN,c-league,Adidas,runs,Night,2,sky,-999," 3,415",14405,4724,17867,£19368,19836,10117,missing,"12,239"
"Jun 26, 2024",Football,Synthetic,Pro,-999, playoffs ,dry,outdoor,missing,interim,c-league,-999,sets,,5,espn,"17,670",£1238,5145,£5859,87,10322,£9304,19995,£19213,5505
2023-06-17,RUGBY,indoor,Pro,women,REGULAR,windy,INDOOR,tigers,interim, a-league , ADIDAS ,POINTS,Morning,3,missing,13667,£6475,322,14760,13215,£4213,18549,14540,292,1946
"Sep 09, 2023",NA,clay,INTERNATIONAL,mixed,-999,windy,outdoor,wolves,-999,c-League, puma ,goals,evening,2,espn,NA,NA,£9398,11053,NaN,missing,£656,3595,10728,5755
2022-12-28,tennis,CLAY,PRO,Women,PRE-SEASON,,indoor,bears,interim,B-League,NA,sets,night,5,NaN,15119,5537,8739," 3,574",14753,5732,7049,-999,8142,11792
05/12/2022,running, SYNTHETIC ,AMATEUR,men,regular,WINDY,indoor,BEARS, rookie ,a-league,missing,points,evening,4, nbc ,11613,£3160,18923,,"17,810",5508,£184,NaN,17854,14805
25/03/2023,cricket,INDOOR,PRO,,NA,wet,-999,missing,interim,B-LEAGUE,ADIDAS,runs,Morning, 1 ,NA,"10,179",£16790,£14900,9572,13334,missing,7072,19701,"13,714","11,335"
06/11/2023,cricket,clay,pro,men,REGULAR,WINDY,indoor,NA,Interim,c-league, Adidas ,Points,morning,missing,nbc,£6001,3937,13353,500,"11,416",£13166,8297,"10,502","18,779",
"Dec 24, 2023",tennis, grass ,Amateur,mixed,pre-season,Dry,NaN,wolves,veteran, a-League ,wilson,runs,evening,4,nbc,3685,"16,941","16,506",missing,"14,182",15007,17339,17773,10158,"11,006"
14/09/2021,basketball,road,PRO,women,Regular,Snowy,indoor,Wolves,interim,,ADIDAS,goals, afternoon ,4,SKY,18344,11358,£15446,NaN,NA,10380,14451,9554,19331,missing
01/09/2022,football,synthetic,semi-Pro,women,REGULAR,SNOWY,INDOOR, bears ,ROOKIE,b-league,nike,points,MORNING,1,missing,£8594,4806,11382,   386,3782,4763,"16,760",NA,3412,missing
16/10/2022,RUNNING,SYNTHETIC,amateur,men,PRE-SEASON,Dry,,NA,missing,c-league,puma,Runs,afternoon,NaN,ESPN,16239,£3820,,NA,10340,1923,3766,2880,14549,5787
2024-05-10,running,hardcourt,International,WOMEN, REGULAR ,windy,Indoor,EAGLES, rookie ,NaN,nike,goals,evening,4,sky," 5,117",11238,3884,NA,16159,£11038,19069,19478,9398,12544
"Apr 25, 2023", cricket ,NA,amateur,men,playoffs,NA,Indoor, TIGERS ,veteran,C-LEAGUE,puma,NA,morning,5,Bbc,11187,3623,5817,£11583,NaN," 7,415",1703,£19677," 7,315",£15130
2021-04-30, basketball ,Hardcourt,amateur,men,Pre-Season,Dry,indoor,bears,Rookie,c-League,nike,missing,afternoon,4,BBC,NA,9993,14505,,"11,501",3557,"17,132",5447,NaN,19832
15/01/2023,Cricket,clay,INTERNATIONAL,WOMEN,Pre-Season,wet,outdoor,lions,Rookie,C-LEAGUE,puma,-999,evening,4,sky,,12395,3420,13619,9670,14382,15776,4552,7438,3930
10/07/2022,running,-999,Semi-Pro,NA,REGULAR,Dry,Indoor,BEARS,veteran,a-league,wilson,GOALS,night,4,missing,2797," 7,087",10110," 4,431",NaN,1455,£11875,£15112,NA,15117
2021-07-07,BASKETBALL,GRASS,SEMI-PRO,mixed,PRE-SEASON,windy,outdoor,bears,ROOKIE,A-LEAGUE,NaN,Sets,night,3, Espn ,10786,12909,6894,13871,13551,£17922,   565,4709," 9,170",2527
"Sep 24, 2024",Rugby,hardcourt,semi-Pro,men,pre-season,,INDOOR,sharks,NA,b-League,wilson,Runs,morning,1,missing,£9321,12089," 2,591"," 3,897","14,276",14293,£6224,2198,"14,322",6399
"Sep 25, 2021",football,INDOOR,International,WOMEN,playoffs,snowy,indoor,tigers,interim,B-LEAGUE, nike ,SETS,morning,1,Bbc,,17343,17635," 7,752",4238,9332,11284,"13,221","12,572",17333
"Dec 08, 2024",cricket, Synthetic ,amateur, mixed ,playoffs,dry,indoor,Lions,rookie,NaN,nike,,EVENING,3,nbc,11005,15482,16597,£10415,NA,£15367,14990,4850,NA,£18737
NA,Running,synthetic,international,women,REGULAR,windy,INDOOR,,rookie,c-league,puma, Goals ,evening,-999,missing,17046,9710,15512,7905,£3839,"12,871",-999,10355,NA,NaN
2021-05-29,tennis,grass,SEMI-PRO,MEN,NA,snowy,INDOOR,,NA,B-League,Adidas, Sets ,evening,3,bbc,£3743,14362,8934," 3,231",-999,-999,2387,12359,,227
2023-12-09,TENNIS, hardcourt ,semi-pro,women, regular ,NA,INDOOR,tigers,Interim,missing,Puma,sets,afternoon,1, espn ,"18,085",564,19315,,7777," 6,109",missing,11003,17253,1156
2022-08-06,missing,clay,international,men, Playoffs ,Hot,outdoor, eagles ,rookie,C-LEAGUE,nike,,afternoon,5,espn,16393,NaN,14490,,17795,£16179,2124,4704,6429,£4853
2023-01-02,rugby, Clay ,pro,mixed,Pre-Season,hot,Outdoor,Lions,INTERIM,a-League,WILSON, runs ,NIGHT,1,NaN,11641,5759,missing,3882,19562," 1,436",16633,3691,£16867,286
12/03/2023,Basketball,-999, international ,Mixed,pre-season,SNOWY,NA,WOLVES,veteran, a-league , Nike ,goals,evening,5,sky,,15270,£9002," 7,869",£5919," 1,784",2778,"12,409",,£9105
24/03/2024,cricket, GRASS ,semi-Pro,women,Pre-Season,Windy,NA,eagles,rookie,B-LEAGUE,nike,sets,afternoon,NA,Nbc,£6553,4911,£1977,16497,£17547," 3,552",16147,£16192,"13,682",NaN
16/10/2021,basketball,Road,-999,MEN,PRE-SEASON,Hot,NA,Wolves,veteran,b-League,puma,runs,afternoon,,SKY,18115,13135,11113,£4101,£2797,18975,15029,15768,12511,1701
15/05/2023,football,synthetic,semi-Pro,MEN,playoffs,windy,indoor,tigers, interim ,c-league, adidas ,RUNS,evening,2,Nbc,570,18725,£3624,19915,5549,8867,£19707,2180,4092,11011
07/01/2022,basketball,road,SEMI-PRO,-999,Regular,SNOWY,Indoor,Wolves,ROOKIE,C-League,nike,Sets,MORNING,NA,bbc,14829,7266,1672,NA,5513,-999,,14996,£1038,4240
2021-05-29,cricket,synthetic,-999,NaN,pre-season,wet,outdoor,sharks,rookie,NA,wilson,sets,night,3,sky,12830,13772,13447,698,£7993,15073,13890,2991,NaN,"11,007"
2023-07-09,cricket,Grass,SEMI-PRO,women,regular,windy,indoor,eagles,Interim,b-League,Wilson,missing,EVENING,2,espn,£9241,1164," 3,732",16504,17245,,£10821,NA,£1641,13978
09/11/2023, cricket ,Indoor,semi-pro,MIXED,Regular,Hot,indoor, tigers , rookie ,B-LEAGUE,puma,points,Morning,2,NA,832," 8,331",4000,-999," 4,622",12544,£17514,"11,592",NaN,2609
25/02/2021,CRICKET,clay,SEMI-PRO,mixed,Regular,NaN,indoor,Tigers,rookie,missing,NaN, Runs ,night,5,Bbc,,-999,missing,NA,"10,831",2940,18433,14709,," 5,406"
2023-06-19,tennis,hardcourt,semi-pro,Mixed,PLAYOFFS,wet,indoor, Sharks ,Rookie,B-LEAGUE, puma ,SETS,morning,1,sky,19298,£10734,3101,missing,6691,6928,NaN," 4,827",missing,12471
"Mar 03, 2024",rugby,grass,amateur,mixed,pre-Season,Wet,missing, Wolves ,Interim,missing,nike,missing, Morning ,1,ESPN,11948,NaN,19208,3603,12151,15189,1577,missing,-999,3200
2022-05-15,rugby,-999,semi-pro,Mixed,,wet,Outdoor,wolves,VETERAN,c-league,NIKE,points,Evening,2,espn,"16,854",£2001,£14924,9345,7459,7184,-999,-999,8182,18394
26/05/2024,rugby,clay,pro,women,Pre-Season,SNOWY,indoor,Sharks,missing, A-League ,puma,Sets,evening,1,Nbc,3692,8690,"15,601",18058,11476,14490,£15976,NaN,14351,13313
"Feb 13, 2023",rugby, clay ,,WOMEN,missing, wet , INDOOR ,sharks,Rookie,c-League,wilson,NA,afternoon,2,Nbc,5650,£17807,17397,4618,9527,17500,£7583,£17485,3612,13993
2022-06-07,running,indoor,pro,mixed,-999,DRY,indoor,SHARKS,rookie,C-League,PUMA,RUNS,AFTERNOON,, nbc ,,4901,5597,£2593,395,6788,18724,£7887,"14,407",108
-999,running,hardcourt,NaN,women,pre-season, snowy ,indoor,bears,veteran,c-league,nike,runs,AFTERNOON,1,nbc,6887,2158,15579,£14277,,7106,19535,1328,6651,3860
30/01/2023,rugby,Road,international,,NA,snowy,outdoor,Bears,rookie,A-League,wilson,points,morning,3,bbc,"10,827"," 9,596",16336,2004,   489,15723,8513,6276,£13287,3927
18/10/2021,NA,INDOOR,amateur,women,NA,DRY,Indoor, tigers ,rookie,B-League,,Goals,evening,1,espn,10517,NA,16617,£6059,10623,8876,14046,£14142,14560,14576
23/10/2024,missing,road,pro,mixed,Pre-Season,Wet,OUTDOOR,Lions,rookie,a-league,puma, runs ,afternoon,3,-999,"18,473",459,272,13469,16259,£8163,"11,536",17976,14574,2682
28/08/2024,basketball,hardcourt,Pro,Men,pre-Season, wet ,Indoor,wolves,veteran,NaN,NIKE,GOALS,-999,1,Nbc,5319,£15794,2232,11964,6322,£8128,missing,£1425,£10404,7266
23/01/2023,tennis,grass,international,NaN,Regular,snowy,missing,tigers,Rookie,a-League,Adidas,sets,evening,1,-999,6579,"13,134"," 1,141",8133,19525,9265,11027,17425,,16161
2023-03-20,running,road,,men,pre-season,DRY, Indoor ,sharks,Veteran,c-league,wilson,SETS,Morning,4,bbc,£19685,5049,missing,19826,16109,"14,849","11,167",£13336,15617,3737
"Apr 27, 2022",CRICKET,indoor,Amateur,mixed,playoffs,Hot,outdoor,bears,rookie,B-League,NaN, Points ,EVENING,4,BBC,5616,3626,11464,9768,£668,£2503,£12465,3821,15750,1721
2021-04-21,Cricket,CLAY,NA,Mixed,Playoffs,hot,outdoor,bears,Veteran,a-league,puma,Goals,morning,4,sky,11725,-999,10621,4092,1737,"15,161",7628,3625,-999,
2022-11-30,Cricket,grass,international,mixed,PLAYOFFS,dry,INDOOR,LIONS,rookie,B-League,nike, runs ,Afternoon,1,nbc,NaN,missing,6948,16058,6472,13266,£18435,9399,12273,8688
"Nov 20, 2023",RUGBY, Road ,-999,MIXED,playoffs,missing,outdoor,lions,Rookie, a-league ,adidas,goals,morning,4,nbc,6924,8302,£18825,17366,3164,18171,£1325," 6,905",7823,£18677
21/09/2024,rugby,synthetic,NaN,men,REGULAR,NA,outdoor,Wolves,interim,b-League,WILSON,-999,evening,3,sky,£15815,12997,661,6383,,10411,19935,12768,1536,18270
26/07/2021,Basketball,indoor,semi-Pro,mixed,Pre-Season,NaN,indoor,sharks,veteran,A-League,adidas,runs,afternoon,4, espn ,NA,5100,4326," 1,707",2753,1911,14377,NA," 5,799",3622
2023-03-21,BASKETBALL,indoor,international,Mixed,Pre-Season,windy,NA,BEARS,interim,A-League,ADIDAS,Goals,night,2,BBC,11597,18799,6668,-999,18018,18976,10131,£9023,£11854,NA
2024-05-06,Basketball, CLAY ,,-999,REGULAR,Wet, indoor ,NaN,VETERAN,b-League,Wilson,goals, afternoon ,1,espn,"18,776",2055,10308,10117,6830,10296," 3,029",15052,£16828,7977
"Apr 09, 2023",Running,CLAY,semi-Pro,women,regular,Hot,indoor, wolves ,VETERAN,C-LEAGUE,wilson,Runs, Evening ,NaN,,"14,345",16261,1962,£9244,367,NaN,1143,10767,18193,15604
2023-10-09,-999,Clay,Semi-Pro, MEN ,pre-season,Wet,outdoor,Sharks,veteran,C-League,NIKE,points,morning,2,SKY,1608,£13975,7366,6166,14410,6696,18869," 7,725",19068,NaN
22/12/2023,tennis,road,pro,mixed,pre-season,hot,outdoor,bears,interim, a-league ,nike,Goals,night,2,Bbc," 3,048",13429," 2,420",£925,1780,-999,2932,-999,"11,877"," 5,115"
2022-09-21,tennis,INDOOR,amateur, Mixed ,pre-Season,missing,outdoor,sharks,Rookie,b-league,Nike,points,evening,5,sky,19078,12365,missing,"12,672",7940,£6829,-999,,"16,248",NaN
2023-12-21,CRICKET,road,Pro,MEN,regular,HOT,indoor,eagles,veteran,a-league,wilson,Runs,EVENING,NA,NBC,12226,19915,11246,,19271,-999,14947,6311,11573,£11004
"Aug 11, 2023",Running,grass,PRO,mixed,pre-season,,OUTDOOR, bears ,INTERIM,a-league,Adidas,points,NaN,2,bbc,8891,3957,£2617,5160,4113,5506,£13297,   988,"17,366",13131
29/08/2024,football,indoor,international,mixed,regular,Windy,outdoor,NA,interim,C-LEAGUE,wilson,Points,night,3,espn,," 8,363",6975,6393,15541,£405,3868,£4532,17258,2189
2024-03-03,cricket, Synthetic ,amateur,Men,playoffs,Hot,indoor,,NaN,a-league,puma,goals,NaN, 2 ,NA," 5,439",9529,17434,17123,14409,1101,-999,1256,2270,4364
2021-04-21,running,-999,amateur,women,playoffs,snowy, outdoor ,sharks,Veteran,C-League,adidas,points, Morning ,1,Espn,"16,002","14,259",NA,,NA,4159,2844,14248,"16,225",2925
13/01/2022,NA, indoor ,international,MEN,Playoffs,windy,outdoor,bears,ROOKIE,b-league,Adidas,Sets,night,1, SKY ,924,727,5183,13837," 3,081",£13454,£14523,"12,495",36,13063
18/08/2022,football,Synthetic,Amateur,mixed,Regular,Wet, INDOOR ,Tigers,interim,a-league, ADIDAS ,points, Afternoon ,5, Nbc ,16414,8881," 8,315",,NA,NA," 2,914",11235,937,17282
2023-08-26,running,synthetic,pro,men,missing,-999,Outdoor,NaN, ROOKIE ,b-League,PUMA,points,morning,1,SKY,£15352," 1,815",14352,13177," 1,637",11143,£19450,2115,7082," 4,785"
28/11/2021,rugby,grass,PRO,women,playoffs,snowy,outdoor,eagles,Interim,b-league,Nike,missing,EVENING,2,NA,15232,NaN,18598,2919,£17184," 9,201",8876,"15,252",2354,NA
2024-01-04,running,missing,amateur,mixed,playoffs,snowy,indoor,eagles,NaN,c-league,adidas,Points,Afternoon,5,nbc,8024,£3623,,11817,£14433,12920,5857,£9217,NaN,"11,030"
2021-08-16,Running, synthetic ,semi-pro,Mixed,playoffs,windy,indoor, SHARKS ,interim,a-league,nike,goals,afternoon,4,sky,9648,£5404,6542,16647,19384,missing,£6954,5880,4532,NaN
03/08/2021,basketball,Indoor,pro,WOMEN,-999, hot ,indoor,wolves,rookie,A-LEAGUE,ADIDAS,runs,afternoon,2,,16525,2199," 5,969",£17575,4782,10175,1133," 5,304",£13339," 4,713"
"Feb 02, 2023",RUGBY,missing,Pro,MIXED,pre-season,Hot,indoor,Wolves,veteran,C-LEAGUE,WILSON,goals,EVENING,-999,espn,3512,£7960,-999,17959,"18,088",NaN,£17253,"18,762",£12273,1766
25/12/2021,rugby,road,amateur,WOMEN,pre-Season,Dry,missing,bears,NaN,B-League,adidas,NA,morning,3,NaN,19230,,2513,"13,302",missing,-999,7847,-999,7389,15131
2023-04-13,football,road,amateur,MIXED,Regular,wet,INDOOR,lions,,c-league,adidas,SETS,night,5,SKY,16350,18692,NaN,11670,,-999,"10,248",2844,-999,9380
-999,-999,Synthetic,semi-Pro,men,playoffs,windy,NA,Eagles, veteran ,A-LEAGUE,nike,points,afternoon, 3 ,Sky,13825,"19,673",£19111," 2,640",£13209," 1,778"," 5,591",2501,16304,2263
10/09/2024,Cricket,synthetic,amateur,MIXED,playoffs, Wet ,Indoor, WOLVES ,-999,c-league,NIKE,SETS,afternoon,1,Sky,11631,,19067,14041,8059,7246,7264,399,£10713,6900
27/08/2021, rugby ,clay,INTERNATIONAL,mixed,PRE-SEASON,Dry,Outdoor,bears,interim,NaN, nike ,runs,morning,3,espn,17970," 1,423",11826,10434,10775,14668,£15944,17628,1246,11120
-999, Football ,grass,-999,MIXED, pre-season ,Wet,Outdoor,sharks,veteran,C-LEAGUE,nike,Runs, Afternoon ,4,sky,"19,987",14698,8465,4333,15449,1473,3220," 6,653",12388,£19454
09/04/2022,Football, grass ,PRO,missing,regular,HOT,indoor,eagles,interim,B-League,Nike,sets,NIGHT,,bbc,NA,£12788," 1,950",18758,missing,9950,1675,15159,"16,993"," 9,044"
11/04/2021,Basketball,grass,pro,mixed,regular,wet, outdoor ,-999,rookie,b-League,wilson,goals, Morning ,1,NA,16183,11808,,£10293,14843,1419,3851,17007,   439,2939
2024-09-04,football,hardcourt,NaN,men,pre-Season, HOT ,outdoor, sharks ,VETERAN,c-League,puma,Sets,evening,5,nbc,   221,10750,8883,"16,480",3146,£4048,7265," 9,974"," 3,995",4830
2022-03-24,running,clay,NA, men ,PLAYOFFS,HOT,outdoor,wolves,interim,c-League,puma,runs,Evening,3,nbc,10725,£2343,£10578,8768,9467,16520,5305,,19737,151
"Apr 21, 2021",football,hardcourt,Semi-Pro, Men ,pre-Season,hot,indoor, sharks , rookie ,B-LEAGUE,NIKE,-999, Afternoon ,1,nbc," 1,528",11471,£9157,£5674,6482,4611,403,£15405,11177,"11,181"
21/08/2022,tennis,clay,semi-Pro,Men,pre-season,DRY,outdoor,lions,rookie,c-League,adidas,POINTS,afternoon,4,espn,£29,15451,missing,14904," 7,303",14899,£4879,19114,£8470,6386
12/02/2024,NaN,clay,international,,regular,wet,Outdoor,sharks,Interim,B-LEAGUE,Nike,points,-999,4,NaN,12718,9488,3631,15148,5389,NA,"13,356",17461,6468,2592
"May 21, 2022",running,Road,amateur,MEN,PLAYOFFS,windy,INDOOR,SHARKS,veteran,missing,ADIDAS,points,EVENING,4,ESPN,"17,898",18544,£7633,19933,9216,7654,8173,10299,-999,3910
NA,basketball,ROAD,-999,-999,PRE-SEASON,snowy,OUTDOOR,bears,INTERIM,c-League,Nike,runs,AFTERNOON,1,ESPN,£18667,7218,17134,1328,NaN,12567,4634,16251,,£19044
2022-11-02,CRICKET,clay,international,Women,Playoffs,dry,NA,EAGLES,ROOKIE, b-league ,puma,,evening, 3 ,bbc,5980,11999,17180," 7,880","17,283"," 1,136"," 8,960",14648,-999,
"May 13, 2022",BASKETBALL,GRASS,amateur,men,pre-season,dry,indoor,lions,ROOKIE,B-League,Puma,Points,Afternoon,4,-999,12572,   669,£4951,,16990,13061,19753,12446,2399,2212
"Oct 22, 2023",tennis,hardcourt, pro ,women,missing, wet ,indoor,WOLVES,veteran,a-League,-999,Points,Evening,4,espn,,14090,16458,£13742,1335,5607,6025,7446,£15533,19759
NaN,Football,clay,amateur,WOMEN, playoffs , DRY ,indoor,LIONS,ROOKIE,B-League,NA,Sets,MORNING, 3 , nbc ,19505,17188,missing,£9034,-999,14132," 5,799",£4796,15463,"17,320"
NA,Cricket,hardcourt,SEMI-PRO,MEN,REGULAR,,,lions,Rookie,a-League,puma,sets,missing,3,nbc,7994,8751,-999,5334,"18,669",4042,£13199," 2,299",,11762
"Sep 15, 2024",tennis,indoor,semi-Pro,women,PRE-SEASON,WET,outdoor,wolves,rookie,B-LEAGUE,PUMA,points,MORNING,1,Espn,,18847,16118,960,15591,£1578,"11,040",NaN,5083,   736
2022-06-20,Rugby,indoor,amateur,WOMEN,pre-Season,snowy,OUTDOOR, eagles ,Rookie,c-League,wilson,goals,morning,5,espn,," 7,889",3668,19819,3088,"16,795",5315,2232,£7710,£730
04/02/2021,TENNIS,synthetic,INTERNATIONAL,Mixed,pre-season,snowy,NaN,sharks,rookie, a-League ,Wilson,GOALS,evening,5,sky,NA,NaN,£12352,1256,"14,142",8769,9242,12738,9877,12477
17/08/2021,running,Synthetic,International,Men,REGULAR,hot,,NA,-999,b-league,puma,sets,afternoon,4,nbc," 8,008","15,691",6553,11550,16983,7997,8566,16151,7246,"17,928"
30/09/2021,running,Road,pro,MEN,PRE-SEASON,NaN,indoor,Sharks,,b-league,Puma,points,AFTERNOON,4,BBC,£7237,15360,13499,14298,9463,NaN,8242,£11739,18028,£15742
06/01/2023,Running,road,Pro,Women,REGULAR,Wet,indoor,bears,NaN,B-League,adidas,Points,evening,4, ESPN ,15785,£15919,"13,825",missing,£10241,981," 8,915",2954,£1870," 8,244"
"Jul 07, 2022",Tennis,grass,pro,women,Regular,dry,indoor,bears,Veteran,c-league,wilson,Points,Afternoon,4,-999,4034,£2991,£1533,NaN,£6694," 8,541",£2829,297,18090,10845
2023-11-19,Tennis,hardcourt,pro,women,PRE-SEASON,Windy,NaN,Sharks,,c-league,adidas,Goals,morning,1,espn,10470,14012,missing,13851,NA,"19,268",16282,18490,5513,£16614
02/05/2022, cricket ,GRASS,semi-pro,mixed,regular,Wet,NA,WOLVES,veteran, c-League ,nike,sets,morning,NA,bbc,NA,15252,16345,"16,700",£14311,1390,,15804,17842,18376
2022-06-07,basketball, GRASS ,Pro,MIXED,-999,snowy,indoor,wolves,rookie,b-League,nike,SETS,missing,5,nbc,1513,£18496,-999,£10689,11070,15429,7901,£2696,£10963,£8565
2023-06-22,football,SYNTHETIC,NaN,mixed,regular,hot,Outdoor, eagles ,-999,c-league,Wilson,RUNS,Afternoon,3,-999,11432,9869,10979,17974,19872,£16542,16140,£16946,£12072,
21/11/2023,,hardcourt, amateur ,missing,Playoffs,wet,outdoor,tigers,VETERAN,a-league,wilson,sets,AFTERNOON,3,sky,7426,NaN,15090,15522,14220,£5682,224,9997,NaN,£6983
2023-01-17,football,synthetic,Pro,Women,PLAYOFFS, Wet ,outdoor,tigers,NaN,b-league,adidas,Goals,night, 2 ,bbc,6730,,4654,14920,£8921,£17677,£14328,19717,-999,10570
07/10/2023,tennis,Indoor,international,MIXED,playoffs,windy,INDOOR,Eagles,veteran,b-league,puma,POINTS,Evening,4,BBC,£258,306," 6,118",,14277,£3553,4881," 4,842",13298,8758
27/02/2022,running, grass ,Pro,MIXED,pre-season, hot ,indoor, eagles ,INTERIM,c-League,NIKE,runs,-999,5,missing,1022,£9438,5773,13568,NA,"12,155",18256,5097,10511,6655
15/10/2022,running,Indoor,amateur,women,REGULAR,NA,-999,tigers,interim,c-league,wilson, SETS ,evening,5,sky," 6,493",£11729,13365,13821,NA,"17,790",£10912,£19728,702,8769
2024-04-22,FOOTBALL,indoor, International ,men,Regular,dry,outdoor,lions,rookie,NA,missing,missing,evening,2,Nbc,£17780,17868,missing,£13946,5987,12575,15628," 2,966",£5262,13659
2024-05-05,RUNNING,grass,INTERNATIONAL,mixed,playoffs,DRY,indoor,Lions,interim, c-league ,-999, points ,NA,1,espn,,£15815,£9998,17501,8227,£16253," 5,098",3796," 5,671",4491
21/04/2021, Football ,hardcourt,pro,NaN,pre-season,dry,INDOOR,sharks,rookie,c-League,missing,runs,Evening,2,NA,"13,177",14281,14375,£15826,   650,NaN,11171,£10995," 2,094","12,183"
"Apr 19, 2023",Rugby,NA,international,MIXED,playoffs,wet, outdoor ,sharks,rookie,b-League,wilson,points,NIGHT,3,espn," 1,436",11201,£14189,12881,£12101," 7,585",3082,missing,,£13823
NaN,tennis,SYNTHETIC,INTERNATIONAL,MEN,PLAYOFFS,SNOWY,OUTDOOR,,ROOKIE,c-league,wilson,Goals,afternoon,5, bbc ,5715,£15498,13265,£15786," 9,531",,15454,19292,9012,£8952
2023-09-11,-999, CLAY ,PRO,women,playoffs, dry ,Indoor,BEARS,,c-League,wilson,GOALS,Morning,3,NA,16261,9548,15143," 5,944",10868,£3800,£19439,1903,£693,4581
2021-10-28,Rugby,grass,pro,WOMEN,playoffs,snowy,outdoor,Lions,rookie,a-League,Adidas,NA,evening,2,missing,,6445,£12085,NaN,£12141,2296,15248,9854,18979,10241
12/05/2024,NA,Road,NaN,women, pre-season ,windy,outdoor,, interim ,B-League,wilson,sets,afternoon,2,BBC,"13,021",11439," 7,601",missing,11814," 6,367",£16214,£8310,£15215,£518
,FOOTBALL,Indoor,amateur,men,pre-season,-999,outdoor,eagles,veteran, c-league ,puma,Runs,evening,4,NA,10325,9533,missing,£17134,8780,£7817,18718,£4489,13240,10051
2023-11-21,RUGBY,Hardcourt,INTERNATIONAL,MEN,regular,snowy,indoor,bears,INTERIM,c-league,Wilson,goals,Afternoon,1,ESPN,"18,266",£10545,9765,£12275,6077,NA,"18,960",2831,19260,£3304
16/06/2023,football,indoor,international,mixed,regular,windy,outdoor, Lions ,interim,b-league,missing,goals, evening ,5,sky,£16097,11085,NA,"10,642"," 5,780",7072,19877,£4551,17066,16654
2023-03-26,rugby,SYNTHETIC,international,WOMEN,playoffs,Wet,indoor,eagles,missing,C-League,Puma,points,evening,-999,espn,£18993,17828,670,18472,8734,921,11814,-999,10628,2100
15/05/2022,running,grass,international,mixed, playoffs ,SNOWY,missing,wolves,rookie,B-League,Adidas,Sets,missing,3,espn,14682," 2,965",18880,"19,663",14222,11408,"14,581","13,445",667,7220
2022-03-26,football,indoor,,MIXED,Pre-Season,NA,INDOOR,tigers,ROOKIE,B-League,puma,Points,Afternoon,3,sky,11757,10580,1894,6726,"12,072",£19165,12950,"15,711",12670,12803
10/08/2024,Football,CLAY,semi-pro,women,regular,snowy,INDOOR,tigers,INTERIM,c-league,puma,sets,afternoon,1,espn," 2,724",2520,6632,10692,9826,,10062,£10293,"13,693",NA
27/10/2021,Running,Clay,NA,women,pre-season,windy,outdoor,-999,veteran,c-League,NA,sets,Night,3,sky,1473,2664,7446,4740,NaN,8006,£7755,15693,7067,£18687
2022-05-19,Basketball,Clay, pro ,mixed,regular,dry,indoor,Bears,interim,B-League, wilson ,NA, afternoon ,3,bbc,18202,13511,11244,16370,£19393,£6611,£11215,"10,498",8855,11736
2021-11-05,tennis,grass,Pro,men,Regular,WET,indoor,lions,interim,c-league,PUMA,points,evening,5,bbc,-999,8251,1373,-999,£19107,15055,,2781,17721,16124
22/07/2023,RUGBY, indoor ,international,men,regular,-999,outdoor,sharks,NA,C-LEAGUE,Nike,points,afternoon,5,sky,"16,310",13386,"17,222",£8679,13520,NA,17918,-999,678,8340
"Dec 07, 2021",rugby,clay,international,MIXED,regular,dry,indoor, bears ,VETERAN,B-League,puma, sets ,morning,-999,missing,18616,8405,17370,11476,13850,£11198," 1,192",missing,13295,"11,885"
2023-09-25,FOOTBALL,CLAY,PRO,women,REGULAR,wet,outdoor,BEARS,veteran,C-League,NaN,Runs,morning,1,Bbc,18789,19533,2217,7355,"10,199",1119,-999,-999,3555,11797
2021-06-28,tennis,hardcourt,NA,mixed,Pre-Season,Dry,NaN,WOLVES,interim,C-LEAGUE,WILSON,NA,afternoon,5,ESPN,4716,£11941,-999,11275,9027,14904,12321,15169,7488,7901
12/03/2024, basketball ,indoor,amateur,Women,PRE-SEASON,snowy,Outdoor,lions,rookie,a-league,wilson,goals,Morning,1,nbc,3104,NaN,-999,13428,19821," 9,249",17443,8437,17527," 9,068"
13/03/2021,running,synthetic,missing,women,REGULAR, HOT ,indoor,Sharks,VETERAN,a-league,NA,goals,night,5,Espn,1018,78,"13,153",9013,10255,16758,£1128,9399,missing,2049
2021-03-08,NA,NaN,Amateur,mixed,regular,WET,Indoor,EAGLES,interim,c-league,NIKE,SETS,NIGHT,1,sky,£13626,12120,3365,18344,,12212," 8,277",£18453,"16,851",£7528
19/11/2021,Cricket,clay,international,women,playoffs,WINDY, outdoor ,eagles,interim, A-LEAGUE ,Adidas,RUNS,evening,1,sky,-999,13862,15924,"17,013",4560,£10333,14531,NA,£3144," 9,130"
"Sep 03, 2023",basketball,clay,semi-pro,-999,PLAYOFFS,windy,outdoor,tigers, rookie ,c-League,Nike,POINTS, Morning ,,NA,19116,14268,10035,15495,"16,742",11743,12663,18239,15974,8467
03/10/2024,football,Grass,Pro,Men,playoffs,WINDY,Outdoor,missing,veteran,b-league,wilson,goals,evening,2,Nbc,5292,15813,"13,301","13,862",10991,5528,£12557,NA,£3352,17734
18/07/2024,basketball,grass,NA,WOMEN,pre-season,-999,outdoor,NaN,rookie,-999,adidas,GOALS, evening ,3,NBC," 5,826",8960," 7,823",£6665,607,11834,14331," 9,316",4815,£6781
"Jun 18, 2022",RUGBY,indoor,missing,Women,regular, windy ,Outdoor,missing,INTERIM,A-LEAGUE,missing,goals,afternoon,2,NBC,13144,£11134,£11731,4277,9535,4566,,£16680,18297,7545
"Oct 06, 2022",BASKETBALL,hardcourt, semi-pro , women ,Pre-Season,windy,outdoor,tigers,veteran,C-League,nike,RUNS, afternoon ,1,NA,,£13555,NA,14613,," 8,144",10851,19861,11296,2961
"Nov 03, 2023",rugby,indoor,international,WOMEN,playoffs,hot,indoor,wolves,missing,NA,missing,points,afternoon,,-999,18612,,£12202,7760,17074,18394,8342,£17548,3588,13193
17/02/2023,Cricket,Synthetic,Amateur,Men,REGULAR,SNOWY,outdoor,tigers,rookie,C-League,NaN,goals,-999,1,sky,£5397,£13573,NaN,missing,"18,859",£16518,19186,£7944,9106,£10895
09/06/2021, RUNNING ,synthetic,Semi-Pro,mixed,Regular,dry,Indoor,sharks,interim,c-League,adidas,runs,Night,1,nbc,"11,684"," 6,495",4656,£19515,6628," 1,409",16042,NA,4714,17503
-999,,Clay,NaN,MIXED,pre-Season,dry,indoor,lions,Interim,,puma, points ,Afternoon,4,bbc,£13972,"13,593",£13850,6557,£132,NaN,£12668,19225,19765,15887
"Nov 25, 2024",tennis,grass,Semi-Pro,WOMEN,PRE-SEASON,dry,outdoor,eagles,NaN,NA,puma,goals, MORNING ,NA,sky,4605,"17,293",7528,4366,missing,517,18285,2162,15134,17525
2022-02-19,BASKETBALL,synthetic, semi-Pro ,Mixed,NA,windy,INDOOR,NaN,INTERIM,NA,missing,goals,,5,nbc,5518,£12721,3948,4214,3181,6180,NA,-999,"13,639",16054
2022-04-20,Running,Road,Semi-Pro,mixed,pre-season, Wet ,indoor,lions,rookie,A-League,adidas,NA,night,1,NBC,9307," 8,239",NA,missing,13056,2765,14882,missing,11872,18933
2023-05-22,running,synthetic, SEMI-PRO ,men,NaN,windy,indoor,lions,missing,A-LEAGUE,PUMA,SETS,,4,espn,"18,358",11110,2521,5297,-999,17394,1496,7445,"11,780",£2761
2023-12-14,RUNNING,road,INTERNATIONAL,MIXED,pre-season,Hot,Indoor,SHARKS,-999,NaN, wilson ,sets,Afternoon,2,BBC,7314,13744,NaN," 9,691",NaN,11872," 6,889",missing,NaN,13105
2023-07-03,tennis,NA,semi-pro,MEN,PLAYOFFS,Wet,indoor,lions,interim, b-league ,nike,NaN,afternoon,2,espn,11681,13587,£11667,NA,95,15087,missing,"12,883",£5489,4334
04/11/2021,tennis,synthetic,International,mixed,playoffs,windy,indoor,Wolves,veteran,B-LEAGUE,puma,points,EVENING,3,NBC,12058,13001,16534,missing,,NaN,13230,3240,2561,16160
2023-05-30,running,synthetic,semi-pro,women,regular,Hot,OUTDOOR,Tigers,rookie,A-League,nike,runs,evening,3, bbc ,1933,13809," 2,124",3722,missing,,4947,missing,19311,£6568
28/08/2024,missing,-999,international,men,REGULAR,dry,Indoor,wolves,rookie,a-League,NA,POINTS,Night,2,Espn,,15223,14523,12191,13449,19605,,£17763,12772,7539
NA, rugby ,grass,Amateur,women,Regular,-999,outdoor,Bears,interim,C-League,PUMA,runs,,1,espn,missing,£10841,8224,5668,"13,462","17,384",£9271,"11,752",4169,6729
2024-12-01,rugby,-999,amateur,mixed,playoffs, snowy , indoor ,sharks,interim,a-league,wilson,-999,afternoon,4,ESPN,19194,19813,£19106,NaN,£15505,10716,1890,3146,3027,9464
2023-07-04,Running,synthetic,International,mixed,,hot,missing,lions,interim,C-League,nike,Points,afternoon, 5 ,nbc," 4,205",,-999,£8128,£3918,10814,"13,066",£18117,5215," 3,293"
2024-06-24,RUGBY,hardcourt,NA,men,playoffs,DRY,indoor,Bears, Veteran ,a-league,Wilson,goals,night,5,ESPN,,£6436," 4,152",11757,"16,426","10,986",12048,£17537,3178,"15,666"
26/06/2022,Running,Clay,amateur,mixed,,Snowy, indoor ,lions,rookie, A-LEAGUE ,ADIDAS,NA,-999,3,Espn,£3072,3047,10882,£284,"12,953",3102,£17619,"19,830",-999,£13674
"Jan 06, 2023",missing,indoor,international, men ,PLAYOFFS,NaN,indoor,wolves,veteran,c-league,PUMA,-999,evening,1, Nbc ,7351,18557,8075,6745,10903,1473,missing,£19207,£2709,£220
2023-07-01, Running ,SYNTHETIC,Amateur, women ,NaN,dry,indoor,wolves,ROOKIE,A-LEAGUE,Nike,RUNS,Night,missing,,," 4,298",£17798,missing,4798,"14,828",£16344,"12,935",£5617,1684
2024-03-05, RUGBY ,HARDCOURT,pro,-999,PLAYOFFS,snowy,-999,wolves,veteran,b-League,Wilson,runs,morning,NA,espn,8854," 9,973",15506,13694,19197,missing,8299,14737,17683,
14/12/2024,Tennis,road,SEMI-PRO,WOMEN,PLAYOFFS,wet,INDOOR,sharks,interim,a-League,Adidas,runs,evening, 4 ,nbc,missing,4951,5075,7186,,-999,5965,6477,missing," 5,487"
01/06/2023,running,synthetic,amateur,Men,-999,wet,indoor,lions,Rookie,c-League,Nike,Goals,morning,2,missing,1417,17850,18450,15717,4594,£14345,12470,,3834,13657
,tennis,grass,amateur,men,Pre-Season,WET,indoor, LIONS ,rookie,a-league,wilson,runs,night,3,NBC,£6885,£11756,17424,missing,17227,missing,12976,£7067,10076,£2362
17/06/2023,running,indoor,International, WOMEN ,playoffs,wet,indoor,lions,veteran,c-league, puma ,points,afternoon,,,18315,"13,132",£12547,19148,16562,5058,2452,7690,8684,19958
12/12/2022, rugby ,clay,pro,mixed,pre-Season,NA,outdoor,wolves,INTERIM,a-league,adidas, Runs ,, 3 ,bbc,£1263,4852,1511,14359,13426,7057,13092,£2761,£7490,2621
23/04/2021,football,Indoor,INTERNATIONAL,mixed,missing,WET,outdoor,NA,interim,c-league,NIKE,sets,evening,2,Bbc,12755,8750,12520,433,10839,£5119,17737,"18,316",12504,16995
06/09/2022,cricket,synthetic,INTERNATIONAL,men,missing,Hot,outdoor, sharks ,veteran,b-league,wilson,runs,evening,5,NaN,missing,£819,11623,13054,7404,£14260," 3,884"," 2,775",,18714
30/10/2024,basketball, clay ,semi-pro,mixed,regular,snowy,INDOOR,SHARKS,ROOKIE,B-LEAGUE,Adidas,sets,afternoon,5,nbc,3683,,£13271," 4,439"," 5,175",6427,12554,-999,7477,12260
,RUNNING,hardcourt, international ,mixed,NaN,snowy,OUTDOOR,wolves,NA,A-LEAGUE,ADIDAS,GOALS,afternoon,5,espn,5301,£131,11148," 3,190",-999,19148,777,4612,2705,NA
20/07/2022,Football,Synthetic,amateur,mixed, Playoffs ,Snowy,Outdoor,tigers,interim,A-League,adidas,RUNS,-999,4,sky,16464,£9853,"14,059",missing,£14871,18591,1327,£18012,£7028,19080
2024-09-06, Basketball ,missing, semi-pro ,MEN,PRE-SEASON,dry,INDOOR,TIGERS, veteran ,B-League,Nike,RUNS,morning,2,espn,"14,363",12327,17805,10800,£7837,£1816,,8917,12425,"19,053"
NaN,tennis,INDOOR,international,men,REGULAR,snowy,outdoor,eagles,interim,b-league,Nike, Goals ,evening,4,espn,19709,£8565,NaN,£14808," 7,802",25," 1,470",£714,17615,2843
13/04/2022,-999,CLAY,International,MIXED,pre-Season,DRY,Indoor,bears,veteran,B-LEAGUE,ADIDAS,Runs,night,2,NBC,"15,650",18674,9625,8947,£13626,13883,11838,NaN,11194,15069
"Sep 19, 2022",football,hardcourt,International,NaN,,WET,NA,wolves,interim,B-League,PUMA,points,NIGHT,,,£15258,missing,8731,13125,17490,£13572,6424,£3461,£14604,910
21/02/2024,running,synthetic,INTERNATIONAL,women,Regular,hot,indoor,NaN,interim,c-league,puma,Points,morning,2,Nbc,15217,13140,14034,"10,211",,3606,17743,£6708,£14783,12464
2022-10-13,running,synthetic,Pro,Mixed, Regular ,dry,Indoor,bears,VETERAN,a-league,WILSON,goals,morning, 1 ,bbc,-999,8067,,"11,585",11628," 3,793",NA,£13174,missing,11468
"May 13, 2021",RUGBY,clay,Amateur,women,Pre-Season,snowy, indoor ,-999,rookie,b-league,NaN,Points,missing,2,NaN,"14,543",3673,13851,,NaN,9711,10949,NaN,3199,7942
2022-05-21,Basketball,road,PRO, women ,regular,dry,Indoor,,veteran,c-league,NaN,goals,AFTERNOON,5,nbc,NaN,4380,-999,7261,-999,4371,16609,"18,969",14188,NaN
"Sep 27, 2023",tennis,road,SEMI-PRO,men,Playoffs,windy,Outdoor,tigers,veteran,a-league,WILSON,sets,morning,5,Espn,2355,,"15,929",£6166,12708,£16642,9235,12840,3216,-999
NA,BASKETBALL,,international,women,pre-Season,missing,outdoor,tigers,rookie,a-league,NIKE,SETS,afternoon,3,espn,1251,£2931,17756,9019,9617,4045,18263,11717,£3429,-999
2022-12-28,running,synthetic,NA,Mixed,Playoffs,snowy,outdoor,Lions,,a-League, nike , goals ,morning,1,NA,17719," 9,312","14,854",,14793,NA,10720,£1638,£18707,"19,113"
-999,tennis,Road,NaN,women,Regular,snowy,OUTDOOR,SHARKS,rookie,c-league,Adidas,SETS,missing,3,-999,539,£10527,1997,13196,10972,£17382,14809,4638,missing,3772
2023-04-13,Basketball,road,Amateur,men,PLAYOFFS,Wet, indoor ,wolves,VETERAN,a-League,NIKE,runs,morning,missing, Bbc ,NA," 9,248",,"11,285",7348,19023,4660,14609,£3801,11124
12/06/2024,cricket,road,pro,Women,playoffs,wet, outdoor ,tigers,rookie,A-League,adidas,sets,Morning,5,sky,5926,£16038,19069,15073,15391,19221,3507,5156,16121,11811
19/06/2021,running,GRASS,Amateur,Mixed,,wet,INDOOR,Lions,Veteran,b-League,nike,runs,,3,Espn,19881,4624,"17,060",12420,18039,10724,18434,14499,£7960,19032
-999,cricket,hardcourt,INTERNATIONAL,missing,pre-Season,windy,INDOOR,,ROOKIE,NaN,nike,goals,Morning,5,nbc,12209,8562,"12,059",14331," 4,799",14168,"13,327",3997,11465,"18,754"
18/03/2023,running,road,semi-Pro,MIXED,pre-season,Snowy,OUTDOOR,tigers,interim, B-League ,wilson,runs,Evening,1,nbc,13610,9132,19341,£17243,    99,"11,698",7319,2495,"14,638",   142
17/06/2021,running,Synthetic,NA,Mixed,Playoffs,windy,indoor, sharks ,ROOKIE,c-league,puma,NaN,Morning,3,bbc,10558,"10,725",13754,11301,11152," 6,423","16,470",14822," 3,119",6243
10/05/2023, football ,grass,,men, playoffs ,WINDY,outdoor,TIGERS,ROOKIE,B-LEAGUE,Adidas,Points,afternoon,4,Nbc,2038,2793,19542,439," 9,124",2973,10731,8437,,17329
07/03/2023,rugby,NaN,semi-Pro,MIXED,playoffs,, indoor ,WOLVES,ROOKIE,a-league,Wilson,,afternoon,5,NaN,18227,9499,£6045," 7,062","11,234",-999,-999,12413,5049,12296
"Jan 25, 2021",football,,international, Men ,missing,Wet,INDOOR,lions,NaN,c-league,Adidas,runs,-999,5,espn,£19665,NA,£4318,£12606,1923,9424,3169,11075,6339,19473
15/09/2022, Running ,grass,amateur,Women,regular,-999,indoor,Eagles,NaN,-999,Nike,NA,evening,5,espn,14356,£15011,NaN,9700,17636,£6979,6070,£3566,16094,4871
11/07/2023,football,synthetic,amateur,women,regular,Wet,NA,sharks,-999,B-LEAGUE,Nike,RUNS,evening,,NaN,£14797," 7,738",7979,16898,NaN,£18097," 4,689",,15239,12906
"Apr 26, 2022", rugby ,ROAD,missing,WOMEN,missing,NaN,outdoor,wolves,veteran,c-league,Puma,Points,MORNING,4,-999," 1,098",9957,"13,498",15088,1488,425,12406,16372,missing," 5,609"
13/07/2023,Basketball,CLAY, AMATEUR ,MIXED,Pre-Season,Dry,outdoor,tigers,interim,b-league,Nike,SETS,EVENING,4,nbc,206,12891,5492,12819,£17860,£17438,990,3023,£9785,12479
2024-09-11,RUNNING,clay,amateur,WOMEN,pre-season, DRY ,missing,sharks, rookie ,b-League,,Goals,evening, 4 ,,"13,757",£9474,£6401,"13,018",9505," 1,910",9040,1922,,6592
28/02/2024,Rugby,indoor, SEMI-PRO ,NaN,regular, snowy ,Outdoor,Lions,Interim,A-League,wilson, Points ,MORNING,3,sky,18632,16862,£4869,3528,12277,missing,4017,NaN,4268,£18495
10/05/2024,rugby,road,AMATEUR,men,pre-Season,Hot,indoor,tigers,rookie,-999,puma,POINTS,evening,4,bbc,16981,,6773,£10867,19749,9473,missing,NaN,"12,663",9854
2021-05-15,BASKETBALL,road,semi-Pro,men,PRE-SEASON,Snowy,Indoor,EAGLES,interim,B-League,ADIDAS,POINTS,MORNING,5,Sky,6981,6428,2651,13442,2369,14199,16513,£134,£1473,2139
28/04/2021,Rugby,Indoor, pro ,missing,PLAYOFFS,NaN,outdoor,LIONS,veteran,C-League,Nike,RUNS,NaN,1, nbc ,-999,NA,13035,15470,3357,-999,,6655,"10,429",9958
04/08/2024,tennis,CLAY,SEMI-PRO,Men,NaN,wet,INDOOR, tigers ,interim,a-League,nike,sets,-999,5, SKY ,16813,13942,"11,331",£6019,,4920,missing,3392,"12,787",19704
2021-07-15,basketball,clay, semi-Pro ,men,playoffs,NaN, OUTDOOR ,Wolves,rookie,C-LEAGUE,WILSON,missing,AFTERNOON,4,espn,8248,3163,3962,12185,£17855,£491,£10507,8076,£19011,missing
2023-05-09,basketball,CLAY,amateur,NA,-999,hot,Indoor,sharks,rookie,B-League,Wilson,POINTS,morning,4,espn,£11946,-999,11923,£3438,-999,18067,£10221,8609," 2,267",NA
15/12/2021,RUGBY,Grass,NaN,WOMEN,pre-season,Dry,,EAGLES,interim,c-league,Puma,points,NIGHT,4, bbc ,£2232,16491,,8582,2547,10162,916,£11717,£11064,3382
"Dec 21, 2023",,grass,-999,men,playoffs,windy,indoor,TIGERS,ROOKIE,NaN,WILSON,points,night,4,bbc,"15,189","11,173",1483,10974,17510,1401,5752,£16171,£5388,-999
29/05/2023,NaN,Grass,Amateur,MEN,Pre-Season, windy ,indoor,eagles,VETERAN,c-league,Nike, points ,MORNING,3,espn,2121,£6576,13351,£1100,£4906,£11351," 4,874",17136,NA,NA
2021-08-28,running,NA, international ,WOMEN,Playoffs,NA,OUTDOOR,sharks,Veteran,B-League,puma,runs,morning,4,sky,18870,1207,£13510,14570,16486,18145,11082,£7362,18878,1377
04/08/2021,cricket,indoor, PRO ,men,regular,Windy,indoor,, ROOKIE ,a-league, PUMA ,Sets,morning,5,Sky,"16,688",9063,9044,387,9536,£4218,9962,£10149,£7084,£855
03/11/2024,tennis, SYNTHETIC ,semi-Pro,NA,Pre-Season,snowy,INDOOR,NA,veteran,NA,,points,MORNING,1,-999,15053,-999,"10,753",7474,16648,19999,10130,NA,NaN,6027
2023-10-06,Football,CLAY, INTERNATIONAL , women ,missing,WET,indoor,-999,rookie,c-league,nike,runs,night,5,Sky,18889,"14,043",800,"13,094",5889,15672,£6147,£6515,£2654," 9,912"
09/02/2024,rugby, indoor ,amateur,WOMEN,Playoffs,Wet,,tigers,veteran,missing,ADIDAS,-999,MORNING, 2 ,Bbc,10871,19361,NaN,19982," 6,172",14679,missing,908," 2,055",15052
"Sep 07, 2023",running,road,international,MEN,NA,hot,NA,WOLVES,rookie,c-League,puma,Runs,evening,NA,Bbc,NaN," 7,660",9042,-999,£6589,4703,12643,"15,912",17959,"11,049"
missing,RUNNING,,amateur,-999,Pre-Season,Wet, outdoor ,Bears,rookie,b-league,Nike,Goals,missing,5,NBC,"10,189",£573,"12,443",NaN,15054,£15100,"12,287",NA,NA,8818
23/04/2021,rugby,road,,Mixed,playoffs,WINDY,outdoor,lions,veteran,C-LEAGUE,Adidas,sets,evening,1,nbc,"12,672",NA,16468,10220,12227,"10,981",£446,18850,1854,1759
2022-10-25,-999,INDOOR,amateur,WOMEN,Regular,HOT,outdoor,bears, interim ,b-league,-999,missing,Night,3,-999,12024,15699,£9125,7659,3871,"14,884",16403,11118,13705,10141
2021-11-06,FOOTBALL,hardcourt,INTERNATIONAL,women,playoffs,windy,outdoor,WOLVES,ROOKIE,b-League,nike,runs,-999,3, Bbc ,£12331,224,"17,399",11730,£10136,8540," 8,883",10610,missing,14928
NaN,RUNNING,Grass,pro,MIXED,,,outdoor,Bears,interim,b-league,wilson,Goals, EVENING ,4,espn,NA,7274,12796,£5484,NA,£6578,12270,19359,15288,17753
2021-01-28,RUNNING, synthetic ,missing,mixed,Regular,wet,outdoor,tigers,NA,B-League,adidas,goals, night ,,espn,-999,19605,18845,6333,£19874,10511,11426,17606,"12,562",17013
"May 31, 2023",TENNIS,indoor,AMATEUR,WOMEN,regular,SNOWY,indoor,WOLVES,veteran,NA,puma,-999,afternoon,2,missing,£13657,4299,£4734,13727,17318,19717,17731,NA,7711,NA
12/09/2021,rugby,Clay,international,men,Pre-Season,Windy,outdoor,Sharks, interim ,a-league,puma,NA, morning , 5 ,bbc," 9,008",1248,9500,13125,"19,104",£18333,-999,"15,305",694,13940
19/12/2023,cricket,Road,international,Men,missing,windy,missing,bears,,C-LEAGUE, nike ,goals,Night,3,espn,5510,17733,5820,£18756,14062,775,18803,11292,£14470,19442
23/09/2022,basketball,clay, semi-pro ,mixed, regular ,Snowy,Outdoor,lions,interim,b-league,wilson,-999,Night,2,nbc," 9,239",12307,-999," 2,431",£12350,£7811,NA,4092,19502,missing
27/01/2024,football,road, pro ,men,Playoffs,NA,NaN,BEARS,veteran,a-League,wilson,sets,-999,2,espn,1951,19978,17681,17940,9415,14170,449,£5660,1962,13311
09/01/2023,missing,clay,semi-pro,Mixed,playoffs, wet ,,tigers,Interim,a-league,adidas, Sets ,night,4,NA,-999,13084,11427,10190," 2,085",£9376,-999,18395,1214,£10660
2024-05-18,Running,-999,PRO,MIXED,PLAYOFFS,snowy,INDOOR,wolves,interim, b-League ,adidas,GOALS,Night, 1 , Nbc ,5131," 9,287",440,12251,2294,"14,061",14437,missing,£17,
2021-02-03,running,HARDCOURT, PRO ,MEN,playoffs,windy,-999,missing,Interim,a-league,wilson,points,NA,5,espn,13380,"14,913",£2543," 6,854",9538,NaN," 3,037",NaN,7265,£18234
2023-09-27,missing,CLAY,amateur,mixed,regular,windy,outdoor,EAGLES,INTERIM,B-LEAGUE, ADIDAS ,points,evening,3,Nbc,"17,984",5514,10980,£15942,2254,4326,14944,6509,11458,5747
04/03/2022,Football,grass,semi-pro,MEN,regular, hot ,indoor,Eagles,Rookie,c-league, nike ,goals,morning, 3 ,,17631,£8641,16794,5660,1147,£10264,-999,£4173,7259,19960
2022-07-29,basketball,Synthetic,PRO,women,regular,hot,Outdoor,sharks,interim,B-League,puma,NA, morning ,5,Bbc,£15841,£1033,-999," 5,680","10,760",18126,£685,16386,14271,-999
"Dec 13, 2021",missing,HARDCOURT,international,men,pre-Season,snowy,Indoor,wolves,NA,C-LEAGUE,wilson,Goals, Morning ,3, ESPN ,18448,18472,£9997,£12131,NA,£11214,18930,13671,4949,10039
02/04/2022,Tennis,INDOOR,PRO,mixed,regular,,outdoor, TIGERS ,interim,,NIKE,sets,afternoon,4,ESPN,10802,missing,1851,14167,£11001,12993,16344," 2,784","14,814",9252
20/06/2021,NA,ROAD,Amateur,MIXED,missing,DRY,INDOOR,lions,veteran,A-League,nike,sets,morning,4,ESPN,missing,12658,£16063," 1,899",£7393,2444,9353,4205,12337,6478
13/09/2022,running,clay,semi-pro,mixed,PRE-SEASON,snowy,Outdoor,Lions,ROOKIE,NaN,adidas,goals,EVENING, 4 ,espn," 8,406",£9397,£5660,"13,544",3107,1172,£7033,10052," 8,820",11883
18/09/2024,basketball,road,pro,Mixed,regular,hot, outdoor ,,VETERAN,a-League,nike,NaN,evening,2,bbc,missing,2516,13484,19790,12282,15673,19919,14545,£6242,4550
2023-04-02,running,Hardcourt,INTERNATIONAL,mixed,Regular,snowy,INDOOR,eagles,missing,c-League,puma,points,morning,2, NBC ,18463,9342,7534,missing,,9171,2521,14212,7540,4216
2021-09-24,-999,indoor,semi-pro,Men,regular,Snowy,outdoor,WOLVES, ROOKIE ,C-League,PUMA,runs,morning,4,nbc,,-999,£15790,16743,2003,10276,6159,NaN,14938,NaN
02/11/2024,NaN,Synthetic,international,men, Regular ,hot,, wolves ,veteran, B-LEAGUE ,Nike,RUNS, AFTERNOON ,3,espn,"10,719","11,900",3872,NaN,17531,,-999,£3239,12112,16452
23/09/2023,cricket,missing,pro,NA,Pre-Season,windy,NA,bears,interim,NA,adidas,runs,AFTERNOON,5,sky,4916,8617,15861,£13032,5991,19016,NA,13752," 3,500",14639
2024-03-14,RUGBY,CLAY,international, mixed ,Regular,wet,Indoor,wolves,Interim,C-LEAGUE,Nike,POINTS,night, 1 , nbc ,£12281,-999,14368,£4612,3728,£19490,7429,1304,-999," 3,772"
2022-05-25,Running,grass,AMATEUR,Mixed,Playoffs,Snowy,outdoor,tigers,VETERAN,b-League,adidas,-999,Evening,2,nbc,£19762,£18903,75,£3645,£14901,14632,missing,14419,£806,NaN
2022-02-11,,-999,Semi-Pro,mixed,pre-Season,wet,indoor,lions,-999,b-League,wilson,sets,NA,-999, bbc ,£6978,7989,19310,14041,9847,£19086,9310,11805,7991,10472
2021-01-23,football,synthetic,INTERNATIONAL,mixed,-999, Windy ,,Bears,Interim,a-League,puma,missing, AFTERNOON ,3,Sky,NA,£17010,9702,missing,2495,3915,17737,£2817,5684,17004
12/08/2023,basketball,Grass,pro,Mixed,pre-Season,snowy, INDOOR ,EAGLES,interim,C-League,puma,runs,evening,3,bbc,14493," 2,139",3482," 5,884",-999,348,11731,14178," 5,561",£5776
2021-07-01,Rugby,ROAD,,women,playoffs,hot,Indoor,lions,veteran,C-League, Wilson ,GOALS,Morning,,sky,-999,16545,16881,"18,680",9843,-999,3192," 6,200",1492,4035
2024-12-27,Cricket,SYNTHETIC,amateur,men,Pre-Season, HOT ,-999,eagles,interim,NA,wilson,goals,night,missing,sky,,15075,17518,2468," 6,876",£6018,10837,1094,NaN,£13669
25/12/2023,rugby, clay ,semi-pro,men,playoffs,NaN,INDOOR,bears,rookie, a-league ,adidas,runs,AFTERNOON,1,espn,17593,-999,8389,£7668,missing,18217,NaN,£2685,£10389,17909
13/02/2021,cricket,hardcourt,pro,women, regular ,hot,NA,eagles,veteran,a-league,adidas, points ,afternoon,4, bbc ,19456,missing,17567,778,£6144,,NaN,10142,12586,-999
2024-06-10,NA,SYNTHETIC,international,Men,PRE-SEASON,,outdoor,LIONS,interim,b-league,wilson,Runs, night ,3,BBC,£15196,18836,missing,17348,7420,,£12547,"10,889",8714,10721
2023-06-23,cricket,Clay,SEMI-PRO,MIXED,Pre-Season,Dry,OUTDOOR,eagles,VETERAN,a-league,puma,SETS,night, 3 ,NBC,£8361,14962,1906,12246,16006,"12,820",£15233,1961," 7,322",12110
24/04/2024,Tennis,grass,INTERNATIONAL,,regular,windy,INDOOR,tigers,ROOKIE,B-League,WILSON,points,NIGHT,1,Espn,5441,,15050,NA," 5,236",£7511,18961,5204,12054,£15986
14/08/2023, basketball ,Grass,international,MEN,pre-season,Snowy,Outdoor,bears,veteran,C-League,,,Night,5,espn,3890,5186,14636,-999,15904,"17,515",14731,3645,£1583,11951
2023-07-30, Football ,grass,Amateur,missing,NaN,hot,Outdoor,eagles,Rookie,c-League,wilson,RUNS,Night,5,nbc,18531," 8,645",7099,£18852,3355,1691,6589,16424,15192,18132
2024-08-15,Tennis,INDOOR,pro,Women,Playoffs,dry,outdoor,NA,interim,A-LEAGUE,wilson,missing,night,3,NaN,"14,812",12308,NA,827,19076,£4126,£6944,£7804,"14,617",16414
11/03/2024,NA,Indoor,international,women,Pre-Season, Windy ,indoor,NaN,rookie,a-League,adidas,goals,missing,4, nbc ,NA,"10,052",11788,9326,13895,12679,£7957,10431,£15842,6411
2024-03-18,FOOTBALL,road,pro,MEN,pre-season,SNOWY,Outdoor, lions ,ROOKIE,C-League,missing,points,EVENING,1,sky,7765,8010,19424,10637,missing,3570,8276,17876,NaN,4731
"Nov 12, 2021",cricket,SYNTHETIC,semi-pro,men,Pre-Season,-999,indoor,Sharks,missing,C-League,PUMA,Sets,Night,missing,espn,"19,454",8958,1733,16722,4614,-999,"10,747","19,954",5471,NaN
23/09/2023,FOOTBALL,Grass,semi-pro,women,regular,snowy,indoor,bears, ROOKIE ,B-League,adidas,points,EVENING,-999,Espn,16797,3622,4388,NA,£3248,£11979,£17751,£11131,2672,NA
26/07/2023,basketball,SYNTHETIC,international,missing,playoffs,DRY,outdoor,Lions,veteran,a-league,PUMA,RUNS,evening,3,nbc,17713,2087," 9,130",558,"10,954",19146,14339,7926,£19960,13015
09/06/2021,missing,NaN,Semi-Pro,MIXED,,snowy,indoor,bears,Veteran,B-LEAGUE,Puma,sets,EVENING,-999,NaN,13544,11382,NaN,4198,14635,8463,18393,£13252,14088,£16531
"Jul 27, 2022",RUGBY, synthetic ,international,mixed,regular,Wet,outdoor,Wolves,rookie,B-LEAGUE,adidas,missing,EVENING,5,nbc,13643,£14318,13791," 4,128",17687,missing,"16,007",4984,3161,£6957
10/10/2024,basketball,GRASS,-999,women,regular,HOT, outdoor ,bears,interim,a-League,PUMA, GOALS ,night,NA,NA,5078,2334,18301,19318,NaN,6512,missing,£19386,19142,2548
2021-07-13,cricket,hardcourt,Amateur,Mixed,-999,Wet,outdoor,sharks, veteran ,B-League,NIKE,runs,night,1,nbc,NaN,10784,16988,17634,NaN,19660,16867," 6,066"," 7,216",12985
2022-06-03,Running,clay,missing,men,pre-season,dry,outdoor,Eagles,rookie,c-league, PUMA ,points,afternoon,1,Espn,5825,-999,12256,8847,-999,£2996,7305,10213,15349,NA
2024-11-11,cricket,Synthetic,missing,men,regular,dry,INDOOR,,veteran,,nike,runs,afternoon,2,bbc,154,£1096,"16,546",£3811,6425,   386,140,9227,10868,13010
"May 11, 2024", Football ,synthetic,pro,women,Playoffs,windy,indoor,tigers,VETERAN,b-league,Puma,runs,Evening,3,Sky,1435,2359,7848,17619,8185,"14,633",14322,15622,missing,14345
"Jan 27, 2022",Cricket,indoor,PRO,women,regular,missing,indoor,sharks,VETERAN,C-League,wilson,goals,evening,5,sky,£9665,19660,15938,"11,099",268," 3,838","15,330",18654,NaN,
2024-12-10,Basketball,indoor,pro,Mixed, pre-Season ,WET,outdoor,TIGERS,veteran,missing,Wilson,runs,night,2,sky,14653,14707,9575,£4000,£4271,£14007,"14,165",19526,£6691,15409
28/07/2024,tennis,Grass,pro,men,-999,wet,indoor,Eagles,ROOKIE,missing,WILSON,goals,night,5,Bbc,16854," 1,985"," 4,294",£19611,-999,14622,13219,-999,£10675,missing
2024-04-02,Tennis,INDOOR,semi-Pro,men,REGULAR,hot,missing,Tigers,interim,NA,adidas,RUNS,Evening,2,bbc,NA,£5529,"16,813",NaN,11929,13095,£7822,£10502," 5,492",11590
"Sep 18, 2022",-999,road,NaN,NaN,PLAYOFFS,SNOWY,OUTDOOR, EAGLES ,rookie,a-league,adidas,points,Morning,3,Espn,-999,3981,3705,450,NA,£11216,2849," 2,576","18,990",11602
2023-02-10,running,clay,International,-999,Regular,snowy,OUTDOOR,eagles,INTERIM,C-League,wilson, Points ,MORNING,4,bbc,£14242,£18668,£3108,13823,NaN,12098,"17,890",7624,3242,9041
2021-03-23,tennis,hardcourt,semi-pro,mixed,playoffs,dry,outdoor,BEARS,NaN,c-league,puma,points,NIGHT,2,SKY," 5,430",5611,£12684," 8,024",2833," 2,775",6095,-999,£17960,2902
25/05/2024,Rugby,missing,pro,men,pre-season,HOT,-999,wolves,interim,c-league, puma ,runs,evening,2,sky,£5079," 2,471",£18712,7679," 2,784",1220,£365,12747,1507,NaN
"Jul 25, 2023",running,hardcourt,semi-pro,NaN,-999,dry,INDOOR,eagles,INTERIM,b-League,PUMA,,NIGHT,4,NaN,NaN," 9,795",8811,10581,12609," 1,343",£11902,   921,4017,16560
14/02/2023,Tennis,Synthetic,International,mixed,Regular,WET, indoor ,NA,rookie,c-league,NIKE,sets,Afternoon,,,6346,14458,,5324,9558,3305,14861,£7251,9514,NA
,Basketball,CLAY,,MIXED, REGULAR ,windy,outdoor,,interim,C-LEAGUE,wilson,runs,NIGHT, 4 ,,7245,18676,£938,£3988,NaN,£3465,2076,"12,291",11689,1212
2021-01-30,Rugby,road,amateur,missing,pre-season,NA, outdoor ,LIONS,Interim,NaN,NIKE,-999, afternoon ,1, bbc ,-999,£5106,missing,12894,17322,£11315,7914,12873,12927,3648
10/09/2021,Basketball,HARDCOURT,Amateur,missing,regular,hot,outdoor,bears,rookie,b-league,,runs,AFTERNOON,1,sky,8021,"13,721",,8102,2693,7738,£8005,11582,7826,15752
01/11/2023,cricket,ROAD,amateur,,playoffs,Wet,indoor,wolves,Interim,C-LEAGUE,NA,points,NIGHT,3,nbc,£10174,4031,17174,missing,1206,£4087,9594,"17,676",8986,19691
2024-03-27,football,indoor,Semi-Pro,mixed,playoffs,NaN,missing,sharks,-999,C-LEAGUE,nike,,morning, 2 ,sky,17810,6679,missing,6103," 4,686"," 7,011",10783,-999,NaN,19711
13/08/2024,rugby,road,international,NaN,playoffs,DRY,OUTDOOR,tigers,rookie, b-League ,ADIDAS,GOALS,Morning,1, Nbc ,14751,NA,5971," 7,176","18,820",191,   111,17483,17628,£7269
2024-09-08,NaN,GRASS,Semi-Pro,MEN,regular,WINDY,outdoor, sharks ,rookie,b-league, adidas ,Sets,-999,4,sky,751,3930,18449,£10033,17599,"11,647",£6981,"13,796",£5441,9282
02/11/2021, rugby ,GRASS,semi-pro,MEN,REGULAR, wet ,indoor,eagles,veteran,C-League,ADIDAS,Goals,afternoon,5,Espn,9356,£15168,8225,£1582,4381,NaN,£1620,NA,,13571
2021-05-07,CRICKET,indoor,semi-pro,women,NA,HOT,INDOOR,Lions,Rookie,b-league,puma,sets,afternoon,1,espn,18388,8678,13447,8240,"12,054",4290,12085,15563,,18517
08/04/2022,NaN,Indoor,SEMI-PRO,men,Pre-Season,wet,indoor,wolves,Rookie, B-LEAGUE ,adidas,SETS,evening,5, ESPN ,£5993,14012,-999,779," 9,570","16,779",NaN,8274,4854,NA
24/03/2024,CRICKET,NaN,International,Mixed,pre-Season,hot,OUTDOOR,NA,VETERAN,missing,nike,points,Morning,NA,ESPN,£1637,£16294," 9,998",NA,7831,£14078,19266,£1698,£17078,9740
2024-01-13,cricket,GRASS, amateur ,women,missing,snowy,outdoor,Eagles,VETERAN,B-League,nike,sets,night,3, espn ,"18,069",3315,NA,591,-999,"13,386",2124,15586,16871,missing
02/05/2021,cricket,SYNTHETIC,SEMI-PRO,men,PLAYOFFS,snowy,OUTDOOR,Bears,veteran, c-league ,puma,goals,afternoon, 5 ,Bbc,£1224,15504,10700,18306,"18,223",10057,missing,NA,5253,878
23/01/2023,basketball,synthetic,pro,women,NaN,wet,indoor,wolves,interim,B-LEAGUE,wilson,goals,evening,1,nbc,£9618,3376,2920,NA,19990,£16259,4369,13618,15961,15410
2024-11-26,missing,ROAD, amateur ,MEN,pre-Season,snowy,outdoor,tigers,NaN,b-League,adidas,sets,MORNING,1,nbc,NaN,15540,6153,3899,278,-999,14600,1540,5123,14618
"Feb 04, 2023",basketball,synthetic,missing,women,playoffs,wet,outdoor,LIONS,ROOKIE,B-League,Adidas,SETS,evening,4,espn,7738,"14,184"," 2,332","18,773",12976,14501,16017,£17975,5316,16337
06/10/2024,NaN,synthetic,missing, men ,pre-season,Wet,OUTDOOR,eagles,rookie,b-League,wilson,RUNS,morning,3,Nbc,NaN,18486," 1,610",NA,18803,NaN,£12574,2128,13873,9899
"Jul 14, 2022",Running,synthetic,pro,WOMEN,Playoffs,Wet,missing,Lions,INTERIM,C-League,missing,POINTS,EVENING,1,Nbc,5598,3964,17774,10538,8519,3913,£10298,"15,357",5869,-999
16/11/2022,cricket,NA,pro,MIXED,NA, windy ,Indoor,-999,rookie,c-league,Nike,runs,morning,4,ESPN,13910,14441,482,," 2,585",3737,19860,3669,£11064,12456
missing,Running,Indoor,Semi-Pro,men,NaN,hot,outdoor,bears,VETERAN,B-LEAGUE,PUMA,Goals,morning,NA,SKY,16830,missing," 9,601",-999,18277,17867,NaN,-999,8988,9896
2024-02-21,cricket,SYNTHETIC, pro ,women,PLAYOFFS,,indoor,eagles,Veteran,c-league,adidas,points,Morning,4,NBC,missing,£12310,16693,16485,18225,8913,£15122,16991,NaN,-999
2021-07-19, Rugby , SYNTHETIC ,missing,MIXED,Pre-Season,DRY,outdoor,sharks,missing,C-LEAGUE,PUMA, goals , Morning ,2,Espn,11684,4144,£17528,"13,841",missing,3656,NA,£4715,7195,missing
25/07/2022,football,synthetic,pro,women, pre-Season ,windy,indoor,bears, VETERAN ,b-league,adidas,runs,AFTERNOON,1,espn,349,12710,£19524,13281,2881,7861,1882,£3664,,missing
2023-03-20,tennis,road,semi-pro,men,playoffs,snowy,indoor,tigers,INTERIM,b-league,Puma,POINTS,evening,1,espn,"11,774",12564,NaN,£17190,£5848,4948,NA,13970,516,2656
"Jun 19, 2021",NaN,road,pro, women , playoffs ,snowy,outdoor,sharks,NA,c-League,adidas,GOALS,NIGHT,1,Sky,"17,107","10,947",15844,2856,5720,18819,£8234,4104," 5,747",£13930
2023-01-24, football ,grass,-999,women,pre-season,WINDY,outdoor,-999,Rookie,B-League,WILSON,NaN,Night,5,bbc,£17652,,"11,348","19,465",NA,NA,13479,2514,4987,-999
15/02/2021,cricket, road ,PRO,Mixed,PLAYOFFS,HOT,OUTDOOR,Eagles,veteran,B-League,adidas,Sets,-999,3,espn,13083,347,9893,8578,"14,818",8997,1814,3155,3315,6938
16/06/2024,RUNNING,Road,international,Men,pre-season,,OUTDOOR,EAGLES,NaN,B-LEAGUE,NaN,SETS,afternoon,2,espn," 2,910"," 8,515",6853,18570,£304,9302,6391,15700,19134,8947
2021-09-14,football,clay,pro,mixed,Regular,SNOWY,Outdoor,EAGLES,,a-league,nike, Runs ,night, 1 ,espn,6458,£6394,£5545,NA," 2,739",6520,10544,4759,£11986,
04/11/2021, running ,Clay,International,women,pre-Season,missing,indoor,Sharks,NA,a-league,nike,POINTS,morning,3,bbc,18846,NA,-999,18241,5385,6232,"11,563",1040,15229,9093
17/07/2021, cricket ,road,PRO,Women,Regular,hot,OUTDOOR,,NA,c-league,wilson, GOALS ,EVENING,5,espn,NA,"19,224",£10672,1471,3406,£1912,18432,£7092,14685,4195
18/01/2023,,CLAY,amateur, mixed ,PRE-SEASON,Windy,outdoor, bears ,rookie,A-League,adidas,NaN, afternoon ,-999,Sky,missing,6998," 9,092",-999,18769,18364,£16598,10014,£8916,"17,807"
2022-01-29,tennis,hardcourt,-999,missing,regular,Windy, INDOOR ,missing,Veteran,b-league,ADIDAS,missing,morning,3,sky,NA,12153,594,11232,9313,6196,15538," 4,357",19023,"14,163"
"Jun 18, 2023",RUNNING,hardcourt,NaN,women, Pre-Season , Wet ,outdoor,lions,VETERAN,a-league,NIKE,sets,morning,1,sky,£15983,NaN,"19,937",13523,3692,12570,14604,11504,13305," 3,011"
24/04/2022,missing,HARDCOURT,semi-Pro,MIXED,playoffs,Snowy,indoor,missing,interim,A-League,wilson,POINTS,night,4,sky,-999,7078,NaN,18186,-999,£9699," 8,648",,18337,14047
"Oct 15, 2022",Cricket,road,amateur, Men ,NaN,wet,outdoor,wolves,VETERAN,NA,Nike,GOALS,MORNING,1,espn,£13929,,2970,£18370,NA,£10404,NA,£13891,-999,11008
"Jan 03, 2024",Basketball,synthetic,Semi-Pro,MEN,regular,dry, Indoor ,tigers,Interim,c-league,adidas,points,AFTERNOON,2,espn,14188,£2387," 4,004",16584,15803,2804,15878,14762,4222,"14,972"
2022-01-24,cricket,clay,semi-pro,mixed, pre-Season ,WET,,sharks,-999,missing,nike,runs,MORNING,3,ESPN,£7496,"11,789",16988,17402,8590,3312,2093,missing,£13128,£8420
2023-04-03,BASKETBALL,grass,PRO,WOMEN,regular,Windy,OUTDOOR,sharks,ROOKIE,a-league,puma,NaN,afternoon,1,Nbc,   174,2149,18545,1480,"11,306",9402,3574,£7211,"11,140",15218
2021-04-27,CRICKET,grass,amateur,men,PRE-SEASON,missing, indoor ,lions,Interim,b-league,wilson, points ,night,4,NaN,15421,4349,12186,£561,4085,7774,NA,19290," 3,438",5000
13/03/2023,Football,Synthetic,International,mixed,regular,Dry,Outdoor,bears,rookie,B-LEAGUE,wilson,runs,, 1 ,nbc,16347,3615,5069,," 7,871",16851,12067,£17533,7576,5276
01/10/2021,cricket,Clay,international,WOMEN,pre-season,HOT,outdoor,Lions,Interim,b-league,puma,sets,afternoon,4,BBC,10612,17399," 7,045",£12000,NaN,14843,8338,NA," 2,105",£11715
2024-04-25,Tennis,road,NA, men ,-999,missing,outdoor,bears,INTERIM,A-League,NaN,POINTS,,5,sky,13524,"14,720",NA,£6029,11232,6924,18089,£15777,£7467,NaN
26/08/2022,TENNIS,synthetic,international,women,Playoffs,hot,Outdoor,bears,Rookie,b-league,-999,Runs,afternoon,4,espn,£15176,"10,262",4800,10570,1722,10570,3276,16376,369,17890
22/11/2023, basketball ,hardcourt,International,men,, snowy ,indoor,bears,veteran,a-league,NIKE,POINTS,evening,3,nbc,18836,missing,6331,14448,missing,12490," 7,113",£3649,15030," 6,835"
-999,BASKETBALL,road,Amateur,Men,NaN,NaN,OUTDOOR,tigers,NA,b-league, PUMA ,Goals,Morning,5,espn,,9732,8672,£4011,£10394,2515,16594,£8913," 8,664",5627
30/08/2024, TENNIS ,road, amateur ,women,pre-season,Wet,OUTDOOR,bears,Interim, b-League ,Wilson,goals,afternoon,1,Sky,15665,3659,missing,12837,625,£3797,15412,£13827,4379,15419
29/01/2022,Cricket,synthetic,pro,men,pre-season,Dry,Outdoor,Sharks,VETERAN,-999,missing,Goals, night ,5, Sky ,£18540,7945,£6692,5473,14555,"11,465",£16420,,£364,"17,005"
24/06/2024,cricket,Indoor, semi-pro ,Mixed, regular ,SNOWY,indoor,wolves,veteran,b-League,nike,runs,AFTERNOON,1,NA,9905,£16106,3709,696,"16,683","16,944"," 1,164",missing,18235,
14/04/2024, TENNIS ,grass,international, MIXED ,playoffs, SNOWY ,NA,eagles,veteran,c-League,puma,RUNS,EVENING,5,espn,"17,134",19536,13238,4030,7909,4393," 3,821",2645,NA," 7,046"
2022-03-09,tennis,indoor,amateur,mixed, regular ,Windy,outdoor,tigers,interim,a-league,WILSON,points,morning,4,Espn,£18002,9590,10254,1613,£15992,9295,5993," 2,699",£5917,12045
10/01/2024,missing,,amateur,MEN,pre-Season,DRY,indoor,eagles,veteran,b-League,Puma,,,2,espn,17276,£13703,"18,103",2116,12708,3488,NA,10108,-999,6993
-999,running,Synthetic,NaN, WOMEN ,Playoffs,hot,outdoor,bears,rookie,a-league,puma,Points,Night,2,espn,10101,£17041,11526,12830,7770,missing,11581,£2429,NA,NaN
15/01/2024,tennis,indoor,semi-pro,Mixed,pre-season,SNOWY,-999,NaN,interim,a-League,adidas,sets,morning,5, sky ,14544,3720,NA,missing,-999,4572,16663,12641,1857,11218
13/05/2023, running ,CLAY,PRO,men,regular,Dry,indoor, wolves ,Veteran,C-LEAGUE,Adidas, points ,evening,5,espn,16776,4928,£5313,£18917,"10,526",2064,10372,12666,NA,18346
08/08/2021,TENNIS,Clay,international,WOMEN,pre-season,Wet,indoor,bears,interim,a-league,puma,SETS,morning,2,BBC,14698,15270,16919," 8,599",5579,£6954,14473,NA,-999,19178
30/01/2022, FOOTBALL ,hardcourt,semi-Pro, WOMEN ,pre-season,hot,NA,NA,veteran,B-LEAGUE,Adidas,runs,-999,4,Sky,3122,NaN,1015,£5725,£2545,1630,19789,5079,11208,"17,372"
2023-09-10, Basketball ,-999, Semi-Pro ,men,PRE-SEASON,windy,Indoor,eagles,rookie,b-league,-999, sets ,morning,,bbc,7274,6120," 4,545",4952,£15001,2052,"17,177",9076,11215,2556
08/07/2021,-999,HARDCOURT,NA,WOMEN,playoffs,snowy,INDOOR,lions,rookie,a-League,wilson,sets,MORNING,3,nbc,2493,missing,£1119,5978,17175,2778,NaN,£10959,5816,-999
2021-08-29,NaN,Grass,semi-pro,MIXED,playoffs,snowy,OUTDOOR,sharks,veteran,NA,,points,NA,5,-999,8211,7449,9396," 3,487",missing,19316," 1,233",2790,2008,18343
NaN,NaN,ROAD,Amateur,Mixed,PRE-SEASON,hot,outdoor,lions, VETERAN ,C-LEAGUE,-999,Goals,EVENING,missing,nbc,11985,4440,"19,849",£17024," 1,634",£12648,"16,130",4311,13130,£4748
2024-07-23,rugby, Road ,semi-Pro, women ,Regular,snowy,indoor,tigers,INTERIM,b-league,puma,SETS,,5,bbc," 5,106",£3813," 2,381",8669,14597,£713,-999,NA,17288,1149
04/11/2024,cricket,road,Amateur,men,,Dry,indoor,eagles,interim,b-League, adidas ,sets,-999,5,NaN,11839,NA,£3074,missing,5305,4405,15400,7184,"10,003",9858
28/11/2024,cricket,,pro,women, playoffs ,Windy,indoor,,ROOKIE,a-League,NaN,RUNS,Morning,missing,espn,14034,-999,£15101,"15,858",NaN,5582,9605,5406,15338,5289
30/06/2023,CRICKET,,-999,women,pre-Season,dry,Outdoor,tigers,Rookie, a-league , nike , POINTS ,afternoon,2,Bbc,missing,14497,1076,£12790,14190," 8,761",8315,£17033,12072,6455
2024-06-15,-999,-999,international,missing,playoffs,wet,outdoor,NaN,INTERIM,B-LEAGUE,nike,goals,Evening,4,espn,NaN,£19776,NA,10841,10310,," 2,950",18610,-999,-999
11/06/2022,NA,indoor,INTERNATIONAL,Men,PRE-SEASON,wet,outdoor,Bears,, a-league ,wilson,-999,evening,2,NBC,NA,£18399,£15682,NA,1855,5736,13037,3709,,"17,889"
24/02/2022,running,HARDCOURT,Pro, women ,regular,hot,-999,Lions,interim,NaN,nike,goals,evening,4,bbc," 8,492",7420,9874,8005,19986,2973,13698,    19,missing," 7,358"
2024-04-28,RUGBY,Road,AMATEUR,NA,REGULAR,hot,outdoor,NA,interim,b-League,ADIDAS,SETS,NIGHT,1,nbc,12440,£16747,13095,5105,19314,3560,11528,16227,,2364
2023-03-02,RUGBY,hardcourt,Amateur,women,regular,hot,outdoor,sharks,Rookie,b-league,wilson,sets,night,2,espn,10439,9800,NA,556,12788,£13806,2889,1603,-999,2024
-999,football, ROAD , International ,,REGULAR,dry,outdoor,bears,Veteran,A-LEAGUE,adidas,runs,MORNING,3,Bbc,16692," 8,664",8178,2468,6431,NA,NA,3538,17719,16386
"May 16, 2024",CRICKET,NaN,semi-pro,men, REGULAR ,snowy,INDOOR,tigers,INTERIM,c-league,wilson,POINTS,Evening,5,,5657,1743,8602,"12,680",£19947,16650," 8,503",12303,19801,3790
28/09/2023,football,-999,Semi-Pro,women,Pre-Season,WET,indoor,sharks,rookie,B-League,NaN,points,EVENING,NaN,,12029,£4090,3730,1621,504,13162,£15588," 8,825",-999,14135
26/01/2021,-999,indoor,pro,women,-999,Wet,OUTDOOR, bears ,-999,A-LEAGUE,nike, sets ,Afternoon,5,Espn,£4632," 7,354",6792,255,16483," 1,158",580,£15235," 1,804",£16249
09/11/2021,basketball,grass,Semi-Pro,men,pre-season,dry,Outdoor,lions,VETERAN,NaN,puma, Runs ,afternoon,3, bbc ,17800,18489,"15,973",5373,9069,4813," 6,376"," 3,415",5902,12648
26/10/2023,tennis,missing,international,Women,regular,,indoor,Wolves,VETERAN,C-LEAGUE,Adidas, goals ,afternoon,1, Sky ,819,NaN,13836,£16166," 1,575",£6266,17008,1369,9255,13154
16/04/2022, football ,-999,PRO,MIXED,Playoffs,snowy,missing,lions,veteran,B-League,nike,NA,EVENING,2, sky ,missing,9818,15195,4706,NA,,£14794,13348,£15889,"14,818"
09/08/2021,BASKETBALL,Road,amateur,MEN,playoffs,wet,outdoor,lions,Interim,C-League,PUMA,Points,night,1,sky,£11145,4297,5713,16525,"15,399",3699,£12452,1060,-999,7990
2024-07-02,missing,Synthetic,-999, mixed ,regular,windy,outdoor,Tigers,Rookie,c-League,nike,points,Afternoon,5,sky,missing,10334,13874," 2,380",14017,19385,14015,990,16514,5353
20/05/2022,,HARDCOURT,semi-pro,mixed,playoffs,snowy,indoor,WOLVES,ROOKIE,a-league,puma,GOALS,evening,2, espn ,6206,7482,10701,-999,4413,14402,2463,13209,£7543,"15,542"
2024-11-07,FOOTBALL,hardcourt,amateur,men,playoffs,snowy,outdoor,NaN,veteran, a-League ,adidas, points ,Morning,NaN,espn,15323,"14,729","19,940",NA,£11511,15269," 4,780",6424,5730,12320
26/11/2023,missing,Indoor,Pro,women,regular,missing,Outdoor,wolves,missing,b-league,NA,Sets,afternoon, 3 , nbc ,£10921,6973,£12369,9394,£11600," 8,978",6715,74,11471,missing
08/01/2022,basketball,Road,PRO,missing,playoffs,windy,indoor,Eagles,NaN,c-league,adidas,sets, MORNING ,4,NaN,15571,£17735,    63,7308,4458,2389,9044,16291," 6,969",17119
14/07/2022,tennis,GRASS,Pro,mixed,regular,Dry,indoor,Lions,rookie,c-league,adidas,goals,AFTERNOON,5,BBC,£16834," 5,584",£10887,6662,-999,"11,144",NaN,5779,14289,13863
2023-04-30,missing,ROAD,Amateur,women,PLAYOFFS,wet,INDOOR,wolves,interim,,adidas,Runs,evening,3,NBC,8938,"10,462",missing,16000,12059,£4952,1666,9451,-999,12570
23/04/2021,running,synthetic,PRO,mixed,REGULAR,NaN,outdoor,wolves,rookie,c-league,adidas, POINTS ,afternoon,2, espn ,NaN,13280,7659,£11348," 3,910",6710,4469,3501,5274,13654
2023-12-18,,Road,PRO,MEN,REGULAR,dry,Indoor,Lions,Veteran,NaN,Puma,Runs,afternoon,5,Espn,NaN,-999,9346,12927,11852,339,£7584,13483,£4046,9786
"Mar 06, 2024",BASKETBALL,road,semi-pro,WOMEN,playoffs,DRY,indoor,bears,Veteran,b-League,adidas,runs, Evening ,2,nbc,£9462,6618,106,,6295,5417,£8656,"15,606",£6089,18035
2022-09-11,TENNIS,hardcourt,pro,Men,regular,DRY,NA,EAGLES,interim,A-LEAGUE,missing, GOALS ,NIGHT,5,bbc,£16614,£4004,    70,18411,6177,4793,16609," 6,737",-999,9430
NaN,tennis,synthetic,amateur,mixed,playoffs,windy,indoor,missing,NaN,b-league,Adidas,goals, evening ,5,nbc,£9986,13463,14604,£3082,missing,£18896,18427," 5,300",1254,"12,314"
15/04/2024,football,clay,Pro,men,REGULAR,Snowy,NaN,sharks,Interim,C-LEAGUE,Wilson,POINTS,-999,1,bbc," 4,479",NA," 9,196",11415,3774,5186,"16,428",14919,17055,13330
24/02/2023,football,INDOOR,pro,MIXED,NA,Dry,indoor,missing,interim,c-League,puma,goals,night,3,sky,13881,19098,-999,12692," 8,623",10419,missing,12567,13421,NaN
03/02/2023,Football,indoor,INTERNATIONAL,Mixed,regular, DRY ,outdoor,Lions,veteran,NA,puma, points , afternoon ,3,NBC,,missing,NA,£18859,£140,16605,18977,14298,3469,1690
24/06/2021,TENNIS,GRASS,,Women,regular,Snowy,missing,Wolves, Interim ,C-LEAGUE,Adidas,goals,afternoon,2,SKY," 5,366",NaN,£19832,£7579,11820,12753,"12,394","10,122",15693,"12,900"
26/03/2023,running,synthetic, international ,Women,pre-Season, Snowy ,Outdoor,EAGLES,NaN,a-league,wilson,Runs,,1,sky,£17473,10049,missing,19365,£2565,4605,-999,,£4468,2132
19/10/2023,rugby,grass,pro,men,playoffs,-999,-999, bears , interim ,a-league,PUMA,sets,morning,5,nbc,13124,9542,-999,1191,11113," 7,453",3980,7021,5206,17211
25/08/2022,TENNIS,,Pro,MIXED,Regular,-999,NA,sharks,interim,B-League,Adidas,sets,evening,4,espn,17165," 4,325"," 9,541",18676,16522," 2,064",£13416,"14,146",18576,-999
NA,BASKETBALL,indoor,NaN,NaN, regular ,Dry,indoor,WOLVES, interim ,c-league,adidas,points,Evening,1,NBC,13178,£16023,10651,4007,missing,7685,£19264,5738,-999,NaN
13/08/2024,football,indoor,NaN,women,NA,hot,outdoor,eagles,rookie,C-LEAGUE,Nike,Points, afternoon ,4,BBC,£19231,£2451,£5444,-999,£6222,2003,£16751,"10,433","10,876",8333
02/12/2024,running,clay,INTERNATIONAL,WOMEN,NA,Windy,indoor,eagles,rookie,missing,Adidas,goals,missing,1,BBC,5598,7698,6069,£8693,1653,18700,12512,"14,874",4984,8755
2023-09-27,basketball,synthetic,INTERNATIONAL,,NaN,windy,outdoor,Tigers,veteran, b-League ,ADIDAS,RUNS,night,3,Espn,6726,NaN,8539,9044,19224,NaN,7042,,14017,7911
2022-10-10,rugby,synthetic,amateur, MIXED ,pre-Season,windy,outdoor,EAGLES,Rookie,A-LEAGUE,,Points,afternoon,4,Sky," 3,803",19816,15181,18305," 8,718",14107,1000,16818,8596,6363
2023-09-13,rugby, CLAY ,international,MEN,REGULAR,DRY,indoor,Bears,rookie,c-League,puma,runs,evening,5,NA,18399,12944,"11,506",-999,15787,NaN,missing,4428,5127,£7770
"Jun 03, 2023",-999,grass,NaN,MEN,regular, WINDY ,INDOOR,sharks,missing, c-League ,wilson,points,morning,3, Sky ,NA,5006,17357,10217,18547,NA,2632,"16,043",16907,17827
2023-09-10,Tennis,ROAD,Pro,women,playoffs,wet,Outdoor,Tigers,rookie,a-League,Nike,GOALS,MORNING,2,espn,16005,14173,14781,2950,missing,18643,10321,,8106,3768
2022-07-05, basketball ,missing,AMATEUR,-999,Regular,hot,NA,Tigers,Interim,b-league,adidas,NaN,evening,2, nbc ,737,7731,6638,,10063,missing,15712,15475,18730,£13447
17/12/2022,rugby, GRASS ,semi-pro,men,PLAYOFFS,Wet,Outdoor,,rookie,a-league,adidas, sets ,morning,5,SKY,18868,2211,8583,-999,14842,-999,"12,062",£6037,£18686," 7,984"
"Jun 29, 2022",RUGBY,hardcourt,AMATEUR,women,NaN,snowy,Outdoor,wolves,INTERIM,c-league, wilson ,runs,MORNING,5, sky ,£13906,2682,"12,797",-999,missing,3392,8986,7787,12050,63
16/05/2022,Rugby,NA,Amateur,mixed,playoffs,DRY,INDOOR,SHARKS,Rookie,A-LEAGUE,adidas,sets,Morning,2,espn,2215,14559,£13686,5748,18045,13071,£9693,12360,15450,NaN
2024-11-06,NA,synthetic,AMATEUR,Women,playoffs,Snowy,Indoor,,Interim, a-League ,wilson,Runs,night,3, bbc ,11818,£3517,10633,£17564,£13431,7323,1429,£3934,"13,071"," 1,998"
09/01/2022,Cricket,NaN,NA,Mixed,REGULAR,hot,Outdoor,wolves,interim, c-league ,Puma,GOALS,morning,4,sky,744,missing,6298,"19,767",-999," 4,079",£6945,3696,8970,17442
2021-12-11,RUGBY,NaN,pro,mixed,regular,hot,OUTDOOR,EAGLES,veteran,C-LEAGUE,wilson,runs,MORNING,2,espn,17652,NA,"11,046",£2175,9093,NaN,£6980,NaN,2875,£2801
28/08/2024, BASKETBALL ,clay,semi-pro,Mixed,playoffs,-999,OUTDOOR,Bears,veteran,A-LEAGUE,nike,goals, night ,3,ESPN,9392,£13377,£11490,£13442,8834,11540," 6,858",10210,10415," 9,516"
2023-04-26,NaN,INDOOR,INTERNATIONAL,women,Playoffs,windy,outdoor,lions,missing, B-League ,puma,runs,afternoon,5,espn,NaN,13365,-999,£5138," 8,612",12246,4767,"19,757",19594,682
10/11/2023,missing,HARDCOURT, pro ,MEN, playoffs ,DRY,Indoor,lions,ROOKIE,NA,-999,runs,afternoon,3, SKY ,£13635,£8779,"17,860"," 8,319",891,12708,18211,,£1416,£11363
26/05/2023,tennis,-999,, Men ,Playoffs,WET,missing,Bears,veteran,b-league,Adidas,sets,AFTERNOON,4,nbc,"12,473",missing,10817," 6,135",19292," 9,132",7810,NA,11875,£3429
29/08/2021,Cricket,hardcourt,SEMI-PRO,men,Pre-Season,SNOWY,Outdoor,Sharks,rookie,b-league,nike,points,NA,1,nbc,9536,10765,NaN,18988," 6,111",missing,11614,8637,8263,11999
,football, grass ,semi-pro,missing,playoffs,snowy, indoor ,lions,interim,B-League,NA,Points, AFTERNOON ,4,sky,£9054,10527,15679,10396,£7130,5629,1565,14904,missing,16931
27/05/2023,BASKETBALL,GRASS,pro,men,Pre-Season,DRY,Outdoor,bears, veteran ,A-League,ADIDAS,points,morning,5,BBC,£2213,1560,5166,"19,041",15384,5956,13957,13316,18175,608
2024-09-27,RUGBY,Road,international,men,regular,wet,,Wolves,veteran,C-LEAGUE,WILSON,points,night,5,bbc,8407,"16,861",missing,-999,13323,£4443,5585,NaN,-999,6925
12/06/2022,basketball,road,amateur,women,NA,wet,missing,Tigers,VETERAN, c-league ,puma,points,Afternoon,3,nbc,£12878,"10,602"," 8,814",15917,7295,£1008,3401,£11084,10278,18529
07/09/2024,cricket,-999,amateur,-999,Regular,wet,indoor,-999,rookie, B-League ,adidas,Sets,-999,4,espn,"10,191"," 8,379",7453,NaN,7305,7387," 5,001",,13302,missing
"Jun 30, 2023", cricket ,grass,Pro,women,NaN,hot,INDOOR,tigers,interim,c-league,wilson,sets,NIGHT,2,NBC,11201,2555,17892,6742,19399,16611,   446," 6,163",£17782,14484
10/10/2021,running,Road,semi-pro,women,REGULAR,missing,INDOOR,tigers,INTERIM,b-league,PUMA,runs,night,5,bbc," 4,821",3641,4968,12673,8383,17985,19861,8456,5313,14825
"Dec 01, 2021",football,grass,INTERNATIONAL,men,REGULAR,wet,outdoor,tigers,NA,B-LEAGUE,nike,GOALS,EVENING,2,missing,9728,,12172,£1096,missing,16166,2095,NaN,10854,missing
31/12/2021,TENNIS,ROAD,international,-999,-999,SNOWY, OUTDOOR ,BEARS,rookie,a-League,nike, POINTS ,evening,2,Espn,12720,14186,"19,939",missing,10044,NA,8824,£5883,8158,2990
2023-10-12,Running,road,semi-pro,women,pre-season, hot ,outdoor,bears,-999,missing, wilson ,goals,NIGHT,-999,sky,13873,6615,£11184,3548,2571,£6148,2637,NaN,14067,18957
"Sep 28, 2024",Tennis,GRASS,amateur,MIXED,regular,snowy,outdoor,NaN,,a-league,puma,sets,Night,4,NaN,NA,"19,446"," 4,873",£5756,14077,18221,19305,13494,12318,16982
2022-07-18,BASKETBALL,,PRO,mixed,pre-Season,Snowy,indoor,sharks,INTERIM,C-League,NIKE,runs,Night,2,SKY,3827,missing,186,939,£2130,-999,3224,11649,£8875,-999
13/07/2024, basketball ,Synthetic,NaN,women,Playoffs,HOT,outdoor,wolves,,C-LEAGUE,wilson,Runs,morning,5,sky,12461,1713,19623,450,66,5204,725,16538,11966,5287
04/12/2022,running,indoor,amateur,MEN,PRE-SEASON,wet,indoor,Bears,rookie,a-league,NIKE,sets,afternoon,2,bbc,11355,7245,£7870,£6612,,8149,5035,£19104,18178,17729
2022-03-05,RUGBY,grass,International,Mixed,pre-season,WET, Indoor ,lions,Interim,b-League,Puma, Goals ,Evening,1,espn,missing,17281,,,£3231,18351,NA,£11998,17999,11827
2023-06-07,basketball,Hardcourt,amateur,women, PRE-SEASON ,hot,Outdoor,EAGLES, interim ,b-League,WILSON,POINTS,evening,2,bbc,8092,£8741,471,2024,"12,961",NA,8482," 9,169"," 4,870",
2021-03-20,RUGBY,indoor,International,mixed,NA,SNOWY,indoor,,rookie,a-league,adidas,Runs,afternoon,3,NBC," 8,287",5085,3992,£1355,£472,13673,£1104,6890,,6899
24/12/2023,football,GRASS,INTERNATIONAL,Men,pre-Season,hot,indoor,,INTERIM,-999,puma,runs,morning,1,espn,£10028," 1,722",10333,"15,369",2807,12089,19094,17708,17398,£19658
"May 20, 2023",missing,hardcourt,Amateur,women,pre-season,dry,NaN,wolves,veteran,missing,Adidas,Goals,evening,4,NBC,"16,743",8347,NaN,19238,17310,3459,17352,1064,4751,
25/10/2024,cricket,ROAD,semi-pro,women,REGULAR,wet,indoor, sharks ,ROOKIE,-999,nike,,afternoon,2, bbc ,19924,8747,5524,1100,18261,£7589,missing,4728,19402,7989
04/10/2024,,clay,amateur,WOMEN,pre-Season,wet,Indoor, Lions ,rookie,b-league,-999,RUNS,AFTERNOON,4,bbc,416,1316,10656,15605,,3043,4419,14618,5826,14950
NaN,cricket,Grass,semi-pro,MEN,Regular,hot,outdoor,Eagles,NA, c-League ,adidas,Sets,morning,1,bbc,265,7422,13982,15275,£15908,missing,missing,missing,6953,7242
09/06/2023,running,clay,international,men,pre-season,HOT,outdoor,Sharks,VETERAN,NA,nike,Runs,AFTERNOON,5,ESPN,,£10296,-999,18638,6515,NA,4263,missing," 1,481",1558
2021-05-16,BASKETBALL,Indoor,Pro,men, PLAYOFFS ,Dry,missing,Sharks,interim,a-league,adidas,GOALS,Night,1,nbc,16354,£10744,12591,£12834,9062,NaN," 7,046",£13568,14538," 8,555"
2022-09-11,Tennis,INDOOR,semi-pro,mixed,regular,HOT,INDOOR,eagles,ROOKIE,c-league,WILSON,goals,EVENING,-999,espn," 6,132",292,"14,406",6633,6830,£16056,"19,730",9575,11086,1226
07/07/2023,FOOTBALL, road ,pro,MIXED,playoffs, wet ,missing,wolves,interim,a-league,Adidas,RUNS,-999,5,NaN,1598,13244,7525,18970,"19,818",4599,5577,56,"19,072",19645
16/04/2023,BASKETBALL,Synthetic,Semi-Pro,MIXED,playoffs,dry,indoor, LIONS , rookie ,,puma,RUNS,MORNING,5,sky,£11282,£11475,1742,1769,5543,£12131,13837," 1,500",3624,"15,869"
21/12/2021,cricket,grass, semi-pro ,missing,playoffs,dry, OUTDOOR ,bears,-999,NA,-999,runs,-999, 1 ,NBC,missing,6835,14827,£2051,9320,,£10923,4574,6578,1714
2023-06-25,running,grass,international,Women,REGULAR,WINDY,outdoor,Wolves,veteran,b-league,puma,goals,evening,1,espn,,2628,NA,"17,022",8984,17378,11182,£19296,6618,-999
2024-01-28,tennis,HARDCOURT,semi-Pro,Women,playoffs,DRY, indoor ,wolves,veteran,a-league,PUMA,points,afternoon,5,bbc,£19212,18374,6350,£1126,3782,4022,£5453,617,3886,5190
2024-05-17,tennis,synthetic,Semi-Pro,Men,playoffs,hot,,Tigers,interim,B-League,wilson,runs,,3,BBC,£15036,"19,828",NaN,240," 9,733",NA,14846,"10,695",9727,8255
"Apr 17, 2024",,road,international,men,NA,Dry, INDOOR ,WOLVES, rookie ,c-league,,RUNS,Night,4,BBC,15855,6611,£4521," 7,625",3723,NA,,£11743,979,£15125
07/06/2022,RUNNING,clay,International,Mixed,regular,WET,indoor,lions,ROOKIE,B-League,NIKE,goals,night,1, espn ,1578,"18,147",1656," 9,770",NA,15637,11786,4772,9547,9300
23/09/2021,CRICKET,NaN,amateur,-999,pre-season,snowy,indoor,EAGLES,rookie,A-LEAGUE,Wilson,GOALS,night,NA,ESPN,£12402,10029,missing,6843,"13,544",5745,£12992,£12688,13729,£14449
10/05/2024,rugby,synthetic,AMATEUR,women,pre-Season,WINDY,Indoor,missing,interim,-999,adidas,GOALS,evening,3,espn,18070,19253,3514,111,,,NaN,15526,13581,£13942
31/08/2022,tennis,-999,amateur,Men,playoffs,windy,indoor,lions,ROOKIE,a-league,Nike,RUNS,night,1,-999,NA,13028,18145,£8270,14735,£1408,NA,10114,-999,19316
30/10/2023, Rugby ,road,,NaN,Playoffs,wet,Outdoor,Bears,rookie,A-League,adidas,runs,morning,3,ESPN,3534," 1,872",£19415,9001,£8294,13830,5696,7377,£16754," 4,552"
2021-01-21,Football,Clay,PRO,-999,pre-Season,snowy,indoor,BEARS,Interim,A-LEAGUE,PUMA,goals, morning ,4,bbc,1754,"10,890",18300,£3147,4817,£16254,8506,"14,304",,14192
21/07/2023,TENNIS,Grass,amateur,WOMEN,playoffs,Wet,Indoor,Tigers,Veteran,a-league,PUMA,runs,night,5,bbc,"18,832",9632,17018,4814,17885,399,13915,3613,£1754,8757
2021-09-08,football,road,international,women,Pre-Season,hot,outdoor,WOLVES,rookie,B-League,NIKE,SETS,evening,1,sky,9824,NaN,19213,5468,9416,11900,missing,10955,9181,424
2021-05-18,Basketball,synthetic,-999,men,pre-season,windy,outdoor,sharks,interim,,-999,goals,NIGHT,3,Bbc,17884,£12727," 8,876",£13241,11985,£3957,18528,9261,£10135,"18,481"
"Aug 21, 2024",basketball,GRASS,Pro, women ,regular,WINDY,INDOOR,bears,rookie,A-League,nike,goals,night,4,bbc,12262,NA,6240,£14708,10208,£4726,12545,NaN,9268,1473
"Apr 19, 2021",NaN,indoor,pro,men,regular, windy , Indoor ,eagles,rookie,b-league, adidas ,Runs,afternoon,5,missing,£17218,£5478," 2,698",-999,13378,8573,£18428,3259," 4,344",£18378
11/09/2024,Basketball,INDOOR,international,NA,Pre-Season,snowy,INDOOR,LIONS,INTERIM,-999,puma,sets,morning,5, espn ,6037,6996,8154,,14517,15843,13332,3976," 2,985",16975
19/07/2022,Running,Clay,Semi-Pro,MIXED,playoffs,NaN,outdoor,missing,Interim,b-league, nike ,goals,night, 1 ,espn,3,997,"11,420",NaN,16805,£17919,,£15542,11701,   340
2021-03-05,,grass, semi-Pro ,mixed,playoffs,hot,Outdoor,tigers,rookie,A-League,nike,goals,NaN,missing,BBC,£19697," 7,560","12,034",9536,£13830,13575,£6055,NaN,13480,7209
2022-09-13,NA,indoor,semi-pro,women,Playoffs,hot,indoor,Lions,interim,C-LEAGUE,nike,sets, afternoon ,2,sky,"15,348",11172,12017,2706,missing,£2003,NA,17762,"15,100",
23/05/2023,rugby,grass,INTERNATIONAL,men,pre-season,wet,outdoor,Bears, VETERAN ,A-League,adidas,sets,-999,missing,nbc,13037,-999,19055,15114,9,1019,5400," 4,787",NaN,1748
02/08/2024,Rugby,NA,-999,men,regular,WET,outdoor,bears,Interim,a-league,wilson,sets,Evening,NaN,Nbc,1956,11265,15121,"12,275",10631,,8983,£15666,,-999
28/05/2024, cricket ,ROAD,,, playoffs ,windy,OUTDOOR,LIONS,ROOKIE,-999,Adidas,goals,Evening,3,Sky,14665," 4,487",,5519,NA,8756,11999,14110,£7622,4224
19/09/2024,rugby,Synthetic,semi-Pro,women,,WET,outdoor, bears ,veteran,A-LEAGUE,adidas,Goals,night,2,Sky,£10513,12337,8478,14507,14697,,£17694,£12783,16511,£18651
2021-12-24,football,Clay,semi-Pro,men,regular,dry,indoor,lions,interim,C-LEAGUE,,Runs,night,NA,nbc," 6,698",5232,-999,£16853,NaN,£19591,£15853,18261,16502,5996
24/03/2021,CRICKET,Clay,pro,men,pre-Season,hot,indoor,tigers,-999,b-league,wilson,sets, morning ,1,-999,missing," 6,744",17300,9968,"10,955",12138,,"13,850",17539,£6378
2024-07-08,Football,-999,pro,-999,regular,windy,Indoor,bears,veteran,,Puma,goals,night,4,nbc,£12925,4991,11495,NaN,NaN,3679,1016,9128,£2593," 6,309"
07/02/2022, rugby ,grass,international,NA,pre-season,missing,indoor,TIGERS,interim,a-League,Wilson,NA,morning,5,nbc,14360,6239,16432,"13,860"," 7,801",missing,"17,083",18310,,15939
11/02/2021,missing,Indoor,Amateur,-999,regular,-999,OUTDOOR,EAGLES,Rookie,A-League,Nike,Sets,night,1,sky,"18,869","15,208",£10142,,£3376," 8,444",19563,11183,719,-999
2023-12-06,cricket,grass,pro,men,regular,hot,NaN,BEARS,rookie,c-league,Wilson,runs, morning ,NA,Nbc,18152," 1,506",£16961,"14,470"," 3,175",1385,14420,19713,£19420," 5,525"
2023-11-16,basketball,Clay,international,women, Playoffs ,Wet,missing,WOLVES,INTERIM,b-league,Nike,Goals,evening,1,ESPN," 1,850",missing,17627,£16109,9056,"18,812",5308,9360,8029,£9071
2022-04-04,running,NA,pro,mixed,PRE-SEASON,NaN,outdoor,Lions,interim,A-LEAGUE,NIKE,points,night,NaN,-999,7394,£19609,£1910,,"10,761",18686,19646,6936,11327," 3,690"
03/10/2022,cricket,clay,pro,men,NaN,Hot,indoor,eagles,Veteran,c-league,nike,goals,morning,4,,£6134,17854,6694,missing,19003," 5,278",2968,"10,645",£12166,14002
2024-07-02,NA,indoor, International ,women,playoffs,windy,indoor,TIGERS,Veteran,B-LEAGUE,adidas,Runs,Evening,5,Nbc,15890,£9503,786,"10,876",10392,missing,9901,"11,755",19946,18440
2024-12-10,cricket,INDOOR,amateur,mixed,regular,NaN,INDOOR,tigers,interim,,adidas,runs,Night,4,-999,NA,7297,6673,£18004,10312,NA,19726,missing,"14,677",missing
11/03/2024,running, SYNTHETIC ,semi-Pro,Mixed,Pre-Season,dry,NA, EAGLES ,interim,b-League,wilson,points,AFTERNOON,2,espn,4953," 1,799",18030,2717,16994,missing,7525," 1,777",13554,18802
06/08/2021,BASKETBALL,Indoor,semi-pro,mixed,playoffs, hot ,indoor,Bears,veteran,,wilson,Points,Evening,4,Bbc,7646,£7907,£8023,"16,910",,£17307,15111,14237,15833,12089
2022-01-29,football,indoor,International,missing,REGULAR,DRY,outdoor,TIGERS,-999,A-League,adidas,sets,AFTERNOON,1,,,1020,12667,19018,9290,11127,14142,17697,NA,10273
20/11/2021,FOOTBALL,road,Semi-Pro,men, pre-Season ,snowy,NA,wolves,NaN,b-League,PUMA,POINTS,Evening,1, espn ,6886,10198,"14,134",14484,10070,£10895,-999,3229,£17486,16372
16/07/2021,basketball,INDOOR,INTERNATIONAL,Mixed,pre-Season,,outdoor,Sharks,INTERIM,A-LEAGUE,wilson,NaN,evening,5,Espn,£1463,10665,NaN,2324,14556,2195,16729,4786,12044,8205
2024-08-29,Tennis,road,pro,women,regular,WINDY,outdoor,lions,VETERAN,NA,missing,points,Night,-999,bbc,"12,018",£6921,14234,4660,-999,NaN,   586,£5737,13624,11617
24/02/2021, running ,ROAD,AMATEUR,men, REGULAR ,Hot, outdoor ,,rookie,a-league,WILSON,RUNS,night,1,Nbc,13797,5031,2558,6866,5028,12170,679,6111," 7,849",1861
30/06/2022,NaN,road,pro,men,Pre-Season,SNOWY,indoor,SHARKS,missing,a-league,wilson,Goals,night,4,NA,   918,8074,11095,1595,15068,15564,16839,£16907,£13363,13255
31/12/2022,NaN,indoor,international,mixed,playoffs,dry, Indoor ,tigers,-999, b-league ,,missing,night,,Nbc,742,£2921,3908,18979,16204,12755,missing,£10111,£9286,£13347
2024-08-01,Basketball,synthetic,-999,women,REGULAR,-999,INDOOR,eagles,rookie,a-league,Nike,runs,Evening,3,bbc,4735,NaN,15272,£16878,"14,601",13692,3846,£3781,4143,14434
2023-02-01,tennis,hardcourt,INTERNATIONAL,women,pre-season,snowy,,-999,Interim,B-League,wilson,goals,Afternoon,1,nbc,15995," 7,005",missing,"11,080",18489,9841,17205,NA,13391,"18,370"
NaN,cricket,indoor,International,NaN,pre-Season,NaN,indoor,WOLVES,interim,b-League,wilson,Goals,Afternoon,missing,,"13,533",4566,   343,9721,10669,£2535,NA,18751," 3,185"," 9,621"
2021-05-31,cricket,GRASS,international,men,regular,WET,Outdoor,sharks,rookie, B-LEAGUE ,Nike,points,EVENING,5,missing,£5083,17644,7462,15569,16189,14865,missing," 7,497",,9309
2022-03-09,rugby,Indoor,Amateur,men,pre-season,missing,Outdoor,NaN,veteran,C-LEAGUE,puma,POINTS,NIGHT,2,SKY,3760,9110,NA," 1,633",£15270,18371,8732,,£19265,15665
16/11/2023,Rugby,hardcourt,Pro,mixed,missing,wet,INDOOR,lions,interim,C-League,puma,goals,-999,2,Sky,4696,947,657,5769,2997,9996,NaN," 4,296",£11725,12305
01/05/2024,tennis,indoor,amateur, Women ,pre-season,Dry,Indoor,wolves,veteran,c-League,wilson,Points,Night,-999,NaN,7005,13573,7608,missing,4912,11183,13475,"13,453",4121,993
2023-04-20,football,Hardcourt,AMATEUR,women,playoffs,snowy,outdoor,eagles,veteran,B-LEAGUE,,points,NaN,1,Sky,4914,2671,19084,7930,4885,missing,NaN,£17252,16343,17224
21/11/2021,TENNIS,-999,international,-999,REGULAR, DRY ,indoor,WOLVES,veteran,-999,wilson, goals ,AFTERNOON,5, sky ,10528,1260,2524,5217,17996," 6,055",missing,£5385,502,7059
24/07/2022,basketball,synthetic,semi-pro,women,regular,Wet,indoor,Wolves,interim,c-league,NaN,goals, evening ,3,espn,10270,7426,£13967,18767,7434,18341,9218,£17907,6157,£40
30/05/2021,Football,Indoor,amateur,mixed,PRE-SEASON,wet,INDOOR,sharks,interim,NaN, puma ,runs,evening,3,sky,missing,370,3638,£12458,1764,"10,480",7116,15087,18697,£18781
NA,tennis, grass ,missing,MEN, pre-season ,dry,missing,Eagles,Rookie,A-League, PUMA ,POINTS,NIGHT,1,Nbc,£3846,£2879,15161,NA,missing,14373,£814,£3013,18842,14850
09/12/2023,FOOTBALL,Clay, International ,Men,REGULAR,Dry,outdoor,sharks,interim,C-LEAGUE,WILSON,sets,NaN,5,espn,5193,12184,7812,11882,£6606,533," 8,054",1163,NaN,£19346
29/10/2022,rugby,grass,amateur,WOMEN,playoffs,snowy, indoor ,Tigers,rookie,C-League,nike,-999,evening,5,NBC,5655,1508,10271,£19043,1130,9620,NaN,18539,£7602," 1,577"
10/11/2023,NA,grass,semi-Pro,Women, Pre-Season ,NaN,indoor,WOLVES,rookie,-999,wilson,POINTS,AFTERNOON,5,SKY,£8907,missing,7125,1682,6073,5616,8739,"14,421",7873,15461
15/05/2024,basketball,clay,pro,WOMEN,pre-season,wet,outdoor,tigers,interim,a-league,nike,GOALS,night,1,bbc,964,6432,12537,11071,16174,6706,13817,14375,missing,NaN
2023-11-02,Football,synthetic,semi-pro,men,pre-season,DRY,Outdoor,eagles,,b-League,puma,points,NaN,2,Bbc,3375,NA,1847,13805,15523,missing,1577,"13,441"," 3,399",9592
2021-05-05,running, Road ,international,MEN,Playoffs,dry,Outdoor,NA,-999,C-LEAGUE,WILSON,goals,missing,4,NBC,1144,£18710,£12206,4172,7253,3445,3591,,10226,£1137
26/02/2022,cricket,Hardcourt,international,WOMEN, PLAYOFFS ,Windy,outdoor, Lions ,rookie,a-league,NIKE,Points,night,1,NBC,£17870,18868,"15,200",£670,missing,6090,17535,3049,17972,19722
2024-09-18,cricket,grass,semi-pro,Women,-999,windy,outdoor,NaN,interim,,adidas,sets,Evening,4,-999,8213,14718,15091,16534,8844," 5,071","17,428",£10673,"11,399",4396
2022-07-10,RUNNING, synthetic ,semi-pro,mixed,pre-season,Snowy,outdoor,tigers,Rookie,b-League,wilson,sets,NIGHT,5,ESPN,8053,3083,2501,3436,2951,"16,270",-999,£17167,17980,9616
11/04/2021,basketball,Clay,pro,Women,Regular,Windy, indoor ,tigers,interim,B-League,nike,Points,afternoon,NaN,nbc,13714,£11035,16275,-999,NA,£4419,19509,NA,"16,542",15175
2024-04-17,basketball,CLAY,PRO,WOMEN,playoffs,NA,indoor,eagles,rookie,C-LEAGUE, wilson ,Sets,NIGHT,5,SKY,£4,NA,18599,12322,£17001,12784,£10571,17163,13041,NaN
27/12/2022,running,CLAY,international,,regular,hot,indoor,tigers,rookie,NaN,Nike,Goals,NIGHT,5, nbc ,7497,£4453," 8,879",13631,13145,19010,missing,4343,"19,693","15,116"
,basketball,Indoor,Semi-Pro,men,regular,Dry,INDOOR,WOLVES,interim,c-League,Wilson,RUNS,Evening,1,sky,£14739,£18486,2712,£1428,7755,-999,£10760,missing,16689,9724
"Jul 19, 2021",rugby,Hardcourt,international,Mixed,playoffs,hot,outdoor,Wolves, interim ,b-League,Wilson,RUNS,MORNING,2,ESPN,"15,938",18896,NA,"14,077",17489,1369,£13501,-999,17556,8996
31/03/2022,tennis,road,Semi-Pro,WOMEN, regular ,Snowy,outdoor,TIGERS,rookie,c-League,wilson,points,Afternoon,1,missing,6010,£6274,10372,NA,17137,NaN,4218,16747,£11976,£18022
2022-10-14,TENNIS,grass,semi-pro,mixed,missing,Wet,outdoor,Tigers,rookie,a-league,Nike,goals,night,5,SKY,," 7,534",15771,"19,671","10,444",NaN,13320,£7573," 1,369",13598
"Aug 22, 2024", Running ,clay,semi-pro,Mixed,playoffs,Wet,outdoor,tigers,veteran,b-League,Adidas,points,missing,2,SKY," 2,925","10,338",17823,13095,19250,missing,3873,"17,244","17,603",6198
20/09/2022,tennis,hardcourt,NA,MEN,pre-season,windy,NaN,NaN,interim,B-League,NA,Points,MORNING,2,sky,£2952,£86,19223,7209,8197,13814," 1,143",19819,£3995,-999
NA,RUGBY, hardcourt ,AMATEUR,missing,playoffs,windy,Indoor,Eagles,interim,b-league, NIKE ,RUNS,NaN, 1 ,Espn,£3447,17113,1454,94,5602,14653,"10,205",12459,11917," 2,227"
2024-05-16,rugby,NA,semi-pro,mixed,pre-season, hot ,OUTDOOR,WOLVES,VETERAN,c-League,nike,Sets,morning,5,bbc,10841,3045,5839,£8920,£19708,£16244,9612," 8,759",2496,£4201
13/02/2022,CRICKET,Hardcourt,amateur,mixed,NA,,OUTDOOR,bears,veteran,a-League,ADIDAS,sets,Afternoon,1, nbc ,13484,15196,8539,"19,297","16,249",-999,missing,"12,322",£6273,17721
2024-07-03,cricket,synthetic,Pro,missing,regular,dry,OUTDOOR,sharks,VETERAN,c-league,Puma,runs,evening,2,NaN,-999,16267,NA,9572,1985,11488,14097,"16,310",2043,14733
2022-09-24,Tennis,synthetic,International,mixed,playoffs,snowy,outdoor,,Rookie,a-League,puma,Sets,night,1,SKY,NA,8471,£14606,8170,14184,"17,632",10885," 8,184",742,9443
06/11/2022,football, clay , pro ,mixed,pre-season,wet,indoor, LIONS ,rookie,NaN, nike ,POINTS,Evening,,bbc,17998,12466,5516,£3942,8775,15246,19251,2866,9570,10983
2023-09-11,Tennis,CLAY,pro,missing,pre-Season,wet,OUTDOOR,NaN,rookie,c-league,Adidas,runs,NIGHT,5,ESPN,£16418,796,2463,14773,5197,10814,9827,-999,£15472,17657
2022-03-28,TENNIS,missing,amateur,mixed,playoffs,DRY,Indoor, eagles ,Rookie,A-League,Nike,goals,Night,4,NaN,15935,6752," 7,256",16386,£6626,missing,75,8291,"12,052",2370
,running,road,NaN,mixed,regular,wet,indoor,LIONS,Rookie, C-League ,wilson,sets,evening,3,Sky,2691,"10,099",3714,12443," 7,261",8405,£18769,£15290," 5,010",NA
2023-12-07,football,grass,International,mixed,playoffs,dry,outdoor,WOLVES,Interim,A-League,WILSON,Sets,Morning,4,bbc,4936,£7031,£11509,"15,195",£7266,6661,£6679,15207,,14326
2023-05-14,basketball,NA,pro,men,PLAYOFFS,hot,outdoor,,interim,c-league,Nike,Sets,NA,1,nbc,9372,5462,5732,11044,   798,NaN,NaN,1065,   177,"11,055"
15/08/2023,tennis, ROAD ,amateur,men,playoffs,dry,INDOOR,Eagles,-999,,puma,points,afternoon,-999,SKY,3417,,16858,5589,£9828,12521,missing,8276,11122,£9150
-999,running,NA,semi-Pro,Mixed,regular,wet,Outdoor,Bears, rookie ,a-league,wilson,NaN,night, 5 , SKY ,£7253,-999,18336,14156,2149,£16332,£10834,£8068,7700,18641
2023-01-29,RUNNING,clay,-999,MIXED,-999,Snowy,OUTDOOR,missing,interim,a-league,wilson,POINTS,morning,2,nbc,14004,£2759,17891,17536,11974,£4047,NA,8693,794,£16561
NA,cricket, SYNTHETIC ,SEMI-PRO,NaN,PRE-SEASON,DRY,INDOOR,NaN,rookie,B-LEAGUE,nike,NaN,Morning,-999,Sky,13214,"11,528",£15561,584,17896,"10,851",15181,13231,91,missing
2023-04-12,FOOTBALL,synthetic,international,mixed,REGULAR,SNOWY,outdoor,EAGLES,interim,A-LEAGUE,wilson,runs,NIGHT,2,espn,11322,3073,missing,409,11118,2818,£11128,£11222,8997,£3030
16/11/2021,running,hardcourt,international,MEN,Regular,HOT,-999,NaN,rookie, B-League ,WILSON,GOALS,evening,5, sky ,17873,missing,16858,19599,5294,-999,3983,3113," 5,270",2777
2023-01-01,football, synthetic ,international,missing,PRE-SEASON,Windy,indoor,BEARS,VETERAN,B-LEAGUE,Adidas,points,afternoon,3,bbc,£390,missing,18419,16182,754,1300,4588,3247,NA,12522
12/01/2021,tennis,Road,amateur,NaN,regular,HOT,OUTDOOR,NaN, Veteran ,A-LEAGUE,NaN,runs,Evening,4,sky,8503,11372," 2,476","10,239",1620,7698,8451,6136,£7318,18398
2023-05-13,missing,-999,AMATEUR,women,missing, hot ,INDOOR,missing,interim,-999,puma, sets ,morning,1,NBC,NaN,£11174,-999,2181,NaN,£5230,£13991,£19617,   300,12907
missing,cricket,NaN,Semi-Pro,WOMEN,-999,WET,outdoor,Lions,VETERAN,a-League,nike,,NA,3,missing,£3230,£19419,20000,£13266,-999," 7,109",,£18504,£19938,19019
2021-01-25,-999,ROAD, semi-pro , women ,regular,HOT,OUTDOOR,lions,veteran, A-League ,puma,Points,,3,NBC,£4599,17741,3012,£1080,"14,279",3899,12737,18106,17909,6073
"Aug 23, 2023",basketball, clay ,semi-Pro,mixed,pre-season, wet ,indoor,SHARKS,veteran,a-League,puma,RUNS,Morning, 3 ,espn,7646,4481,19141,"13,310","17,801",NA,17496," 8,067",3308,3418
17/12/2023,football,indoor,international,mixed,REGULAR,dry,indoor,SHARKS,VETERAN,B-League,nike,sets, night ,3,missing,missing,8463,£3147,7392,£5622,9778,14764,£19821,5507,9045
29/10/2022,basketball,-999, pro ,mixed,pre-Season,dry,OUTDOOR,BEARS,veteran,,adidas,GOALS,Evening,4,bbc,8633,2899,£5283,10198,£13628,£14086,£14180,15005,NaN,missing
2022-09-19, tennis ,road, pro , Mixed ,pre-season,Snowy,outdoor,Lions,Interim,B-LEAGUE,Wilson,POINTS,night,4,bbc," 7,935",15595,"16,513",£12071,12131,£12295,18990,£2982,11300,16242
04/08/2021,tennis, GRASS ,Semi-Pro,MIXED,regular,Wet,Indoor,eagles,interim,c-League,adidas,Goals,-999,3,sky,NaN,8025,10581,13981,6101,1404,£14039,13433,13102,4839
21/05/2024,FOOTBALL,grass,AMATEUR,mixed,pre-Season,windy,indoor,bears,veteran,a-league,Puma,Points,night,missing,sky,,£7230,19385,£3179,12440,"12,895",17960,"10,844",2248,18699
17/02/2022,FOOTBALL,Hardcourt,Amateur,women,pre-season,wet,Outdoor,wolves,veteran,A-League,WILSON,SETS,AFTERNOON,2,bbc,17903,12146,15860,11398,15434,14249,NaN,18068,£16741,-999
11/07/2022,-999,hardcourt,semi-Pro,Women,pre-season,-999,outdoor,sharks,INTERIM,a-league,adidas,GOALS,missing,3,espn,9016,£19819,-999,5779,15351,13420,NaN," 3,130",£9664,"15,795"
2022-06-01,basketball,hardcourt, Semi-Pro ,Mixed,Regular,snowy,INDOOR,LIONS,rookie,C-League,Puma,NA,Afternoon,1,espn," 2,854",4881,£18723,,NaN,"13,273",£5024,18931,4310," 7,685"
2023-09-04,football,HARDCOURT,international,men,regular,Snowy,OUTDOOR,tigers,rookie,c-league,Adidas,runs,-999,4,ESPN,2052,£9423,NA,19231,-999,8220,£17943,9595,12349,5402
09/09/2023, tennis ,indoor,amateur,MEN,PRE-SEASON,Hot,INDOOR,NA,interim,b-League,puma,sets,evening, 1 ,espn,10978,NA,16794,NA,10654,10910,£8293,8203,"19,288","17,545"
2022-10-01,basketball,clay,pro, WOMEN ,, snowy ,indoor,Wolves,-999,b-league,adidas,points,evening,5,missing,NaN,15709,9160,"15,884",13446,13788,15983,2076,£629,-999
"Aug 19, 2022",FOOTBALL,indoor,SEMI-PRO,women,,hot,missing,wolves,Rookie,b-league,PUMA,runs,morning,2,Bbc," 2,923",£17745,£13351,19601,3778,6043,"14,611",NA,673,1007
26/04/2022,running,road,semi-pro,mixed,playoffs,DRY,indoor,lions,VETERAN,c-league,adidas,Goals,evening,3,SKY,"19,613",14009,9144,11843,missing," 2,437",£3788,"19,005",missing,5300
10/12/2023,TENNIS, grass ,pro,men,playoffs,dry,Outdoor,missing,ROOKIE,b-league,, goals ,Afternoon,3,sky,8039," 9,806",missing,7765,15332," 9,852",17385,13280,12384,£4088
2022-07-27,Running,indoor,pro,missing,pre-Season,hot,outdoor,BEARS,rookie,NaN,ADIDAS,Sets,afternoon, 3 ,ESPN,£14889,"14,863",12358,NA,16658,17735,16227,NaN,1607,9981
14/08/2021,NaN,grass,NA,Men,Regular,windy,outdoor,lions,ROOKIE,c-League,WILSON,sets, night ,5,sky,NaN,"19,179"," 2,417",9416,,NA,£7682,4895,6826,5017
08/02/2023,NA,road,international,women, REGULAR ,snowy,Indoor,Eagles,rookie,a-league,,GOALS, night ,4, espn ,10928,522," 2,034","13,700",missing,5347,11666,3351,19422,14244
09/10/2022,tennis,synthetic,International,men,Pre-Season,SNOWY,INDOOR,missing,interim,a-League,nike,goals,Evening, 3 ,ESPN,2203,6382,,"14,159",19004,£16152,3357,11081,2308,161
2024-02-13,cricket,road,-999,women,regular,missing,outdoor,LIONS,VETERAN,B-League,puma,sets,afternoon,1,BBC,8387,7665,£12792,6726,14469,18919,-999,14844,1620,NA
31/01/2023,Running,missing,PRO, women ,regular,snowy,outdoor,NaN,veteran,c-League,Nike,runs,NA,4,bbc,£12769," 9,525",12147,missing,NA,3844,15178,6991,5099,10809
2021-04-11,Tennis,synthetic, International , MEN ,Playoffs,Snowy,missing, Tigers ,Veteran,missing,Adidas, Sets ,Night,4,nbc,missing,11231," 2,286",£5919,15164,8627,14809,£2788,£16342,£19562
08/02/2021,rugby,Road,amateur,women,Pre-Season,hot,Outdoor, eagles ,Veteran,a-League,wilson,sets,night,4,ESPN,£19392,3236,7106,4611,19068,374,£3697,£7542,14000,18977
28/09/2021,NA,Clay,international,NA, regular ,WINDY,outdoor,NA,veteran,C-LEAGUE, ADIDAS ,points,night,1,Nbc,£18352,9544,£53,NaN,£5598,£8138,8588,-999,missing,
2024-02-12,CRICKET,hardcourt,International,MIXED,playoffs,Hot,indoor,eagles, ROOKIE ,a-league,Adidas,SETS,Afternoon,missing,Sky,17211,"11,532",7871,16231,2488,NA,4089,6935,£13039,2969
03/03/2024,TENNIS,GRASS,NaN,NaN,regular,Hot,OUTDOOR,sharks,veteran,c-league, Nike ,GOALS,EVENING,2,Bbc,,£2104,13901,13492,13117,8653,13693,£12136,NaN,9973
missing,missing,clay,amateur,MIXED,regular,snowy,indoor,NA,rookie,-999,nike,sets, evening ,5,NaN,17811,missing,-999,310,19915,8389,"11,150",19280,missing,10532
06/02/2024,-999,INDOOR,Pro,Mixed,pre-season,wet, OUTDOOR ,Bears,Veteran,c-League,-999,runs,morning,missing,espn,£7415,13744,976,£16240,15538,1395,10869,1958,£4055,2922
09/03/2021,Running,grass,NA,men,REGULAR, windy ,indoor,lions,Interim,a-league,puma,POINTS,,-999,sky,10255,15201,£15841,£14649,-999,17438,£1961,£8065,£5968," 7,291"
2024-12-27,running,NaN,international,Men,playoffs,snowy,outdoor,bears,veteran,C-LEAGUE,adidas,goals,afternoon,4,espn,12954," 7,564",17900,NA,3617,3699,,£3992,10649,"10,952"
NaN,CRICKET,clay,amateur,Men,playoffs,HOT,Outdoor,bears,rookie,,wilson,-999,MORNING,1,ESPN,6397,6924,1143,691,13473,12306,   846,17612,19027,11573
"Apr 08, 2021",FOOTBALL,HARDCOURT,international,Mixed,pre-season,Wet,OUTDOOR, lions ,veteran,A-League,wilson,goals,evening,2,espn,3527,"15,461",6421,£19967,missing,13834,"17,457",£107,7180,7255
2024-01-27,cricket,NaN,international,Women,regular,NA, indoor ,sharks,VETERAN,a-League,Nike,Sets,Morning,1,SKY,1535,,2698,15959,NA,14255,8260," 9,585",11348,-999
2022-04-25,tennis,Clay, amateur ,women,Playoffs,-999,NA,SHARKS,interim,NaN,NIKE,sets,MORNING, 2 ,nbc,5805," 4,135",18720,-999,15275,£15570,4288,3826,NA,13985
"Jul 25, 2022",tennis,Grass,International, men ,PRE-SEASON,Windy,outdoor,sharks,VETERAN,a-league,puma,runs,Afternoon,3,bbc,"10,770",£4046,£16446,12948,7077,14590,12355,£19794,6696,16644
10/09/2021,RUNNING,HARDCOURT,pro,Women,Pre-Season,Snowy,outdoor,lions,veteran, C-LEAGUE ,adidas,NA,Evening,4,bbc," 1,775",3621,12157,13918,14455,16684,7993,"16,004",16559,16681
04/08/2024,BASKETBALL,SYNTHETIC,PRO,Mixed,PLAYOFFS,snowy,indoor,Sharks,Interim,b-League,NIKE,GOALS,evening,missing,nbc,£18650,"10,463",12020,10226,NA,missing,12153,NA,£19623,£1807
"Feb 14, 2024",Basketball,road,pro,MEN, playoffs ,windy,-999,TIGERS,INTERIM,c-league,puma,goals,morning,4,Sky,10064,17810,17790,12271,4983,missing,13150,NaN,£18226,18180
29/08/2022,tennis,,international,men,-999,Wet,outdoor,wolves,rookie,a-league,Puma,runs,evening,missing,espn,11725,13951,£8071,306,17273,NaN," 7,324",6318,5825,"18,899"
22/10/2023,TENNIS,indoor,amateur, mixed ,REGULAR,-999,outdoor,LIONS,veteran,c-League,nike,points,morning, 5 ,Sky,-999,311,"11,628",9773,NaN,11647,4335,   252,8117,"14,842"
26/04/2022,FOOTBALL,Road,-999,MIXED,NA,dry,OUTDOOR,Tigers, Veteran ,b-league,nike,sets,night, 3 ,NBC,571,12231,16277,19735," 8,714",£16918,8817,9507,13773,£14378
2021-10-30,Basketball,Indoor,Semi-Pro,Mixed,pre-Season, Snowy ,outdoor,Tigers,veteran,missing, Puma ,Points,Afternoon, 4 ,Espn,7157,£1467,"19,409",NA,9834,16860,£13298,£19992,3571,1004
24/09/2023,Rugby,hardcourt,pro,men,playoffs,snowy,outdoor,bears,interim,c-league,Adidas,goals,-999,5,,17399,"19,499",6995,905,16739,5305,£11193,missing,2708,£6303
21/09/2022,NaN,indoor,amateur,-999,Playoffs, hot ,outdoor,NA,INTERIM,C-League,adidas,POINTS,AFTERNOON,2,nbc,£15367,19290,NA,£9220,19933,NA,"14,956",11025,   559,16214
19/08/2023,football,clay,amateur, women ,regular,HOT,outdoor,eagles,interim,a-League,puma,Points,Evening,2,sky,3776,967,,£828,NA,3684,7973,14873,12009,12457
2021-07-01, FOOTBALL ,-999,NA,men,-999,Windy,indoor, Wolves ,interim,A-League,nike,points, Evening ,3,BBC,2138,£13959,17151," 8,659"," 7,479",610,£11294,16696,2964,£14322
24/05/2022,rugby,INDOOR,semi-Pro,WOMEN,regular, WINDY , indoor ,Tigers,veteran, A-LEAGUE ,nike,SETS,afternoon,1,Bbc,missing,£18564,"18,764",,5849,£3557,8553,8066,15054,12018
13/02/2024,RUGBY,synthetic,SEMI-PRO,NA,playoffs,snowy,indoor,sharks, rookie ,A-League,Wilson,RUNS,evening,2,NaN,NaN,18374,9627,,1389,"17,455",7174,,5141,18891
10/05/2021,cricket,road,,women,Regular,dry,NaN,Eagles,veteran,A-League,nike,points,afternoon, 2 ,sky,16437," 8,609",19142,13698,11202,4500,7018,7702,17708,10845
2022-07-25,rugby, CLAY ,pro,MEN,Playoffs, Snowy ,NA,eagles,INTERIM,A-LEAGUE,nike, runs ,afternoon,4,,2311,-999,10671,£6267,NaN,18256,1294,£13919,2960,£14230
19/05/2023,football,Indoor,,MIXED,REGULAR,missing,INDOOR,lions,interim,B-League,puma,RUNS,Afternoon,-999,Sky,3159,673,10899,8985,,missing,7354,"11,179"," 4,977",£12107
01/10/2022,cricket,synthetic,,Mixed, Pre-Season ,missing,outdoor,wolves,NA,-999,puma,Points,Afternoon,2,espn,NA," 1,784","19,875",6373,"16,290","15,454",£1801,14136,"17,041",18987
2021-03-24,basketball,CLAY,NaN,MIXED,pre-season,windy,INDOOR,bears,rookie,NA,WILSON,Sets,night,2,sky,8862,6700," 4,433",8265,5761,,8523,17283,7515,15279
29/12/2024,cricket,Synthetic,pro,NA,Playoffs,snowy,Outdoor,lions,veteran,,adidas,Points,night, 2 ,Nbc,7459,19999,19225,4950,10914,£6494,13658,14309,14452,16907
"Jun 16, 2023",cricket,GRASS,SEMI-PRO,Men,REGULAR, dry ,outdoor,EAGLES, veteran ,B-LEAGUE,-999,runs,morning,1, SKY ,£5371,NaN,£16577,£15431,£6432,15898,,£2152,10328,-999
11/09/2024,running,clay,semi-Pro,mixed,playoffs,SNOWY,OUTDOOR,eagles,INTERIM,,nike,NaN,AFTERNOON,5,espn," 5,082",£15930,missing,16926," 9,825",£17608,2754,3004,12668,£17344
"Jan 16, 2022",rugby,clay,amateur,MEN,regular,dry,Outdoor,EAGLES,veteran,A-League,nike,points,evening,1,missing,-999,7964,£11541," 3,919",8633,3677,"10,675"," 3,010"," 2,214"," 9,188"
04/09/2021,tennis,synthetic,,MEN,pre-season,hot,Indoor,eagles, Rookie ,-999,NIKE,POINTS,afternoon,3,nbc,"11,526",12798,15419,6644,£2394,13849,3035,£5724,1447,missing
11/02/2023,TENNIS, ROAD ,international,Women,Playoffs, WET ,indoor, wolves ,interim,NA,puma,Points,night,4,,12622,14614," 7,727",11355,"18,637",15871,"13,785",missing,19328,
2023-03-07,tennis,grass, pro ,Women,playoffs,NA,Indoor, tigers ,rookie,c-league,adidas,Runs,afternoon,3,Bbc,13292,missing,"14,902",NA,missing,NaN,1395,9319,4232,-999
"Aug 17, 2022",football,synthetic,semi-pro,mixed,PLAYOFFS, windy ,INDOOR,EAGLES, rookie ,b-League,,RUNS,NA,4,Bbc,3464,16359,3951,7424,,£2974,"18,826","11,215",12031,"15,580"
07/09/2024,Rugby,grass,Semi-Pro,WOMEN,PRE-SEASON,windy,indoor,Bears, interim ,C-LEAGUE, Nike ,sets,Morning, 3 ,NA,-999,£17948,5376,£1127,NaN,18770,19055," 4,767",£16085,5687
28/12/2021,basketball,indoor,missing,missing,Playoffs,hot,missing,wolves,missing,B-League,wilson,Points,afternoon,5,Sky,5618,£6335,£14729,"10,881",13360,NA,£8388,4915,17431,13603
16/03/2024,Cricket, road ,Pro,MEN,Pre-Season,hot,indoor,Bears,rookie,A-LEAGUE,NIKE,RUNS,evening,3,nbc,1562,£12651,18449,£15966,"14,911",1273,NaN,16438,18597,£16436
22/12/2021,running,Synthetic,international,mixed,regular,wet,outdoor,lions, Rookie , a-league ,NIKE,NA,NIGHT, 2 ,SKY,1851,12045,"17,805",NaN,NaN,15387,3495,5854,£7014,5376
02/03/2024,running,Synthetic,PRO,NaN, Playoffs ,missing,indoor,lions,interim,b-league,nike,GOALS,night,missing,bbc,12449,£8337,£10632,4325,11845,10803,8275,"12,624",16914,£17850
01/06/2024,NA,clay, semi-Pro ,Mixed,regular,wet,indoor,-999,veteran,c-League,wilson,missing,night,4,Espn,565,13345,£428,7369," 2,316",11475,-999,10301,5522,2661
07/10/2022,,hardcourt,PRO,Men,,snowy,Indoor,eagles,Veteran,missing,puma,goals,NIGHT,2,NA,17591,10781,10752,957,£11110,-999,12984,8996,13842,12493
-999,basketball,synthetic,Pro,Men, PRE-SEASON ,wet,NaN,NA, rookie ,a-League,PUMA,,morning, 1 ,sky,£17864,19173,4376,missing,£3538,NaN,8792,19028,-999,3342
2022-10-16,running,Grass,amateur,mixed,missing,wet,indoor,eagles,Veteran,C-LEAGUE,nike,Goals,Morning,4,nbc,12206,missing,NaN,£18311,£7949," 9,305",,£3404,-999,9508
23/09/2024,running,GRASS,international,missing, playoffs ,SNOWY,indoor,Bears,veteran,A-LEAGUE,adidas,sets,AFTERNOON,-999,NBC,11313,10395,-999,£19430,3900,4622,   122,17175,14528,7168
2024-12-05,RUGBY,CLAY,amateur,mixed, Playoffs ,Wet,indoor, eagles ,missing, c-League ,wilson, SETS ,NIGHT,5,NA,10705,19031,-999,-999,£5968,missing,17102,NA," 6,661",7766
15/01/2022,-999,indoor,semi-pro,WOMEN,Regular,NA,Indoor,lions,Interim,a-League,PUMA,Goals,evening,2,bbc,13634,£10876,£7664,12008,6260,18566,15907,19563,3563,4004
2022-02-04,running,hardcourt,AMATEUR,men,playoffs,Wet,outdoor,wolves,Rookie,C-LEAGUE,Wilson,runs, afternoon ,5,Nbc,£12983,4088,4904,13051," 7,714","12,652",11823,7445,18543,19581
10/12/2022,tennis,road,amateur,NaN,Regular,dry,outdoor,wolves,-999, A-LEAGUE ,Nike,sets,MORNING,2,Bbc,15054,1914,1685,£5739,NaN,-999," 4,926"," 5,736",2991,7028
,basketball,clay,pro,women,regular,windy,indoor,Eagles,INTERIM,b-league,adidas,points,afternoon,2,NaN,£15317," 1,038",10316," 7,351",16211,12208,£7917,4085,2004,4827
"Jan 06, 2021",Tennis,Synthetic,amateur,,playoffs,windy,indoor,sharks,veteran,a-league,PUMA,points,evening,5,bbc,8637,15226,4296,12063,12067,£15877,10675,11416,3795,16231
09/04/2023,cricket,SYNTHETIC,international,women,pre-season,Wet,outdoor,Tigers,ROOKIE,A-League,adidas,RUNS,Afternoon,3,espn,£4709,10454,7035," 6,442",4504," 7,067"," 5,592",5253,missing,NaN
2021-07-30,RUGBY,road,SEMI-PRO,women,missing,Wet,,sharks,Veteran,C-League,puma,sets, morning ,4,nbc,13215,2644,2482,17926,2921,9593,NaN,170,3494,3630
19/12/2021, cricket ,Road, PRO ,women,regular,WET,indoor,TIGERS, VETERAN ,C-League,puma,goals,missing,2,espn,17592,,10390,18422,£8821,£3318,741," 2,299",£6232,7527
,,grass,international,MIXED, playoffs ,SNOWY,missing,Bears,interim,b-League,wilson,points,night,3,Sky,19634,3948,"15,909",9174,1884,£4355,2682,5239,£10480,"18,742"
2023-11-26, Tennis ,clay,SEMI-PRO, Men ,playoffs,hot,NaN,lions,ROOKIE,c-league,Adidas,POINTS,NaN,3,sky,155,12565,£17375,12784,19641,"16,855",8447,17009,£8468,10127
2021-02-23,tennis,NA,pro, men , pre-Season ,NaN,missing,SHARKS,rookie,NA,missing,-999,Night,4,bbc,£73,12551,£9207,9946,19419,16599,£218,4429,15006,£12915
20/12/2024,CRICKET,Road, Amateur ,mixed,Pre-Season,windy,OUTDOOR,Wolves,rookie,NA, wilson ,Runs,Morning,4,nbc,3651,,17022,7516,missing,£6498,19923,missing,missing,£8766
03/06/2022,Tennis,clay,NaN, men ,PLAYOFFS,Wet, outdoor ,bears,veteran,b-league,wilson,Runs,MORNING,1,-999,,"12,916",missing,£18947,£7935,764,3913,5356,£16432,£13343
missing,basketball,HARDCOURT,PRO,mixed,playoffs,SNOWY,Outdoor,missing,NaN,b-league,nike,goals,NA,5,sky,"11,928",14299," 8,098",13477,   610,£10617,4757,£16870,9629,£1872
2021-06-13,football,Hardcourt,amateur,Women,playoffs,WET,outdoor,Bears,veteran,a-League,nike,goals,Morning,5,espn,£17299,4352,"12,072",missing,5118," 5,850",1496,-999,"16,254",17219
2023-10-30,rugby,Road,pro,Men,playoffs,DRY, outdoor ,BEARS,INTERIM,C-League,missing,RUNS,Evening,3,ESPN,,775,4750," 7,695","16,436",8793,16694,3003,17389,£18899
2021-04-03,TENNIS,synthetic,amateur,women,Regular,wet,NaN,wolves,veteran,B-League,puma,Runs,afternoon,3,Sky,-999,£14193," 2,361",£7642,7737,£8938,8958,13141,"14,660",NaN
13/10/2022,Cricket,synthetic,Semi-Pro,men,REGULAR,WET,indoor,SHARKS,rookie,C-League,puma,SETS,afternoon,2,NaN,£2649,"17,016",5711," 7,264",£572," 6,945",NA,11650,1006," 4,883"
2023-04-19,rugby,synthetic,INTERNATIONAL,women,missing,hot, outdoor ,NaN,interim,C-LEAGUE,adidas,Goals,night,5,,3742,NaN,NaN,1855,11197,11069,NaN,"16,529",,4388
-999,cricket,indoor,international,Mixed,REGULAR,hot,outdoor,EAGLES,veteran,c-League,Wilson,points,evening,1,BBC,£14185,£18988,17688,18502,6486,-999,-999,15136,NaN,13076
"Apr 12, 2022",, road ,PRO,women,-999,Snowy,OUTDOOR,NaN,Veteran,b-League,adidas,Runs,afternoon,1,nbc,2503,15426,NaN,3841,5825,3334,"15,903",NaN,£4395,£491
"Dec 25, 2024",basketball,HARDCOURT,pro,men,Regular,dry, Indoor ,lions,Veteran,b-League,adidas,sets,NaN,4,NBC,£12367,7762,19886,13326,7550," 1,397","15,549",missing,4749,£14331
"Mar 14, 2021",Football,clay,NA,men,regular,dry,outdoor,eagles,Interim,c-league, wilson , RUNS ,-999,NA,NA,11462,12043,NaN,   712,6240,,12731,£19390,"17,798",NaN
,basketball,CLAY,NaN,men,NA,, outdoor ,eagles,NA,b-League,missing,-999,EVENING,1,espn,"14,925",12760,£10414,"16,631",14063,7139,9933,7977,4145,6870
"Dec 03, 2022",tennis,road,pro,mixed,Playoffs,hot,INDOOR,bears,NA,a-League,wilson, runs ,NA,1,Espn,2549,"13,013",£9623,£19222,,12474,£3659,"12,064",NA,£6655
24/05/2024,cricket,indoor,semi-pro,Men,pre-season,wet,-999,eagles,VETERAN,missing,wilson,SETS,missing,2,Bbc,£4468,19427,9770," 4,841",14564,18395,10580,,"14,001","12,192"
NaN,tennis,grass,amateur,, playoffs ,wet,indoor,wolves,rookie,c-league,puma, Runs ,evening,5,sky,6140,£7596,£4797,"19,434",missing,8584,6093,NA," 3,501",13610
2021-10-18,cricket,hardcourt,semi-pro,men,Pre-Season,hot,INDOOR,lions, veteran ,,Puma,Goals, morning ,5,,-999,485,£14653,11904,3979,5653,missing,7014,4658," 8,273"
07/03/2024,-999,Grass,amateur,MIXED,NaN,snowy,outdoor,Sharks,rookie,a-league,PUMA,sets,night,,sky,17917,14275,-999," 9,710",17531,-999,£1538,"13,798",£9987,6060
2023-08-19,cricket,-999,semi-pro, MEN ,regular,HOT,outdoor,eagles,VETERAN,missing, NIKE ,SETS,morning,1,SKY,NA,£17038,NA,-999,6081,"11,262",£10852,NA,5561,-999
01/08/2023,Running,clay,international,men,REGULAR,snowy,outdoor, bears ,interim,b-league,NIKE,goals,evening,3,SKY,18521,379,14566,£16398,13955,£1097,9086,"19,213",,9054
04/06/2022,CRICKET,SYNTHETIC,INTERNATIONAL,,regular,dry,-999,SHARKS,veteran,C-LEAGUE,NA,sets,afternoon,-999,sky,8546,10198,1705," 2,831",missing,17604,17550,"10,803",£2765,"12,381"
18/06/2024,basketball,Clay,pro,NaN,regular,-999,Outdoor,eagles,Rookie,C-League,puma,points, morning ,1,bbc,£18569,"12,045",8616,£2841,10515," 5,947",7363,"17,923",   247,12484
2024-12-03,Running,clay,INTERNATIONAL,mixed,playoffs,Dry,,bears,veteran,c-League,wilson,-999,Night,5,sky,2096,12015,15964,10184,£9410,-999,13121,10396,"16,729"," 5,364"
17/01/2021,Basketball,SYNTHETIC,international,,pre-Season,dry,INDOOR,wolves,NA,a-league,ADIDAS,sets,evening,5, nbc ,13385,5905,1571,10790," 8,326",-999,8741,16827,£8392,15164
2023-09-23,Tennis,road,international, women ,Regular,wet,OUTDOOR,Bears,veteran,A-League,ADIDAS, sets ,night,5,SKY,NA,6015,6735,£5264,18030,NA,5882,12450,16404,missing
2024-09-16,football,grass,semi-pro,men,playoffs,hot,INDOOR,LIONS,Veteran,c-League,nike,points,NA,4,BBC,NaN,12533,   604,19486,18487," 6,903",NA,£19474,17116,
01/06/2023,BASKETBALL,grass,pro,missing,PLAYOFFS,dry,indoor, eagles ,rookie,b-league,nike,runs,morning,1,SKY,£17245,4522,"12,177",£4997,missing,"13,334",16967," 6,442",11,6910
2024-05-20,rugby,indoor,international,Mixed,Pre-Season,dry,indoor,bears,VETERAN,c-league,ADIDAS,NaN,night,2,Sky,    69,4991,2313,13484,"11,685",£16566,16204," 2,891",£845,17839
2021-05-20,football,Clay,amateur,women, regular ,Dry,Indoor,tigers,Veteran,B-LEAGUE,,SETS,afternoon,3,espn,9734,916,£9830,£5065,,10858,,5264,"11,654",missing
20/08/2024,cricket,Synthetic,pro,women,REGULAR,WINDY,Outdoor,lions,Interim,a-league,nike,GOALS,morning,3,bbc,NA,17003,£15709,2070,£10958,1724,5936,17317,5409,3114
04/11/2022, Football ,indoor,amateur,WOMEN,PRE-SEASON,,indoor,Tigers,INTERIM,A-LEAGUE, wilson ,runs,evening,NaN,bbc,£17749,£2337,12023,£10783,£11514,missing,13006,9978,9530,£10007
19/10/2024, basketball ,Synthetic,pro,women,PRE-SEASON,hot, Outdoor , TIGERS ,interim,b-league,WILSON,Sets,night,3,sky,NaN,,£17139,7346,3206,18333,9057,NaN,10260,18980
30/09/2024,running,indoor,amateur,mixed,pre-season, snowy ,indoor, lions ,veteran,A-League,PUMA,POINTS,Afternoon,2,sky,12261,3549,151,"18,075","14,059",18063,£4273,£7275,"19,197",£7784
30/11/2023,Cricket,GRASS,pro,WOMEN, playoffs ,dry,indoor,missing,ROOKIE,c-league,nike,sets,evening,1,NA,15423,NA,NaN,£16313,14227,19444,3852,3859,5778,5199
22/06/2022,tennis,grass,amateur,mixed,Playoffs,windy,Indoor,lions,Veteran,b-league,missing,runs,NaN,NA,Bbc,£6440,4933,£7892,£11493,19124,5839,"10,178",£330,missing,£12511
30/03/2022, basketball ,clay,amateur,WOMEN,regular,dry,Outdoor,NA,INTERIM,c-League,,sets,night,3,NBC,7617,15580,19685,"10,703",,"18,656",,11128,NaN,-999
"May 26, 2022",tennis,grass,PRO,men,pre-Season,snowy, indoor ,BEARS,VETERAN,missing,-999,Runs,afternoon,2,Nbc,18729," 1,096",3673,3285,£7536," 9,493",1945,-999,15057,£5347
2024-03-26,football,indoor, international ,-999,pre-Season,hot,INDOOR,wolves,Rookie,C-League,wilson,,morning,5,sky,8687,1162,8907,19217,14045," 4,471",7404," 4,498",,£13063
2022-09-28,cricket,NA,International,mixed,Regular,,OUTDOOR,Eagles,Veteran,A-LEAGUE,Puma,SETS,evening,1, Sky ,7011,-999,£18770," 9,522"," 6,152",£12431,,-999,missing,   480
12/03/2022,cricket,ROAD,NA,MEN,Pre-Season,Snowy,Indoor,NaN,interim,b-league,puma,goals,afternoon,5,missing,£19079," 9,314",4772,£18835,£874,14545,1878,6763,2265,
2024-01-02,NaN,CLAY,semi-pro, men ,regular,snowy,indoor,, veteran ,A-League,wilson,sets,Evening,NaN,bbc,£9001,1086,£4945,5538,2112,19642,"17,736",1955,3881," 9,181"
2022-08-17,tennis,GRASS,international,mixed,Pre-Season,Hot,INDOOR,WOLVES,Interim,b-league,wilson,runs,evening,1,bbc,£17288,17549,16081,17886,,£19486,3437,6540,£163,10432
05/12/2023,RUNNING, Road ,Pro,MIXED, regular ,Snowy,outdoor,wolves,interim,C-League,NIKE,SETS,Night,3,NBC,£13902,11495,-999,missing,3711," 2,856",£9079,9281,"17,794",15225
2024-06-06,Running,CLAY,International,men, regular ,WINDY,INDOOR,lions,veteran,c-league,WILSON,sets,afternoon,3, Sky ,£18468,1388,8504,7627,18927,9948,missing,"15,769",6468,9504
"Oct 19, 2024",running,road,semi-pro,men,PLAYOFFS,Snowy,INDOOR,Sharks, veteran ,b-league,NIKE,goals,afternoon,1,Sky,6362,11547,,9542,6294,NaN,12126,15450,12304,"10,884"
2024-07-28,basketball,,INTERNATIONAL,MEN,Pre-Season,dry,indoor,TIGERS,NaN,a-League,wilson,POINTS, Night ,2,bbc,2344,£5634,£16900,2137,4403,"14,432",£126,8865,"16,798","18,261"
NA,basketball,Synthetic,SEMI-PRO,mixed,pre-season,Hot,outdoor,lions,ROOKIE,b-league,Puma,sets,evening,1,SKY,6116,NA,£18762,13060,£19747,18701,19258,-999,17575,18136
"Feb 14, 2022",running,missing, Semi-Pro ,women,-999,dry,indoor,bears,interim,b-league,NIKE,goals,morning,1,nbc,£18177,£11766,17305,"16,857",missing,8649," 6,153"," 9,530",7429,NA
25/06/2024,basketball,hardcourt,pro,women,playoffs,dry,missing,Wolves,veteran,c-league,WILSON,GOALS,night,4,missing," 6,040"," 9,720",17884,£11797,16425,651,12845,15855,NA,7664
2022-02-27,running,Synthetic, pro ,MEN,regular,wet,INDOOR,Tigers,veteran,a-league,nike,goals,afternoon,4,NBC,NA,£340," 2,285",£12334,11882,1697,,£3956,-999,9244
2024-10-01,Football,grass,International,mixed, regular ,WINDY,OUTDOOR,tigers,Interim,,Nike,runs,afternoon, 3 ,espn,6347,NaN,19734,11525,17633," 7,480","16,054",2308,missing,£13462
"Mar 12, 2024", Rugby ,synthetic,semi-pro,MEN,REGULAR,hot,Indoor,lions,-999,A-League,wilson,Goals,missing,4,-999,630,1305,2029,14245,13075,NA,£5901," 9,600",12065," 6,537"
2022-12-23,Basketball,indoor,PRO,men,Regular,Snowy,indoor,wolves,veteran,B-LEAGUE,NA,points,afternoon,4,espn,£1985,4823,15174,£13285,12771,9203,17897,-999,10092,-999
2023-09-11,Cricket,SYNTHETIC,semi-pro,men,playoffs,snowy,outdoor,eagles,interim,b-league,Adidas, Sets ,afternoon,2,bbc,,£6247," 5,267",NaN,2924,14518,1702,4445,8071,7935
2021-11-08,BASKETBALL,clay, international ,women,playoffs,dry,outdoor,eagles,NA,b-league,-999,POINTS,Afternoon,2,nbc,-999,10834,17409,5280,11104,9182,4023,14241,NA,NaN
"Dec 23, 2023",football,INDOOR,INTERNATIONAL,MEN,playoffs,NaN,indoor,tigers,Interim,c-league,puma,NA,Afternoon,NaN,bbc,3812,4615,-999,"13,368"," 7,814",10181,missing,9822,17021,-999
2021-09-04,NaN,NaN,international,Mixed,,wet,indoor,tigers,rookie,a-League, puma ,points,Evening,3,ESPN,15844,11843,17077,-999," 6,426",6635," 3,141",1311,14037,"16,207"
02/08/2022,tennis,road, AMATEUR ,mixed,PRE-SEASON,snowy,indoor,eagles,rookie,C-League,nike,Runs,Afternoon,3,espn,6854,2941,"11,643",18068,8762,1967,"19,165",£5,12295,253
09/08/2021,FOOTBALL,synthetic,international, men ,regular,SNOWY,OUTDOOR, tigers ,Rookie,,wilson,sets,EVENING,1,espn,6467,NaN," 5,070",7324,7486,2004,,missing," 3,728",-999
"Dec 31, 2022",tennis, Synthetic ,missing,MEN,regular,dry,outdoor,BEARS,Rookie,c-League, PUMA ,Goals,evening,2,espn,19704,"13,417",13476,£8230,527,17692,6441,7315,755,15383
2023-06-14,Tennis,road,pro,men,REGULAR,wet,indoor,LIONS,interim,C-LEAGUE,wilson,RUNS,EVENING,3,espn,£613,"14,406",5585,missing,19741,   856,NA," 9,649",-999,16166
2021-05-09,cricket,indoor,missing, MEN ,pre-season,hot,indoor,tigers,rookie,C-LEAGUE,WILSON,NaN,morning,2,,935,11432,11978,12098,1359,9758,"18,772",18940,7727,19477
08/08/2022,basketball, road ,amateur, Mixed ,regular,hot,outdoor,bears,NA,C-LEAGUE,Wilson,runs, night ,2,espn,4046,13095,18844,missing,14995,"10,655",13296,7118,NA,562
12/09/2021,cricket,indoor,SEMI-PRO,WOMEN,pre-season,hot,INDOOR, tigers ,rookie,C-LEAGUE,Adidas,GOALS,MORNING,1,missing,6622,£19301,12793,4232,£18420,4074,8754,11895,138,£15458
2022-08-06,Running,indoor,pro,men,Playoffs,hot,indoor,eagles,Veteran,b-League,nike,runs,evening,5,espn,£19433,9496,£16968,17015,16312,missing,16025,2839,9996,6595
07/08/2024,missing,grass, pro ,women,playoffs,hot,Outdoor,NA,ROOKIE,-999, Nike ,SETS,AFTERNOON,1,nbc,£5929,7147,£842,1542,10613,9927," 9,376","18,855",9151,
18/11/2024,missing, INDOOR ,AMATEUR,men,pre-season,hot,outdoor,sharks,veteran,A-League,wilson,sets,Evening,3,NBC," 3,201",missing,"17,321",5848,17572,8045,£17277,£1591,9391,3115
2024-10-11,rugby,clay,amateur,Mixed,regular,SNOWY,missing,,veteran,c-league,puma,runs, afternoon ,2,espn,4481,15576,17618,£9413,-999,14221,8576,10081," 7,969",
14/02/2022,TENNIS,SYNTHETIC,semi-pro,men,missing,NA,indoor,Tigers,veteran,NaN,puma,sets,night,5,bbc,£15269,NaN,"12,791",12964,7760,11498,6694,£3926,12173,8466
NaN,missing,clay,-999,mixed,playoffs,NA,NaN,tigers,veteran,A-League, adidas ,points, afternoon ,NA,bbc,3005,-999,-999,£14990," 9,801",14354," 5,877",£9616,£10491,£217
17/04/2022,tennis,INDOOR,pro,women,REGULAR,hot,OUTDOOR,bears,veteran,NaN,nike,NA,evening, 4 ,espn,£7798,2333,16760,£10256,16826,2576,4942,    28,3006," 7,940"
19/05/2021,FOOTBALL,hardcourt,international,women,PLAYOFFS,hot, indoor ,missing,veteran,c-league,wilson,NaN,afternoon,2,bbc,18896,13996," 7,253",16784,1433,19469,9611,18360,18589,5923
2023-04-08, CRICKET ,road,AMATEUR,women,regular,missing, OUTDOOR , bears ,VETERAN,a-league, nike ,goals,MORNING,1,missing,16831,17583,10834," 6,365",£8330,14436,NA,NaN,2769,6573
19/11/2021,cricket,CLAY,amateur,WOMEN,PRE-SEASON,wet,-999,lions,NaN,b-league,ADIDAS,points,,3,NBC,12731,14745,NaN,11412,NaN,"18,622",251," 5,682",£19606,14293
09/09/2022,Rugby,grass,PRO,men,pre-Season,DRY,missing,wolves,rookie,A-League,ADIDAS, goals ,afternoon,2,BBC,12611,   235,4791,18393,1345,-999,6917,7957,NA,17778
"Sep 04, 2022",tennis,hardcourt,INTERNATIONAL,mixed,Pre-Season,windy, outdoor ,SHARKS,veteran,missing,WILSON,-999, MORNING ,3,SKY,£19316,14194,16469,14431,17470,13673,£19710,"14,992",£16243,£5884
21/11/2024,RUGBY,clay,INTERNATIONAL,,REGULAR,wet,-999,, Veteran , A-LEAGUE ,puma,runs,MORNING,5,Bbc,17637,8940,NaN,missing," 1,429","16,038"," 2,828",13290,10024,13375
2023-04-21,TENNIS,synthetic,International,NA,regular,Hot,Indoor,Lions,veteran,b-league,adidas, sets , night ,NaN,bbc,£10969,14954,13054,13279,12754,5642,17406,5201,£14459,18875
2023-11-03,Running,HARDCOURT,INTERNATIONAL,women,PRE-SEASON,-999,indoor,missing,veteran,b-League,WILSON,runs,afternoon,1,NBC,"19,789",,£7980,-999,8179,missing,3546," 2,985",16720,6846
27/03/2021,running,Road,International,men,Regular,snowy,OUTDOOR,tigers,VETERAN,A-LEAGUE,wilson,NA,MORNING, 5 ,bbc,9747,6177,3991,17947,19984,£1268,1031,   928,11884,18125
2024-02-01, RUNNING ,grass,International,men,PLAYOFFS,DRY,indoor,wolves,missing,c-league,puma,POINTS,evening,2,NA,£8940,9766," 8,925",£13957,1049,11042,16350,12238,£5845,16014
missing,football, clay ,semi-Pro, women ,playoffs,wet,outdoor,lions, Veteran ,A-LEAGUE,Adidas,runs,evening,3,-999,7193,5237,803,11283,£14702,£1214,1273,£3,£4941,£7636
14/02/2021,TENNIS,road,AMATEUR, men ,Playoffs,,outdoor,SHARKS,missing,A-League,puma,goals,afternoon, 3 ,Nbc,13490,NaN,643,14998,3414,17959,15698,missing,£7446,8816
23/10/2021,basketball,indoor,-999, MEN ,PRE-SEASON,wet, outdoor ,eagles,ROOKIE,c-league, PUMA ,POINTS,NIGHT,3,espn,16527,£11597,£18879,-999,5892,   324,-999,9158,14835,3514
2021-04-13, rugby ,road,INTERNATIONAL,men,regular,wet,indoor,bears,interim,a-League,NIKE,goals,afternoon,3,sky,2231,NA,missing,£1176," 3,009","13,455",14988," 7,932",12471,NaN
2021-05-06,running,Indoor,AMATEUR,women,PLAYOFFS,dry,indoor,LIONS,rookie,A-League,nike,POINTS,Afternoon, 1 ,bbc,18173,16950,11549," 4,158",1976,-999," 9,056"," 3,686",14954,8942
missing,football,INDOOR,Amateur,Women,PRE-SEASON,hot,indoor,Eagles,veteran,a-league,puma,POINTS,AFTERNOON,4,nbc,,10522,NA,missing,2431,2863,£19802,"12,853",-999,5503
2023-09-26,basketball,,amateur,men,Pre-Season,hot,outdoor,Tigers,Rookie,NA, PUMA ,sets,NA,1,espn,-999,£2990,£11685,4864,1780,£9520,262,9703,6299,£18157
,basketball,indoor,semi-pro,men, REGULAR ,dry,Outdoor,wolves,Interim,-999,nike,points,Morning,4,sky,8399," 4,054",£15526,4621,14963,11095,15613,15301,18866,6091
02/02/2022,Football,synthetic,international,men,pre-season,snowy,Indoor,TIGERS,ROOKIE,b-League,Wilson,NaN,Night,5,Bbc,12427,14412,110,9561,12174," 7,992",5862," 3,863",£4385,
"Feb 04, 2021",football,Synthetic,INTERNATIONAL,women,playoffs,snowy,outdoor,Tigers,VETERAN,a-league,missing,sets,NaN,1,Espn,"13,588",18951,£5323,-999,14651,£17518,4257,772,4120,£15925
2021-11-20,rugby,Synthetic,,mixed,playoffs,NA,Indoor,BEARS,NA,NaN,Wilson,Goals,AFTERNOON,5,-999,12580," 7,971",-999,1020," 6,190",-999,19107,"11,788",19485,13826
15/03/2021,running,synthetic,INTERNATIONAL,Mixed,regular,dry,Outdoor,NaN,veteran,B-LEAGUE,puma,Sets,morning,5,ESPN,14670,£12467,10115,15811,,16329,15335,2832,£12534,18275
"Sep 25, 2023",TENNIS,grass,semi-pro,NA,playoffs,Snowy,outdoor,tigers,interim,c-league,missing,Runs,EVENING,4,bbc,£8109,15128,7851,15194,15018,11852,"19,402",1793,,4960
2022-02-12,FOOTBALL,Indoor,amateur,-999,Playoffs,DRY, indoor ,Wolves,rookie,a-League,NaN,goals, morning ,NA,nbc,£3850,16020,13863,978,£10518,7112,£19528,13725," 6,746","13,093"
02/04/2024, Rugby ,Synthetic,,Men,REGULAR,SNOWY,Outdoor,eagles,interim,a-League,missing,SETS, AFTERNOON ,2,missing,£7853,13763,£1725,,missing,"19,181",missing,11187,17343,"11,302"
2021-12-15,cricket,Clay,pro,Women,REGULAR,windy,OUTDOOR,sharks,rookie,C-League,nike,goals,-999,missing,nbc,19192,,missing," 2,058",9342,10904,6198,NaN,-999,NA
2023-05-09,RUGBY,road,semi-pro,Men,regular,Hot,outdoor,tigers,VETERAN,c-league,Puma,sets,evening,4,BBC,12130,"19,749",17036,missing,7317,,NaN,"13,379",missing,7199
"Jun 06, 2023",CRICKET, indoor , semi-pro ,,Playoffs,NaN,OUTDOOR,eagles,-999,A-League,adidas,runs,morning,2,Bbc,13541,14082,3864,5865,1757,"12,321",7342,18832," 6,728",7871
2024-12-05,running,hardcourt,AMATEUR,women,regular,HOT,outdoor,bears,veteran,b-League, Puma ,missing,NA,1,bbc,£2213,£17147,5665,11542,,£13542,6026,4286,missing,£11206
29/03/2024,basketball,hardcourt,international,mixed,missing,snowy,outdoor,Bears,veteran,C-League,wilson,points,evening,4,Sky,19011,4593,7646,£19130,5427,3878," 2,876",£7898,10994,15109
10/10/2024, cricket ,-999,AMATEUR, WOMEN ,PRE-SEASON, Windy ,INDOOR,wolves, INTERIM ,B-League,NIKE,sets,night,3,ESPN,6436,2440,"12,495",£6546,8129,9105,£5182,16386,2097,8266
07/07/2024,football,NA,International,MIXED,Regular,windy,outdoor,Bears,rookie,NaN,NaN,points,Morning,missing,nbc,NaN,16354,7159,137,12822,NaN,4989,NA,10517,17272
"Mar 08, 2024",Basketball,SYNTHETIC,AMATEUR, MIXED ,playoffs,missing,INDOOR,Bears,rookie,C-LEAGUE,puma,Runs,evening,3,nbc,"17,596",14233,-999,4566,1084,"14,585",,3358,missing,missing
"May 19, 2023",Football,grass,pro,women,PRE-SEASON,Windy,outdoor,Lions,interim,B-LEAGUE,NaN,points,NA,NA, Bbc ,360,17075,6099,missing,10520," 1,257","17,074",-999,£1702,12694
01/08/2024,running, hardcourt ,semi-pro,mixed,regular,HOT,-999,missing,-999,B-League,adidas, SETS ,evening,5,bbc,£7491,6769,4944,£19407,8255,17231,missing,8792," 5,929",14844
2024-12-11,Basketball,indoor,semi-pro,men,pre-Season,hot,indoor,wolves, INTERIM ,c-League,nike,POINTS,-999,5,Bbc," 9,093",2461,1462,£4773,14736,-999,14776,£4179,"13,566",12977
03/06/2024,rugby,Indoor,Amateur,men,NaN,wet, outdoor ,wolves,Veteran,,NaN,sets, NIGHT ,1,NBC,16270,"11,968",11575,2912,-999,5420,£9860,-999,7949,NaN
"May 05, 2022",basketball,indoor,international,women,missing,wet,indoor,sharks,-999, a-League ,wilson,RUNS,NA,2,nbc,18744,16148,£16171,8976,16186,7433,18067,17257,£17670,11717
29/08/2023,FOOTBALL,-999,amateur,mixed,regular,snowy,Indoor,tigers,interim,b-League,Wilson, sets ,Night, 2 ,BBC,£14386,8569,7590,£11600," 8,084","12,334",19934,£6285,12694,12917
2022-08-22,tennis,NaN,semi-pro,MIXED,playoffs,SNOWY,indoor,eagles,veteran,a-league,Puma,SETS,EVENING,1,nbc," 4,775",£16939,10291,9215,-999,3383,16428,7147,1181,£6593
"Apr 04, 2022",football,clay,NaN,women,pre-Season,wet,INDOOR,lions,,a-league,wilson,sets,evening,4,-999,19080," 3,744",1566,13341,NA,NaN,"18,037"," 5,791",15365,13138
08/06/2021,running, hardcourt ,pro,mixed,playoffs,snowy,OUTDOOR,bears,Interim,c-League,wilson,points,NIGHT,2,Bbc,NA,£15060,5637,"18,126",2067,"14,762",1961,16184,£8426,
NA,NaN,SYNTHETIC,semi-pro,MIXED,,Windy, outdoor ,,rookie,B-LEAGUE,nike,runs, afternoon ,-999,Nbc,10734,2867,18718,18530,8545,£16507,£7617,£19680,"14,663",£8692
NaN,CRICKET,grass,amateur,WOMEN,Playoffs,Windy,outdoor,eagles,rookie,c-league,adidas,points,Night,2,NaN,2864,£11017," 5,195",   613,9446,4131,"12,154",   471,NA," 9,144"
17/07/2023,Cricket,hardcourt,,NA,pre-Season,Dry,outdoor,Wolves, rookie ,missing,NIKE, points ,NIGHT,NA,nbc,£18554,4219," 9,044",7973,£5323,15945,"19,328",NaN,,2071
2024-07-31,NaN,hardcourt,semi-Pro,,Playoffs,Windy,indoor,tigers,rookie,missing,adidas,goals,night,,Nbc,19887,15882,9312,4092," 3,921",18276,£11696,4267,missing,19460
2021-12-25, football ,synthetic,international,women,PLAYOFFS,Wet,Outdoor,missing,,b-league,adidas,GOALS,night,3,BBC," 5,258",12083," 7,993",NaN,,£4904,9932,£10524,NaN,18764
"Dec 13, 2023",basketball,Indoor, SEMI-PRO ,Women,NaN,wet,INDOOR,eagles,interim,c-league,Nike,,NaN,1,sky,£11044,£1838,19232,£13785,£6442,£8313,12001,£14578,15623,18551
2023-04-15,cricket,NaN,semi-Pro,Men, playoffs ,,INDOOR,NA, ROOKIE ,B-League,wilson,points,evening,-999,espn,£5508,16898,17273,£17261,"19,301",6980,14060,18173," 1,685"," 8,782"
2023-09-02,cricket,Indoor,international,Men,playoffs,Windy,Outdoor,sharks,ROOKIE,A-LEAGUE,nike,runs,Morning,2,NBC,3419,223,£15011,"10,067",10912,1719,12624,19033,14301,NA
22/10/2021, basketball ,Synthetic,amateur,mixed,regular,Dry,, eagles ,interim,-999,adidas,runs,night,1,espn,,missing," 2,419",207,13316,£10101,16827,8923,13147,6491
missing,Football,Synthetic, international ,WOMEN,REGULAR,Hot,Indoor,Tigers,Interim,,puma,Goals,night,4,Sky,"10,581"," 5,177",12032,missing,2902,missing,NA,17679,3644,9474
23/04/2021,football,GRASS,NaN,mixed,regular,snowy,indoor,tigers,rookie,C-League,Adidas,points,night,,NBC,18938," 6,707",NaN,,18896," 1,412",2586,NA,£16208,15401
2023-07-14,rugby,Clay, amateur ,mixed,REGULAR,windy,indoor, Wolves ,interim,,Wilson,RUNS,Night,5,NBC,," 9,131","13,784",15573,missing,7354,15541,7049,3985,9566
"Aug 26, 2022", football ,NaN,,women,,HOT,Indoor,BEARS, Rookie ,A-League,Nike,,night,2,Nbc,15654,9529,7629,19118,£18141,16049,12432,187,£19234,£11689
2022-07-30,Basketball,indoor,international,WOMEN,Regular,dry,indoor,tigers,rookie,-999,puma,sets,MORNING,5,bbc,NA,£19493,8430,1065,18360,NA,2461,3544,19465,-999
"May 25, 2022",running, ROAD ,international,Women,missing,Wet,indoor,tigers,rookie,B-LEAGUE,adidas,goals,night,4,NBC,£14408," 8,790",2164,"11,016"," 3,204",6939,"17,158",NaN,2568,
,cricket,hardcourt,Pro,Women,playoffs,hot,NaN,Lions,ROOKIE,C-League,adidas,sets, Night ,2,NA,£18522,NaN,,missing,"17,200",9841,17146,£2725,£18700,9593
11/03/2021,cricket, clay ,Pro,Men,Regular,snowy,Outdoor,bears,rookie,c-League,adidas,sets,evening,-999,-999," 7,546",19300,£691,£15583,7041,£18319,missing,missing," 3,477",12134
2021-12-26, tennis ,indoor,AMATEUR,Men,NA,-999,outdoor,Wolves,veteran,B-LEAGUE,Adidas,GOALS,AFTERNOON,3,Espn,NaN,19541,£5584,£19382,missing,NaN,,"18,899",NA,"11,357"
16/09/2023,CRICKET,-999, amateur ,mixed,pre-season,DRY,,Tigers,Rookie,C-LEAGUE, wilson ,Points,afternoon,2,sky,£3118,,8524,4883,19912,1644,12387,5994,12227,
2021-01-20,running,clay,international,Men,NA,HOT,indoor,EAGLES,Veteran,NaN,wilson,runs,afternoon,1,Sky,641,£13174,,missing,£6520,5807,14883,14702,13159,15402
"Mar 23, 2021",RUNNING,grass,pro,,Pre-Season,dry,indoor,WOLVES,-999, A-LEAGUE ,-999,points,night,4,espn,14864,257,£9687,,1125,17656,   529,£3337,-999," 2,758"
-999,rugby,hardcourt,amateur,WOMEN,playoffs,hot,Outdoor,eagles,interim,a-league, wilson ,points,morning,4,BBC,£17888,10020,£7762,4166,£16510,8660,£3644,"16,217",-999,"10,371"
-999,NA,-999,amateur,,PRE-SEASON,windy,INDOOR,TIGERS,rookie,B-LEAGUE,Nike,goals,morning,4, SKY ,14802,"15,718",5305,,£924,2102,NA,"17,400","18,349",-999
NA, Rugby ,grass,-999,Mixed,missing,windy,INDOOR,lions, interim ,a-league,PUMA,sets,night,5,nbc,6469,"10,178",NA,14891,£16845,£15383,18930,£4247,£7841," 2,091"
2024-09-13,BASKETBALL,INDOOR,amateur,men,Pre-Season,NA,INDOOR,wolves,-999,A-LEAGUE,Nike,sets,EVENING,5,bbc,3912," 9,318",13968,£17061,£19099,1675,3664,£9130,6717,NaN
01/06/2022,running,missing,pro,Men,pre-season,wet,indoor,Wolves,interim,a-League,nike,points,Afternoon,2,sky,19452," 8,588",£12202,-999,780,18805," 5,185",17862,13577,688
2021-05-23,Basketball,indoor,PRO,men, Pre-Season ,wet,outdoor,eagles,veteran,a-League, Adidas ,,afternoon,4,nbc,15512,£6870,5971,6838,10436,,16946,£4157,£16936,£2044
2021-09-19,Running,INDOOR,Pro, women ,regular,DRY,indoor,lions,NaN,A-League,WILSON,Goals, evening ,5,espn,£19543,16382,,14281,"15,606",17045,8485,18289," 9,761",£4137
15/07/2023,-999,clay,pro,women,NaN, dry , outdoor ,lions,INTERIM,a-league,Nike,Sets,night,5,Bbc,NA,£7938,11737,NA,12693,4240,missing,694,£7689,10191
2023-09-30, CRICKET ,road,NaN,Women,regular,Snowy, outdoor ,Bears, veteran ,b-league,,Points,Night,1,NA,12114,NaN,missing,7473,14375,10871,£17105,16616,19177,5942
21/08/2021,tennis,ROAD,Pro,Men,,SNOWY,indoor,sharks,interim,A-League,Adidas,runs, EVENING ,4,nbc,16291,2408,-999,13580,2713,   890,NA,3238,13939,632
23/02/2022,cricket,Clay,AMATEUR,men,regular, wet ,outdoor,Sharks,veteran,b-league,wilson,runs,Afternoon,3,bbc,16484,"15,197",,19830,17971,425,7446," 1,805",£11641,10142
2021-07-15,-999,Clay, amateur ,,Playoffs,snowy,outdoor, BEARS ,ROOKIE,b-league,nike,goals,NaN,, sky ,-999,19893,£6028,13598,NaN,1258,"10,081",£559,17708,16138
11/03/2023, RUNNING ,hardcourt,amateur,missing,NA,wet,outdoor,TIGERS, veteran ,c-League,Nike,runs,Morning,4,Nbc,missing,17955,-999,15530,"17,544",NA,16373,£8280,6529,2654
10/06/2023,running,GRASS,PRO,Mixed,regular,HOT,Outdoor,sharks,missing,b-League,nike,SETS,AFTERNOON,5,bbc,"12,565",£9560,"19,341",£11870,14533,£14420,7511,6269,657,15252
,cricket,synthetic,semi-pro,women,playoffs,SNOWY,indoor,Wolves,interim,A-LEAGUE,nike,SETS,-999,2,NA,5059,5246,NaN,,"15,902",NA,NaN,7284,£17692,£3721
"Dec 02, 2023",missing,CLAY,Amateur,women,regular,windy,indoor,Wolves,Veteran,A-League,nike,-999,morning,5,Bbc,2932,3879,NA,£15940,1702,16510,11261,£14186,5737,19193
22/08/2022,basketball,synthetic,PRO,Men,pre-Season,wet,OUTDOOR,WOLVES,rookie,C-League,WILSON,points,evening, 5 ,bbc,10987,£3466,NA,15191,12983,4858,7394,9361,missing,9671
21/08/2023,cricket,clay,Amateur,MEN,regular,snowy,outdoor,BEARS,ROOKIE,A-LEAGUE,wilson,goals,afternoon,5,SKY," 9,447"," 2,296",£9083,"11,319",5407,13943,NA,12662,£1235," 1,039"
"Jun 15, 2022",NaN,synthetic,amateur,women,missing,windy,Indoor,Sharks,VETERAN,a-league,nike,POINTS,Evening,NA,bbc,3355,11377,"14,248",10192,1680,£18092,," 7,587",£2164,16809
"Oct 18, 2024",football,-999,pro,missing,Pre-Season,WINDY,outdoor,Tigers,,B-LEAGUE,Nike,points,MORNING,missing,bbc,£5897,10129,3836,17898,-999,11931,-999,9799,NA,£19704
24/03/2023,rugby,grass,international,MEN,Regular,snowy,outdoor,WOLVES,NaN,c-League,puma,goals,Afternoon,-999,bbc,10432,"19,641",£2261,£8313,427,NA,NaN,8068," 1,017",15055
28/04/2024,cricket,-999,pro,women,PRE-SEASON,DRY,NaN,tigers,Rookie,a-League,puma,points,morning,3,espn,£14800,£15676," 1,472",NA,£2905,4672,NA,£17961,,NA
2023-05-05,cricket,indoor,SEMI-PRO,women,pre-season,windy,indoor,Lions,INTERIM,b-League,wilson,-999,evening,1, sky ,19347,1203,£12408,2076," 9,486",-999,13671,1307,16072,missing
2022-01-02,Running,,semi-pro,mixed,Pre-Season,hot,outdoor,Wolves,veteran,NaN,NaN,points,morning,5,Sky,17346,£11268,-999,4764,missing,7748,12312,"15,366",NaN," 3,622"
2021-03-16,rugby,indoor,international,Men,playoffs,Snowy,indoor,sharks,VETERAN,a-league,adidas,NA, morning ,-999, BBC ,5288,,£19921,"19,278",£5311,13463,10298,2800,3718,"19,554"
-999,NaN,Synthetic,International,Men,pre-season,wet,outdoor,,interim,A-LEAGUE,Wilson,runs,MORNING,2,NA," 1,830",missing,£9081,   731,2561,9527,4959,11045,£2120,2701
17/03/2022,Football,hardcourt,Amateur,WOMEN, regular ,Wet,indoor,BEARS,Veteran,NaN,puma,Runs,evening,5,bbc,5443,£400,18806,£18341,4160,5518,12445,19080,16533,15554
24/10/2023,RUGBY,,Amateur, MIXED ,pre-Season,hot,indoor,WOLVES,interim,A-League,PUMA,points,evening,3,NBC,NA,6600,NaN," 4,058",-999,   924,11361,7027,14103,£15278
12/11/2023,TENNIS,clay,semi-Pro,men,regular,SNOWY,indoor,SHARKS,INTERIM,A-League, adidas ,,-999,4,missing,NaN,8445,£14114,16368,missing,£18114,122,6668,NA,2516
"Jan 19, 2023",RUGBY,clay,PRO,men,pre-Season,hot,indoor,NA,rookie,B-LEAGUE,nike,runs,Night,1,bbc,NaN,£9191,17675,£3298,3959,£335,£19202,15213,,13256
09/11/2024,basketball,grass,pro, women , regular ,windy,Outdoor,eagles,Interim,NaN,wilson,points,evening,NA,nbc," 6,795",18119,15887,"19,210",8015,£13680,14184,8595,18628,4646
2023-01-27,Tennis,NA,international,men,regular,windy,indoor,Tigers,NA,NA,puma,sets,Morning, 5 ,espn,17384," 7,214",5251,17347,£12521,3,2772,12171,"12,334",16018
02/09/2022,basketball,Grass,pro,mixed,pre-season,wet,outdoor,lions,rookie,c-League,ADIDAS,Sets,NIGHT,2, espn ,13795,1423,£5515,"15,032","15,662",,17144,10067,11833,£4263
2023-02-27,NA,road,missing,WOMEN,playoffs,WET,outdoor, Sharks ,interim,B-League,WILSON,points,EVENING,,SKY,10865,7585,2274,"14,934",,12211,"11,849",£7210,4164,16655
"Aug 12, 2022",running,synthetic,SEMI-PRO,men,regular,hot,OUTDOOR, lions ,Rookie, B-LEAGUE ,Puma,sets,Afternoon,5,Sky,9177," 8,314",11531,7075,14497,14499,9471,7129,12436,£16273
2022-12-06,basketball,GRASS,SEMI-PRO,Men,pre-season,WINDY,OUTDOOR,lions,interim,c-League,wilson,sets,-999,4,-999,18201,6894,6679,,5756,£9457,17919,6568,NA,12126
2024-04-07,basketball, GRASS ,international,Women,pre-season,HOT,Indoor, SHARKS ,Interim,c-League,nike,points,Night,5,nbc,11092,12050,£9875,13346,£17791,NA,12391,19500,£14076,9436
2021-10-18,Basketball,NaN,Semi-Pro,WOMEN,pre-Season,dry,OUTDOOR,lions,-999,A-League,adidas,POINTS,morning,3,espn,6211,£7956,5238,4117,NA,£17367,10992,£5782,18270,15442
25/05/2022,basketball,Road,international,WOMEN,pre-season,dry,Outdoor,Bears,veteran,b-league,-999,goals,NaN,2,Nbc,2964,18742,3141,6876,missing,3144,£10290,6922,£12994,£11600
05/12/2022,cricket, grass ,NaN,mixed,PLAYOFFS,wet,indoor,Lions,rookie,,nike,RUNS,Morning,1,bbc,8265,£9570,2132,2757,3996,£12339,£19694,1056,12364,"13,325"
23/04/2022,basketball,synthetic,pro,WOMEN,Regular,dry,INDOOR,eagles,veteran,C-LEAGUE,,points,afternoon,4,espn,NA,£15787,1980,£16745," 4,522",6752,missing,13721,£17372,15518
2022-02-19,RUNNING,synthetic,international,MIXED,playoffs,NaN,indoor,-999,NA,B-League,Wilson,sets,NIGHT,-999,bbc,£12662,£17651," 5,214"," 7,946",6519,£15468,"18,395",NA,8278,-999
"Feb 23, 2024",rugby,Grass,amateur,NaN,regular,SNOWY,Indoor,EAGLES,rookie,,Wilson,,morning,3,bbc,13993,11285,£12994," 1,934",£4021,"13,823",£10475,"10,884",4787,12296
2021-03-31,missing,road, semi-pro ,women,pre-season,wet,indoor,Eagles,interim,b-league,wilson,sets,morning,1, espn ,16803,613,"15,476",12347,1709,14271,18883,"19,696",10502,11407
23/03/2024,running,Hardcourt,NA,NA,pre-season,snowy,Outdoor,wolves,ROOKIE,C-League,NIKE,goals,morning,-999,espn,£1035,7488,"17,051","14,730",13484,449,9740,8911,303,8320
03/05/2024,NaN,clay,international,men,missing,dry,NaN,WOLVES,interim,c-league,Adidas,runs,Morning,1,espn,£17898,19691,,17409,12612,7948,11150,NA,17566,18649
"Sep 15, 2022",Cricket,Road,missing, women ,playoffs,HOT,outdoor,,NA,a-league,nike,runs,Evening,2,bbc,10881,£6277,NaN,236,missing,"11,479",15719,NA,-999,7427
2024-05-23,rugby,synthetic,SEMI-PRO,mixed,regular,WINDY,indoor,wolves,rookie,-999,wilson,Runs, morning ,3,NBC,9457,£14508,14274,19854," 1,161",,missing,13144,£2471,18678
missing,TENNIS,grass,semi-pro,men,regular,wet,outdoor,LIONS,Veteran,NA,puma,RUNS,afternoon,3,Bbc,8145,3384,9806,4494," 2,241",10611,8809,8492,NaN,11993
"Mar 17, 2022",tennis,NaN,Semi-Pro,mixed,pre-Season,dry,indoor,Sharks,ROOKIE,C-LEAGUE,puma,points,evening,5,-999,"15,452",NaN,8837,-999,156,8101,14475,17600,4703,£4689
2024-04-02,basketball,grass,Amateur,Men,playoffs,dry,indoor,NA,Interim,A-League,,points, NIGHT ,3,Sky,£9529,,16711,missing,£7777,£19987,£9557,£1726,13382,   804
2022-06-15,Rugby,indoor,pro,Men,pre-season,WINDY,indoor,SHARKS,missing,b-league,wilson,Points,Afternoon, 2 ,nbc,8343,£19042,"16,878",£18181," 7,847",NaN,£10608,7305,,£4743
11/01/2021,FOOTBALL,clay,amateur,men,playoffs,snowy,indoor,tigers,veteran,a-league,wilson,runs,evening,1,Nbc,12393,missing,£15499,17393,16733,6981,£5682,11259,1811,
2023-04-30,TENNIS,indoor,, Women ,-999,wet,indoor,eagles,NA,b-league,-999,Goals,AFTERNOON,4,Nbc,£18644,£16045,£17504,NaN,14790,11931,6050,10877,NaN,16930
26/04/2021,RUNNING,synthetic,semi-pro,women,playoffs,snowy,outdoor,eagles,veteran,b-League,PUMA,goals,,3,espn,8132,NA,14515,5167,-999,£7519,4793,,£12409,4117
20/10/2024,rugby,NA,SEMI-PRO,men,pre-Season,-999,Outdoor,wolves,veteran,c-league,wilson,points,morning,3,bbc,"10,985",£11215,17549,11930,3316,16559,"10,153",£16637,9046,£15612
"Apr 26, 2023", rugby ,NaN,international,women,missing,Hot,OUTDOOR,lions,rookie,a-League,nike,points,NIGHT, 3 ,Sky,3378,   689,3128,£4,3485,18207,£14760,642,NaN,16001
"May 18, 2023",FOOTBALL, Road ,Pro, women ,Regular,dry,outdoor,eagles,interim,c-league,Puma,points,evening,3,ESPN,NA,17357,6952,16087,£9442,£9687,4513,£17922,-999,-999
16/06/2021,rugby,Road,SEMI-PRO,Mixed, PRE-SEASON ,hot,indoor,sharks,veteran,b-League,adidas,sets,evening,5, nbc ," 8,525","10,751",5673," 5,595",17140," 6,175",-999,1912,£501,   184
16/08/2021,football,,PRO,WOMEN,pre-Season,wet,outdoor,wolves,veteran,C-LEAGUE,NaN,runs,evening,5,nbc,missing,NA,7861,15445,1498," 4,885",11591,7659,5483,£13709
2023-04-20,CRICKET,NaN,semi-pro,women, REGULAR ,HOT,indoor,-999,interim,,NaN,Sets,AFTERNOON,NA, nbc ,£14144,1119,£496,10028," 9,261",£15939,£3512,£12187,5825,5649
25/10/2023,rugby,road,INTERNATIONAL,women,pre-season,hot,Indoor,Wolves,veteran,b-League,nike,points,morning,5,SKY," 6,159",10082,4681,-999,,5132,NA,missing,18063,14649
missing,running,synthetic,Amateur,women,regular,windy,indoor,Eagles,interim,a-league,PUMA,runs,afternoon, 4 ,NBC,172,£12964,665,NA,18406,11472,"19,196",NaN,"17,167",16927
20/10/2023,Basketball,clay,-999,WOMEN,pre-season,-999,outdoor,Lions,Veteran,,Adidas,Sets,Night,5, sky ,12164,19161,8588,£14633,12262,5345,6263,,5450,7314
2021-11-08,basketball,NaN,Pro,Mixed,REGULAR,Wet,outdoor,NaN,veteran,,nike,sets,missing,2,SKY,7409,NaN,3323,4324,"15,163"," 7,773",658,missing,13179,£9190
,-999,INDOOR,AMATEUR,Mixed, Regular ,Dry,indoor, eagles ,veteran,b-League,adidas,points,-999,4,NBC,13975,,2185,15313,NA,10560,-999,6339,£19280,
12/08/2023,football,HARDCOURT,PRO,women,playoffs,Snowy,outdoor,eagles,ROOKIE,-999,ADIDAS,Goals,-999,3,Nbc,16513,5060,17916," 6,457",9185,4189,16721,5163,8783,missing
2023-06-29,FOOTBALL,NaN,semi-pro,MEN, playoffs ,DRY,missing,lions,rookie,a-league,wilson,SETS,EVENING,3,nbc,16869,-999,17641,"16,850",£6780,4075,"14,749"," 5,166"," 2,627",missing
05/10/2023,football,grass,International,MEN,playoffs,dry,Outdoor,BEARS,interim,A-LEAGUE,wilson,,evening,NA,NBC,NaN,2075,6231,NA,17515,missing,18526,1779,3297,2629
17/10/2022,basketball,Synthetic,semi-Pro,Men,regular,wet,outdoor,bears,rookie,C-LEAGUE,nike,points,EVENING,NaN,Sky,8102,missing," 3,359",8736,16720,4364,"17,866"," 6,102",16909,8838
07/09/2023,rugby,NaN,, women ,playoffs, Hot ,outdoor,sharks,Rookie,NaN,nike,runs,Night,1,sky,5883,£11818,-999,10721,150,8750,2255,2415,14708,£18302
16/04/2021, running ,indoor,international,mixed,Pre-Season,wet,NaN,tigers,rookie,a-league,Nike,sets,NIGHT,1, bbc ,"18,680",7088,missing,2701,19161,£6884," 2,334"," 7,099",missing," 2,634"
24/02/2023,football, Hardcourt ,pro, Men ,Playoffs,Windy,missing,eagles,rookie,A-LEAGUE,NIKE,Sets,evening,2,nbc,4301,£9689,NA,10294,13453," 9,632","10,027",11898,4347,2812
29/11/2021,Tennis,hardcourt,international,women,pre-season,DRY,indoor,,rookie,c-league,missing,POINTS,afternoon,3,espn,478,missing,17428,missing,NA," 6,408","13,764",1470,NA,£13109
"Jul 13, 2022",running,grass,PRO,MEN,pre-season,wet,outdoor,wolves,rookie, a-League ,NIKE, points ,afternoon,5,bbc,-999,"10,674",NA,12982," 5,697",£9118,15382," 1,885",17460,10738
07/05/2021,tennis,Synthetic,semi-Pro,MEN,pre-Season,hot,Indoor,sharks,Interim,b-league,NaN,-999,night,4,sky,76,14377,10174,6794,8422,8641,17670,10472,14536,12736
02/01/2021, TENNIS ,hardcourt,amateur,Women,regular,WINDY,outdoor,,Veteran,a-League,nike, runs ,evening,missing,SKY,7899,£15445,£8562,4984,818,3423,4356,7855,2088,6305
31/12/2021,tennis, Road ,amateur,women,PRE-SEASON, WET ,INDOOR, tigers ,NA,missing,PUMA,sets, morning ,2,SKY,13879,£5445,£10028,13258,16662,12244,11387,2567,5400,12668
"Nov 10, 2023",Cricket,synthetic,amateur, WOMEN ,pre-Season,dry,outdoor,Wolves,-999,a-league,Adidas,SETS,AFTERNOON,1,Bbc,"18,779",,3753,NA,£770,11581,5399,£7709," 7,915",6139
2024-01-03,NA,road,,women,REGULAR,dry,Indoor,Lions,veteran,C-League,Adidas,sets,missing,3,espn,"18,502",10827," 3,016",1333,11920,8735,,3220,-999,211
09/11/2022,cricket,NaN,amateur,women,Regular,snowy,outdoor,lions,interim,NA,puma,GOALS,morning,1,espn,4293,10333,"14,089",-999,£17127,   799,1494,missing,13183,18722
2021-09-02,Cricket,Indoor,amateur,MEN,playoffs,wet,Outdoor,eagles,Rookie,B-LEAGUE,wilson,points, afternoon ,3,nbc,£16316,19439,£7846,18514,17990,4662,£18389,439,4779,-999
17/03/2023,cricket,indoor,missing,women,Pre-Season,wet,indoor,Lions,ROOKIE,b-league,wilson,POINTS,EVENING,3,espn,12452," 9,654",13384,9043,18126,10291,14896,3151,3147,8892
NaN,Cricket,indoor,semi-pro, women , regular , snowy ,,TIGERS,Rookie,c-League,adidas,NaN,afternoon,4,BBC,6989,£8199,£11548,5187,18977,690,NA,,13820,14182
12/01/2021,Tennis,GRASS,NaN,women,regular,hot,outdoor,eagles,veteran,C-LEAGUE,nike,runs,afternoon,4,BBC,4258," 6,871",£3073,NA,£12348,11676,"10,586",334,-999,£9526
"May 30, 2023",basketball,SYNTHETIC,semi-Pro,missing,regular,wet,indoor,wolves,rookie,NA,Puma,Sets,morning,1,bbc,£14188,3459,£16298,17876,5830,17886,9096,7843,4083,"14,070"
2024-09-15,cricket,INDOOR,pro,mixed,regular,Wet,indoor,sharks,interim,B-LEAGUE,,SETS,MORNING,2,Espn,6793,19120,£6865,6074,£5609,9964,16870,"15,979",3517,9311
2021-03-18,tennis,INDOOR, pro ,men,Playoffs,wet,NA,-999,Veteran,B-League,nike,runs,Night,3,sky,6759,NaN,14685,14516,3422," 4,094",19217,8783,,8711
06/08/2023,running,indoor,-999,women,missing,windy,indoor,sharks,Veteran, c-league ,nike,runs,evening,2,bbc,8181,365,1602," 6,840",3806,NA,NA,19527,14354,70
26/11/2023,,hardcourt,-999,mixed,-999,dry,INDOOR,eagles,rookie,C-LEAGUE,nike,sets,afternoon,1,sky,£12228,£8251,NaN,9230,£13902,NaN,NA,8966,£5109,£10845
09/12/2023,Tennis,clay,amateur,Men,regular,NaN,INDOOR,lions, Rookie ,b-league,NA,GOALS,NA,2,Espn,NA,NaN,-999,14840," 6,381","12,827",£14104,"17,217",3695,
"Dec 12, 2021",cricket,Synthetic,amateur,mixed,Playoffs,windy,outdoor,BEARS,rookie,a-league,adidas,RUNS,Afternoon,1,-999,missing,,16610,308,8203,NaN,£14462,16096,£1791,
2022-03-14,rugby,Hardcourt,NaN,women, regular ,NaN,NaN,eagles,veteran,b-League,Wilson,sets,night,3,bbc,19253,7007,9522,missing,2551,17223,1780,£19269,missing,9750
2022-03-28,Rugby,grass,pro,men,NaN,missing,missing, wolves ,Interim,C-League,nike,sets,morning,3, Espn ,"13,955",19236,-999,£13001,13485,12574,missing,7911,"11,806",15815
18/12/2024,CRICKET,Clay,pro, mixed ,PLAYOFFS,hot,INDOOR,wolves,rookie,b-league,nike,runs,Night,2,Bbc,NaN," 6,983",£12812,-999,17634,NaN,£2197,3305,15422,2335
27/10/2021,running, clay ,amateur,Men, playoffs ,Wet,Indoor,bears,veteran,missing,wilson,goals,Night,,bbc,£5661,£7777," 1,711",1261,"17,904","14,693"," 4,731",£12113,8386,"18,599"
2022-04-08,football,CLAY,semi-Pro,MEN,regular,NA,indoor, LIONS , veteran , A-LEAGUE ,WILSON,SETS,MORNING,NA,nbc,2185,-999,15950,4610,2347,12682,14675,19777,3324,11949
28/05/2022, Basketball ,Synthetic,international,-999,playoffs,HOT,indoor,bears,interim,B-League, Wilson ,GOALS,Evening,3,espn,NaN,2370,2154,18166,11932,7163,16526,5512,"13,811",18390
"Feb 08, 2024",tennis, hardcourt ,Semi-Pro,,missing,dry,outdoor,-999, veteran ,a-league,Wilson,-999,AFTERNOON,3,bbc," 7,395",£11569,missing,6996,NA,12939,," 7,992",3965,19908
08/03/2024,CRICKET,GRASS,semi-pro,women,Pre-Season,,indoor,sharks,rookie,a-league,nike,missing,MORNING,3,NBC,£5352,£9185," 5,402",16501,1065,"18,434",£7010,4884,£11538,10257
"Mar 26, 2021",basketball,,PRO,Mixed,playoffs,snowy,indoor,bears,INTERIM,b-league, Wilson ,runs,,2, Bbc ,-999,9735,1773,3521,11840,£8767,2351,,£4304,14496
2021-05-02,Football,HARDCOURT,semi-pro,women,playoffs,wet, outdoor , Tigers ,interim, b-league ,WILSON,sets,afternoon,1,missing,19845,,6438,£2275,NaN,16800,£481,5307,9960,10836
01/01/2023,,indoor,amateur,WOMEN,pre-season,dry,missing,lions,Veteran,missing,wilson, runs ,Afternoon,3,nbc,-999,2070,17626,2971,£2737,2284,13321," 8,600",15188,10691
11/01/2022,cricket,road,semi-Pro,Mixed,pre-Season,wet,outdoor,NaN,Rookie, B-LEAGUE ,puma,points,morning,5,sky,10545,"13,612",4260,£9193,£10628,8178,5705,"18,464",16221,missing
19/04/2024,football,Synthetic,missing,mixed,pre-Season,DRY,outdoor,-999,rookie,a-League,nike,missing,evening,3,NA,8044,8281,£569,missing,£10612,£5472,12440,£13934,17050,19643
14/05/2024,RUNNING,Grass,amateur,women,REGULAR,hot,outdoor,bears,veteran,a-league,wilson,Sets,night,5,sky,44,7977,11192,£18516,£5250,13558,18,4107,8885,missing
2023-05-06, basketball ,NaN,INTERNATIONAL,women,NaN,Hot,INDOOR,-999,veteran,a-league,adidas,GOALS,morning,1,sky,£11116,NA,7146,1846,5266,£13834,15177,"13,491",9495,2445
,cricket,clay,amateur, women ,regular,Hot,-999,sharks,NA,c-league,nike,points,Evening, 4 ,bbc,NaN,19697,,£18085,13061,£16350,£12304,5536,11137,17984
2024-02-03,RUNNING,ROAD,Pro,mixed,regular,Hot,OUTDOOR,lions,ROOKIE,A-LEAGUE,adidas,,Night,4,espn,3245,missing," 4,641",1706,missing,9488,7662,2802,7915,17784
"Aug 18, 2024",running,HARDCOURT,pro,,PRE-SEASON,Windy,indoor,wolves,INTERIM,B-LEAGUE,Adidas,points,missing, 2 ,Espn,241,£11115," 4,079"," 3,570",18426,3636,£10132,3532,£8101,10265
24/11/2023,NA,Hardcourt,amateur,men,pre-season, WINDY ,indoor,LIONS,-999,B-LEAGUE,nike,runs,EVENING,4,sky,£4434,15830,18850,3747," 6,828",9525,"18,896",5567,13515,10810
2024-06-24,rugby,Clay,NA,women,NaN,WINDY,indoor,SHARKS, rookie ,-999,ADIDAS,POINTS,EVENING,1,sky,17759,13139,11810,5406,10657," 2,265","18,649"," 5,838",NaN,-999
"May 13, 2021",Cricket, indoor ,international,NA,Regular,wet,INDOOR,Wolves,rookie,-999,puma,runs,afternoon,4,Espn,," 7,195",8754,7741,£8188,17338,11624,missing,19769,10239
14/01/2024,football,grass,INTERNATIONAL,mixed,regular,hot,Indoor,sharks,NaN,C-League,PUMA,sets,Evening,2,sky,-999,-999,3268,4368,4148,10431,11650,18410," 1,392",9544
26/01/2024,running,hardcourt,PRO,WOMEN,-999,windy,INDOOR,lions,VETERAN,c-league,nike,Points,night,3,Sky,2018,19369,"19,330",,4542,NA,£7325," 2,438",10914,missing
30/10/2024,basketball,indoor,,Women,playoffs, SNOWY ,outdoor,missing,interim,C-LEAGUE,adidas,Goals,evening,4,sky,15353,2323,10322,4801," 5,444",NA,5055,19403,19154,NaN
2024-12-12,Cricket,road,pro,missing,playoffs,-999, outdoor ,LIONS,NaN,NaN,puma,sets,afternoon, 3 ,sky,11279,18286,8313,3575,£14219,5867,NA,NaN,5950,£13168
09/04/2022,football,HARDCOURT,Amateur,women,,Hot,outdoor,lions,interim,B-League,WILSON,Goals,afternoon,1,NA,15161,5130,-999,NaN,£9265,NA,12300,NaN,6991,-999
24/11/2023,CRICKET,INDOOR,International, Women ,PRE-SEASON,windy,outdoor,EAGLES,rookie,C-LEAGUE,PUMA,POINTS,night,NaN,missing," 5,911","10,612",1854," 1,709",£4110," 5,571"," 3,226",5593,310,"18,757"
01/06/2022,Tennis,indoor,NaN,mixed,Pre-Season, Hot ,outdoor,eagles,veteran, B-League ,adidas,points,missing,missing,Bbc,£4101,£342,10797,10313,17453,19428,-999,19337,336,£3144
26/06/2024,football,road,amateur,men,playoffs,hot,Outdoor,SHARKS,rookie,A-League,Wilson,points,AFTERNOON,missing,nbc,1806,8699,-999,119,"19,089",7849,£14011,12263,11303,8717
03/09/2022,rugby,SYNTHETIC,Pro,mixed,PRE-SEASON,-999,outdoor,lions,veteran,a-League, puma ,NaN,night,3,Bbc,15279,8183,6328,1907,NA,18062,,NA,-999,11337
09/04/2023,tennis,NA,missing,MIXED,pre-season,hot,indoor,lions,rookie,A-League,,sets,night, 5 ,espn,11524,£15538,10268,6719,17410,,,19590,£5857,7110
missing,basketball,INDOOR,pro,mixed,NA,snowy,outdoor,eagles,interim,c-league,Wilson,points, morning ,5,bbc,11568,4872,6164,£19423,6836,15884,6640,£4728,15280,8247
,tennis,ROAD, Amateur ,MIXED,Pre-Season,snowy,indoor,eagles,INTERIM,c-league, Wilson ,Sets,evening, 3 ,Bbc,19660,"19,196",£6608,"16,324",16442," 4,628",£8334,17606,13487,12642
2023-05-07,TENNIS,Hardcourt, amateur ,MEN,pre-season,,indoor,TIGERS,Interim,c-league,PUMA,points,AFTERNOON,1,BBC,£8486,14107,7661," 1,809",11463,19963,14711,17392,777,836
2021-06-03,football,HARDCOURT,amateur,Mixed,Pre-Season,dry,outdoor,tigers,rookie,b-League,nike,points,evening,3, Espn ,"18,230",NA," 1,855",3835,3046," 7,936"," 2,460",7951,NA,£18286
2021-10-25,,HARDCOURT,Pro,women,Playoffs,Dry,outdoor,eagles,rookie,c-league,nike,Sets,AFTERNOON,2,BBC,NA,10231,18433,17740,12165,11448,5225,7819,6531,"19,064"
"Aug 11, 2022",cricket,Road,Pro,Women,missing,-999,outdoor,wolves,interim,c-League,nike,Runs,Evening,NaN,espn,3533,209,£7719,9701,£17336,£2568,8049,18290,NaN,16983
2021-04-23,NaN,Indoor,semi-pro,men,REGULAR,SNOWY,outdoor,BEARS,VETERAN,NaN,nike,points,night,2,espn,NaN,£16882,5822,17869,£9940,19957,NaN,2279," 2,640",1795
09/01/2023,tennis,road,amateur,NaN,regular,Hot,outdoor,Lions,ROOKIE,a-League, PUMA , POINTS ,afternoon,5,BBC,3287,£2074,19112,£7989,,£7263,488,£19296,16416," 5,013"
2024-08-26,FOOTBALL,CLAY,Semi-Pro,women,pre-Season,snowy,outdoor,wolves,Veteran, c-league ,Puma,Sets, Night ,3,sky," 9,684",13030,£14891,5893,11960," 1,212"," 5,060"," 9,709",19211,5446
NA,Basketball,INDOOR,pro,MIXED,playoffs,dry,indoor,Bears,INTERIM,b-league,nike,goals,missing,3,nbc,"12,073"," 8,446",1914,13667,15805,3282,4851,14207,13463,8836
missing,,SYNTHETIC,semi-pro,Mixed,Pre-Season,wet,indoor,BEARS, rookie ,b-league,Wilson,runs,EVENING,2,sky,NaN,£13836,£12346,NaN,12080,6826,£2630,£156,missing,£5266
02/09/2021, FOOTBALL , SYNTHETIC ,amateur,MIXED,Regular,Hot,indoor,tigers, veteran ,A-League,puma,runs,NIGHT,1,Sky,NaN,9334,11609,12133,£2686,£5475,missing,2329,4015,15149
2023-05-25, BASKETBALL , hardcourt ,international,men,playoffs,WINDY,indoor,tigers,veteran,C-League,Puma,runs,night,1,sky,13176,-999,867," 1,388",£3659,98," 9,917",5379,841,7215
14/01/2022,BASKETBALL,indoor,international,Mixed,pre-season,Snowy,Indoor,tigers,INTERIM,B-League,adidas,NA,MORNING,3,sky,12171,-999,19463,16442,2825,13780,207,£15503,,16240
2024-07-30,running, grass ,missing,men,Regular,snowy,indoor,sharks,NaN,a-league,adidas,missing,evening,4,nbc,19223," 1,122",£8127,19962,,9734," 6,019",£162,6043,12443
2023-08-19,TENNIS,Indoor,semi-Pro,WOMEN,pre-season,NaN,INDOOR,sharks,veteran,c-league,wilson, sets ,Morning,1,sky," 6,761",4583,   563,14536,4752," 3,043",   281,538,NaN,
21/07/2022,basketball,clay,missing,men,regular,windy,missing,,interim,a-league,ADIDAS,GOALS,night,5,sky,"16,248",£6000,12722,2974," 8,981",missing,3716,£12457,11301,NaN
13/02/2021,NaN,clay, international ,mixed,REGULAR,dry,indoor,lions,ROOKIE,missing,nike,,evening,3,NaN,£18593,11410,6582,£8326,£12381,16772,16564,16059,£3121,2500
13/02/2022,,Synthetic,semi-Pro,missing,playoffs,Snowy,Indoor, lions ,INTERIM,C-LEAGUE,adidas,runs,night,2,sky,£11258,"14,444",,6182," 7,939",£5675,NaN,5616," 3,346",4370
01/05/2024,football,GRASS,pro,women,Playoffs,snowy,INDOOR,wolves,interim,A-LEAGUE,WILSON,goals,night,1, sky ,1153,1699,-999,"12,551"," 2,535",15496,£8671,4815,-999,19541
29/11/2022,cricket,,SEMI-PRO,Men,pre-Season,Dry,Outdoor, wolves ,ROOKIE,A-League,Wilson,NaN,evening,3,Nbc,17417,4946,3173,2115,10325,3370," 7,090",3155,£17412,NA
2023-04-27,Tennis,SYNTHETIC,SEMI-PRO,WOMEN,REGULAR,SNOWY,indoor,BEARS,interim,a-league,NIKE,points,morning,NA,Nbc,"16,172",4738,NaN,£7306,19237,3825,£19390,8913,£10346,13769
2022-11-07,CRICKET,SYNTHETIC,international,men,Pre-Season,wet,outdoor,sharks,Rookie,NaN,nike,SETS,night,1,NBC,3604,NaN,NA,19526,16436,-999,17641,-999,NaN," 5,073"
2021-02-03,rugby,Indoor,pro,missing,NaN,windy,indoor,SHARKS,VETERAN,B-League,adidas,sets,,4,nbc,19200,16499," 5,854",17073," 2,368",16768," 6,115",4744,9372,121
30/12/2024,Football,Grass,INTERNATIONAL,men,-999,snowy,outdoor,sharks,Interim,A-LEAGUE, adidas ,GOALS,NIGHT,2,sky,13334,74,15124,1608,"12,417",18827,£1485,£7847,18344,7444
2021-09-21,rugby,INDOOR,AMATEUR,women,REGULAR,WET,NA,sharks,rookie,A-LEAGUE,nike,runs,,3,espn,£1811,£19954,,NaN,£3200,18335,18836,NA,19514,NaN
08/11/2024,RUGBY,synthetic,AMATEUR, MIXED , PRE-SEASON ,snowy, Indoor ,LIONS,rookie,b-league,ADIDAS, points ,afternoon,5,BBC,£11555,16296,19861,1997,£7719,," 2,974",£7657,6719,£15987
2021-04-26,running,clay, international ,,regular,snowy,indoor,SHARKS,veteran,B-LEAGUE,adidas,sets,MORNING,4,NA,11855,NA,5325,11125,14350,NA,13092,8471,£16623,£19599
20/05/2021, basketball ,INDOOR,international,mixed,playoffs,snowy,outdoor,SHARKS,veteran,a-League,adidas,goals,night, 1 ,NA,12248,1607,£14133,14360,£11432," 8,982",3313,9348,18652,£4796
01/12/2024,cricket,Road,AMATEUR,Mixed,playoffs,SNOWY,indoor,lions,interim,C-League,Adidas, POINTS ,EVENING,4,BBC,4685,NA,1556,"14,980"," 5,566",NA,£18737," 1,519",6456,"18,775"
2021-10-11,Running,Synthetic, pro ,women,regular,wet,INDOOR,Sharks,,a-league, NIKE ,points,evening, 1 ,Espn,"13,730",4060,-999,missing,7562,£3486,4918,missing,4003,5966
09/07/2023,tennis,INDOOR, amateur ,Women, playoffs ,dry,-999,missing,ROOKIE,NaN,Nike, runs ,Morning,3,NBC,£11985,7388,"15,853",,6389,14869,9636,-999,9132," 4,512"
2021-10-16,cricket,indoor,amateur,men,playoffs,HOT,OUTDOOR,Bears,veteran,,adidas, Runs ,morning,2,nbc,17923,6808,6414,17366," 4,590",6884,623,10781,18260,£10904
NA,Tennis,road,pro,men,playoffs,WINDY,outdoor,EAGLES,VETERAN,,Puma,sets,Evening,1,espn,-999,14242,-999,-999,5950,19792,£13018,2367,11484," 4,871"
"Oct 24, 2021",basketball,hardcourt,SEMI-PRO,missing, Regular ,windy,Outdoor,lions,interim,C-LEAGUE,puma,runs,NA,5,espn,"11,221",missing,"17,609",14045,NaN,16015,8007,£2310,19566,4275
2022-06-20,basketball,hardcourt,PRO,mixed, regular ,hot,Indoor,lions,veteran,c-League,nike,-999,Afternoon,4,sky,£4800,"11,871",missing," 5,472",3555,14355," 6,505",£6010,NA,£4930
"Feb 14, 2024",cricket,Grass,NaN,NA,missing,Hot,INDOOR,sharks,Veteran,A-LEAGUE,adidas,NA, EVENING ,2,bbc,11103,missing,16856,19980,4975,£10394,£12194,19658,1441,£9951
03/06/2024,CRICKET,road,missing,Men,Pre-Season,windy,outdoor,Eagles,NA,b-league,PUMA,POINTS, evening ,5,sky,-999,14564,3448,17218,"16,859",NA," 7,992",8626,£12839,16263
25/02/2022,running,INDOOR,missing,women,NA,Windy,OUTDOOR,Eagles,Interim, b-league ,ADIDAS,runs,-999,5,nbc,424,"18,451",2994,18223,12206,2752,11435,226,£6199,19361
2021-01-14,TENNIS,GRASS,INTERNATIONAL,women,pre-Season,-999,Outdoor,missing,Interim,b-league,Nike,SETS,AFTERNOON,1,bbc," 6,423",5872,£15338," 5,551",12485,19236,14160,missing,9859,"12,505"
10/01/2022,-999,Grass,pro,women,pre-Season,dry,Outdoor,BEARS,VETERAN,C-LEAGUE, puma ,sets,morning,2,sky,218,NA,795,£17446,£10113,14707,£12547,NA,11011," 1,252"
08/04/2024,cricket,ROAD,amateur,MEN,missing,-999,indoor, Lions ,veteran,a-League,NIKE,Points,afternoon,4,SKY,4847,15636,missing,NA,£19942,,,10826,NaN,12476
2023-11-15,rugby,hardcourt,semi-pro,mixed,pre-season,HOT,outdoor,wolves,rookie,c-league,puma,SETS,morning,5,bbc,18243,3846,-999,19302,8251,2263,73,£7384,£7071,14474
2021-09-30,cricket,indoor,pro,mixed,,hot,outdoor,,VETERAN,b-League,WILSON,goals,MORNING,4,BBC,11443,6179,8638,missing,18877,£11403,NaN,-999,NaN,4047
03/10/2024, running ,CLAY,amateur,men,PRE-SEASON,dry,OUTDOOR,wolves,veteran,B-LEAGUE,Puma,Points,NIGHT,3,BBC," 9,705"," 4,309",6716,5288,"12,044",£670,1589,19700,14675,18448
2024-08-13,Rugby,CLAY,PRO, MIXED ,pre-season,snowy, indoor ,Sharks,NA,b-league,Adidas,runs,evening,2,missing,12560,   367,£9670,10817,4517,3390,6435,3876,,-999
2021-07-16,football,clay,SEMI-PRO,men,pre-season, windy ,outdoor,sharks,interim,b-league,Adidas,Runs,Night,3,Bbc,£3186,£17607,," 7,922",8721,9540,£13529,7853,4605,1036
21/03/2024,Tennis,Indoor,international,men,NA,snowy,missing,lions,Interim,B-League,-999,POINTS,morning,4,bbc,15795,7607,9729,10432,3906,12281," 9,440","19,866",10697,£7767
"Mar 02, 2021",cricket,grass,NaN,mixed,regular,windy,Indoor,BEARS,rookie,c-league,Nike,RUNS,evening,4,bbc,-999,19332,2277,£3264,£17402,-999,14978,1386,9442,16799
2024-11-14,Cricket,grass,semi-pro,mixed,Pre-Season,NA,INDOOR,Tigers,rookie,C-LEAGUE,nike,points,AFTERNOON,4,bbc,11018,"10,453",£16775,£9862,£14315,," 3,700",3269,3021,13540
-999,rugby,NA,amateur,women,pre-season,Snowy,outdoor,wolves, Veteran ,a-league,Puma,missing,afternoon,2,missing,3127,9128,missing,£15742,missing," 9,925",£3240,11823,16007,1198
2022-12-24,RUGBY,NaN,amateur,Mixed,PLAYOFFS,NA,OUTDOOR,BEARS,interim,c-league,nike,points,evening,1,Bbc,£10652,1578,19303,18039,14890,4936,,9701,9457,"17,864"
"Jun 24, 2023",football,Road,INTERNATIONAL,men,pre-season,DRY,indoor,TIGERS, Veteran ,c-league,Adidas,,evening,1,Sky,15656,15585,14286,£6522,£2269,18927,3423,£61,15568,5329
24/05/2022,FOOTBALL,Indoor,,women, regular ,snowy,outdoor,bears, interim ,-999,nike,sets,night,NA,espn,7358,8962,1400,3448," 5,477",15344,missing," 8,668",NaN,11762
2023-03-30,running,grass,semi-Pro,Men,pre-season,WET,indoor, bears ,interim,c-League,WILSON,runs,afternoon,2,sky,16425,14272,NaN,"13,782",16299,£11017,5590,£12904,£19868,5660
2024-11-17,running,Grass,pro,men, regular ,HOT,NaN,bears,ROOKIE,A-League,Wilson,POINTS,Evening,2,espn,£10434,4977,15997,,"10,959",-999,£17405,-999,£10351,£19527
27/02/2022,missing,CLAY, Pro ,men,PRE-SEASON,wet,NaN,sharks,Interim,a-league,puma,Goals,missing,-999,sky,£3983," 5,068",,7851,17021,£16656,NA,NA,7117,14557
2022-01-08,CRICKET,grass,Pro,women,regular,dry,INDOOR,eagles,rookie,a-league,Nike,runs,night,1,sky,£5700,8656,18309,"16,612",19654,NaN,10484,£8770,5819,
2021-04-29,basketball,INDOOR,amateur,,,hot,OUTDOOR,wolves,NaN,a-league,Puma,sets,evening,1,SKY," 7,002",18850," 9,169",£1193,5723,£7029,"18,566",1983,missing,14306
29/06/2024,missing,Grass,Amateur,Women,Pre-Season,,missing,eagles,veteran,b-league,wilson,Goals,evening,5,Sky,17754,12764,£15540,£15262,312,missing,1625," 6,780","18,701",538
09/08/2021,Football,Grass,Pro, mixed ,PRE-SEASON, Hot ,outdoor,sharks,interim,NaN,-999,points,Afternoon,2,,17422,11008,£17615,17355,15500,£2372,11980,£14028," 7,281"," 7,696"
24/12/2023,basketball,NaN,semi-pro,missing,pre-season,snowy,Indoor,Wolves,interim,a-League,adidas,runs,evening,,bbc,1686,8695,£2028,£17207,-999,5118,2209,£5692,1870,12624
2023-01-19,running,SYNTHETIC,,Mixed,PRE-SEASON,SNOWY,indoor, wolves ,veteran,,puma, sets ,morning,5, bbc ,528,8161,£9131,12871,   268,£2954,15797,150," 7,510",6316
16/12/2021,rugby,clay,semi-pro,mixed,Playoffs,wet,indoor,eagles,interim,b-league,Adidas,sets,Night,missing,Nbc,15428,"10,287",6451,," 5,714",11459,498,722,"18,677",£13548
13/11/2022,rugby,NaN,Pro,men,REGULAR,Wet,missing,NA,veteran,C-League,nike, sets ,evening,4,SKY,10761,-999,14090," 9,938",9149,missing,,13197,-999,2088
"Jul 06, 2022",Cricket,road,international,mixed,regular,WET,outdoor,eagles,rookie,c-League,PUMA,goals,morning,4,nbc,2116,-999,5747,-999,2858,£19833,19024,"13,574",3566,£12655
19/08/2023,tennis,Hardcourt,international,missing,REGULAR,,Outdoor,lions,VETERAN,A-League,Puma,points,morning,3,sky,4110,"16,982",12669,£1398,6234,£16037,NaN,5295,£4883,1556
missing,rugby,Hardcourt,amateur,mixed,PLAYOFFS,Wet,OUTDOOR,Wolves,Interim, B-League ,wilson,goals,morning,NA,espn,16897," 8,714",NA,9994,£16049,19275,17338," 3,942",8065,4778
"Oct 31, 2024",rugby,Road,PRO,NaN,playoffs, windy ,OUTDOOR,sharks,Veteran,b-League,,runs,Afternoon,1,Espn,7463,13114,NaN,-999,£15,9602,6413,£3284,17129,"14,139"
21/12/2024,cricket,Clay,semi-Pro,NA,REGULAR,Windy,INDOOR,,NaN,B-League,adidas,Sets,NaN,4,NBC,6061,£14742,322,16970,14248,NaN,£14998,£18752,£18870,6388
"Jan 27, 2021",missing,hardcourt, Amateur ,women,playoffs,Dry,OUTDOOR,bears,veteran,a-league, ADIDAS , points ,MORNING, 4 ,nbc,£11805,4060,18745,missing,4065,8718,5249,11113,£6811,7613
01/07/2022,cricket,synthetic,PRO,Men,pre-season,wet,outdoor,EAGLES,interim,c-League,Adidas, runs ,MORNING,5,SKY,10016,,NA,4074,missing,   221,4139,£2348,13894,6789
2022-12-25,rugby,missing,INTERNATIONAL,-999,playoffs,dry,-999, lions ,rookie,B-League,wilson,sets,Afternoon,missing,nbc,"12,729",£15058,7937,13982,13365,3103,9842,15905," 6,574"," 4,979"
2022-12-27,RUNNING,-999,international,women, playoffs ,dry,OUTDOOR,EAGLES,interim,,Nike,points,Afternoon,2,bbc,16656,£9238,8970,£10635,£14443,£15945,4816,£5106,£14803,£10432
2021-01-14,,CLAY,INTERNATIONAL, men ,regular,dry,indoor,Bears,Rookie,b-league,puma,points,NIGHT,3,sky,NA,"14,001",   746,8795," 8,622",£12181,13595,9705,," 2,311"
2023-04-02,tennis,-999,AMATEUR,men,pre-Season,windy,OUTDOOR,BEARS,veteran,NaN,NIKE,Points,AFTERNOON,2,ESPN,"18,910"," 9,627",14253,7740,NA,11030,19828,3216,12587,NA
19/04/2024,running,Synthetic,NaN,women,regular,wet,indoor,LIONS,veteran,c-league,adidas,Sets,night,2,,6981,-999,£694,£4970,£15336,NaN,£9020,2316,6406,£17953
2023-09-11,FOOTBALL,grass,pro,NA,missing,-999,outdoor,bears,veteran,b-league,puma,missing,AFTERNOON,3,bbc,19980,,19154," 3,436",£9585,3907,"10,444",£4280,NaN,8149
16/04/2023,tennis,ROAD,international,men,playoffs,missing, INDOOR ,bears,NaN,C-League,missing,goals,Evening,4,NaN,NaN,15118,£2869,£16014,8439,£18986,274,4051,2678,£8636
2021-12-05, RUGBY ,SYNTHETIC,international,men,pre-season,HOT,outdoor,tigers,Veteran,c-league,nike, goals ,MORNING,2,NBC,18893,£15372,1989,NA,£5959,15699,4052,10909,4439,£8547
20/06/2023,RUGBY,-999,SEMI-PRO,,regular,Wet,INDOOR,sharks,interim,B-LEAGUE,Adidas,runs,MORNING,5,Nbc,£6704,16145,8733,£15971,7970," 5,791",£6900,17177,9039,6787
2022-04-01,running,Clay,semi-Pro,Mixed,PRE-SEASON,SNOWY,Indoor,bears,-999,C-LEAGUE, puma ,Points,evening,5,bbc,13442,14674,10893,19430,-999,£18286,"15,483",9135,2641,19962
2023-03-03,Football,indoor,pro, Mixed ,regular,WINDY,Outdoor,NaN,VETERAN,C-League, nike ,runs,,1,bbc,,13419,9305,15381,"16,349",3038,8819,£3362,£16133," 7,914"
26/09/2024,NaN,Grass,AMATEUR,Mixed,Playoffs,Snowy,-999,TIGERS,veteran,,Adidas,Sets,night,5,espn,£18131,£10529,-999,2493,15946,6368,18459,£8062,10022,9237
"Nov 23, 2021",NaN,indoor,NA,men,Playoffs, WINDY ,Outdoor,tigers,rookie,C-LEAGUE,PUMA,runs,Morning,1,SKY,NA,15248,12091," 8,238",8065,NaN," 6,661",16131,"17,989",7065
"Oct 25, 2023",basketball,synthetic,amateur,women,pre-season,Wet,OUTDOOR,wolves,rookie,C-League,PUMA,runs,evening, 3 ,Espn,12284,8387,7043,18471,918,8000,£1705,13700,19079,3896
"Feb 15, 2022",basketball,-999,semi-pro,mixed,pre-season,windy,outdoor, tigers ,interim,,nike,Points,Afternoon,1, BBC ,1596,NA,19070,missing,NA,8714,351,"15,615",1388,"10,362"
17/11/2022,-999,missing,international,MEN,regular,snowy,outdoor,Bears,rookie,A-League,Adidas,Runs,EVENING, 3 ,NBC," 9,570",NA,£9985," 3,891"," 4,179",7310,3864,17429,£11958,NaN
NA,basketball,Indoor,PRO,mixed,Pre-Season,Hot,NaN,eagles,ROOKIE,b-League,puma,sets,morning,1,Bbc,£2633,1684,-999,NA,missing,4271,4521,15386,2385,490
2024-05-04,Running,Synthetic,international,women, pre-Season ,WET,indoor,Sharks,ROOKIE,NA,wilson,sets,evening,-999,missing," 7,928",17516,£7215,NA,£12821,12490,7480,14014,17104,1487
"Nov 01, 2023",,Indoor,International, women ,playoffs,dry,indoor,Wolves,interim,missing,puma,sets,night,2,espn,,9785," 3,834",£18413,19909,£9927,£5052,13081,3280,£9376
27/03/2022,-999,indoor,international,mixed,pre-season,WET,,bears,VETERAN,c-League,adidas, goals ,afternoon,-999,NBC,"16,015",£2046,14300,-999,6107,19685,"11,014","19,023",,6115
2022-09-19,CRICKET,road,SEMI-PRO,Women,REGULAR,,outdoor,sharks, INTERIM ,b-league,puma,Runs,evening,1,sky,2810,"13,070",-999,19585,16824,18534,769,£2969,4389,"15,727"
14/09/2021,cricket,HARDCOURT,missing,men,NA,Windy,-999,tigers,missing,A-League,NaN,goals,morning,5,BBC,£10759,£8007,NA,   835,£14207,"17,264",15204,10703,-999,6901
19/07/2023,basketball,SYNTHETIC,PRO,-999,pre-season,windy,indoor,lions,interim,b-league,Puma,Points,Evening, 4 ,sky,-999,-999,17337,"14,404",16298,7845,7999,5351,5591,7801
2023-04-03,FOOTBALL,NA,Amateur,women,Regular,missing, outdoor ,Tigers,NaN,B-LEAGUE,missing,Goals,morning, 1 ,missing,12292,"11,295",4568,12963,NA,£5044,50,-999,637," 5,622"
missing, Tennis ,Clay,,mixed,playoffs,Hot,outdoor,NA,interim,c-league,-999, goals ,evening,3,espn,missing,£7033,19326,£2861,"10,042",10111," 7,773",10981,15200,15392
"Dec 16, 2022",Rugby,SYNTHETIC,International,men,PRE-SEASON,dry,Outdoor, lions ,Rookie,A-League,puma,-999,evening, 4 ,SKY,17882,14653,15291,missing,£8510,£4591,3368,£828,"12,805",11233
03/04/2023,tennis,clay,amateur,men,PLAYOFFS,NA,outdoor,LIONS,interim,b-League,NIKE,GOALS,night,3,SKY,2430,£3492,631,£4108,5063,"12,518",5785,5279,£5035,missing
20/01/2022,basketball,grass,AMATEUR,men,pre-season,wet,outdoor,, interim , c-league ,puma,points,morning,1,espn,10317,missing,4196,   442,11681,3556,missing,15635,12012,15659
"Nov 05, 2023",Running,grass,pro,women,Regular,wet,outdoor,WOLVES,INTERIM,c-league,Adidas,sets,night,1,Sky,NaN,16074,"13,747",1078,18602,£343,NA,14570,£13994,"13,371"
2021-05-06,cricket,ROAD,pro,Mixed, PRE-SEASON ,windy,INDOOR,lions,veteran,C-LEAGUE,Wilson,Runs,evening,5,Sky,13432,3262,7808,8328,5422,16045,12351,,£7416,£18029
2024-12-19,FOOTBALL,grass,Amateur,WOMEN,playoffs,WET, outdoor ,lions,missing,C-LEAGUE,nike,GOALS,,2,espn,3042,9996,,17077,NaN,19093,"18,020","13,342",8347,£15533
23/01/2024,rugby,SYNTHETIC,missing,women, Regular ,NaN,indoor,NA,interim,a-League,puma,runs,morning,1,sky,missing,18332,517,missing,584,£4244,-999,5441,NaN," 9,496"
NaN,Rugby,Road,international,,PLAYOFFS,-999,outdoor,SHARKS,rookie,c-league,wilson, sets ,MORNING, 3 ,bbc,NaN,,NA,1702,15598,15014,7971,11928,£7799," 1,254"
2021-10-20,running, ROAD ,semi-pro, mixed ,pre-season,Wet,Indoor,Wolves,interim,a-League,wilson,Points,Night,5,NaN,NA,18833,6888,64,17128,£8381,3160,16866,-999,2763
09/07/2022,football,NA,NA,men,playoffs,SNOWY,indoor,-999,VETERAN,B-League,puma,sets,MORNING,2,SKY,£5099,   147,14527,2721,-999,£13421,1569,£455,2789,£12592
15/08/2021,missing,Road,pro,men,PRE-SEASON,dry,outdoor,sharks,Rookie,c-league,NaN,NA,afternoon,1,nbc,8822,£2167,10491,871,"12,321",6724,2507,NA,3870,2846
15/11/2023,cricket,grass,semi-pro,men,pre-season,NaN,Outdoor,tigers,rookie,a-league,PUMA,sets,night,2,BBC,6588,8742," 3,986",NA,16679,11524,10730," 5,869"," 5,866",983
"Jun 22, 2023",basketball,clay,PRO,men,playoffs,SNOWY,outdoor,TIGERS,veteran,C-League,puma,GOALS,morning,1, nbc ,16446,14463,NaN,missing,4287,3863,"10,459",18527,   208,8818
2023-01-12,BASKETBALL,hardcourt,NaN,Mixed,playoffs,Windy,indoor,lions,Rookie,A-LEAGUE,Nike,Runs,NA,5,-999,8210,19334,13254,£10289,   603,12651,£18677,4626,17551,"15,654"
2022-08-27,running,NaN,semi-Pro,WOMEN,PRE-SEASON,Windy,indoor,tigers,Veteran,b-league,PUMA,Runs,night,2, espn ,£997,12813,11015,628,2469," 4,508",£4,9270,£16106," 5,310"
2024-11-07,football,Clay,amateur,mixed,PRE-SEASON,WINDY,indoor,bears,veteran,-999, puma ,Goals,MORNING,1,bbc,18722," 1,896",10348,9318,4197,£2684," 8,261",£8166,,3644
01/07/2023,NaN,INDOOR,Amateur,Mixed,Pre-Season,HOT,outdoor,Bears,rookie,a-league,NIKE,sets,NA,2,espn,7921,13686,4778,15881,6934,97,13943,4004,19058,2880
13/08/2022,Running,HARDCOURT,amateur,Mixed,PLAYOFFS,hot,outdoor,missing,interim,,Puma,NA,evening,1,NaN," 9,081",3444,NaN,£13091,NaN,5716,13357,1487,,6402
2023-09-24,tennis,SYNTHETIC,SEMI-PRO,women,-999,Wet,outdoor,Bears,interim,c-league,wilson,Sets,night,2,espn,£1485,1101,7726,18651,£19284,13178,4364,"15,283",205," 3,013"
15/04/2021,-999,hardcourt,Amateur,MEN,NA,hot,outdoor,Tigers, veteran ,NA,NaN,runs,evening,4,espn,12654,8376," 1,566",19268,NaN,10862,13704,19583,,6465
2022-01-21,football,grass,semi-pro,women,PRE-SEASON,missing,indoor,Sharks,Veteran,b-league,wilson,runs,evening,NaN,bbc," 2,704",1723," 6,493",NaN,13118,17595,   102,9240,3269,14280
"Jun 10, 2021",Football,grass,NA,Men,,SNOWY,Outdoor,-999,rookie, A-LEAGUE ,Nike,GOALS,Night,2,sky,17295,18295,£631,"19,396",,419,-999,-999,4785,"16,388"
17/03/2021,running,grass,pro,men,regular,windy,OUTDOOR,bears,NA,c-league,Puma,Sets,Afternoon,1,Sky,15003,19258,13030,18030,11385,£11004,11070,"11,994",10499,£4941
2023-08-18,Basketball,NaN,amateur,women,Regular,Windy,indoor,eagles,Interim,A-League,NIKE,,EVENING,3,SKY,3990,3379,missing,8304,8211,,2858," 4,483",NA,14246
28/10/2024,NaN,SYNTHETIC,International,MEN,Pre-Season,wet, INDOOR ,NaN,rookie,c-League,puma,sets,-999,4,nbc,NA," 4,487",10670,16872,NA," 7,609",3439,9224,17634,NaN
07/10/2022,Cricket,NaN,pro,men, playoffs ,-999,Indoor,Bears,ROOKIE,c-league,puma,sets,morning,1,nbc,11698,3432,8730,5818,17358,£19824,£19932,missing,16455,"18,503"
2024-10-30,,synthetic,international,mixed,-999,hot,indoor,EAGLES,rookie,c-league,wilson,points,Morning,3,SKY,-999,2890,15632,2677,,12346,12108,7489," 8,783",5782
